year,team,player,round_kept_in,pick_in_round,overall_pick,keeper_number,keeper_status,keeper_limit_status,acquisition_basis,waiver_baseline,waiver_acquisition_type,waiver_acquisition_team,waiver_acquisition_date,previous_team,previous_year_round,previous_was_keeper,original_draft_year,original_draft_round,original_draft_team,expected_round,round_matches_rule,known_round_exception,rule_status,next_keeper_round,next_season_status
2020,Big Sack Jack,Melvin Gordon III,5,3,51,1,1st-Year Keeper,Within Keeper Limit,Prior Draft,False,,,,Big Sack Jack,6.0,False,2019.0,6.0,Big Sack Jack,5,True,False,Matches Keeper Rule,4.0,Eligible — Round 4
2020,Joe Mantegna,Miles Sanders,10,6,114,1,1st-Year Keeper,Within Keeper Limit,Prior Draft,False,,,,Joe Mantegna,5.0,False,2019.0,5.0,Joe Mantegna,4,False,True,Historical Round Exception,9.0,Eligible — Round 9
2020,Malle ❤️ 🐸,Kareem Hunt,7,5,77,1,1st-Year Keeper,Within Keeper Limit,Prior Draft,False,,,,Malle ❤️ 🐸,8.0,False,2019.0,8.0,Malle ❤️ 🐸,7,True,False,Matches Keeper Rule,6.0,Eligible — Round 6
2020,Patty Primetimes,Lamar Jackson,8,2,86,1,1st-Year Keeper,Within Keeper Limit,Prior Draft,False,,,,Patty Primetimes,9.0,False,2019.0,9.0,Patty Primetimes,8,True,False,Matches Keeper Rule,7.0,Eligible — Round 7
2020,Pop Lockett Drop it,Josh Jacobs,3,12,36,1,1st-Year Keeper,Within Keeper Limit,Prior Draft,False,,,,Pop Lockett Drop it,4.0,False,2019.0,4.0,Pop Lockett Drop it,3,True,False,Matches Keeper Rule,2.0,Eligible — Round 2
2020,Post Mahomes,Kyler Murray,9,2,98,1,1st-Year Keeper,Within Keeper Limit,Prior Draft,False,,,,Post Mahomes,10.0,False,2019.0,10.0,Post Mahomes,9,True,False,Matches Keeper Rule,8.0,Eligible — Round 8
2020,Uncle Rico,Derrick Henry,3,4,28,1,1st-Year Keeper,Within Keeper Limit,Prior Draft,False,,,,Uncle Rico,4.0,False,2019.0,4.0,Uncle Rico,3,True,False,Matches Keeper Rule,2.0,Eligible — Round 2
2020,Voldemort,Terry McLaurin,10,5,113,1,1st-Year Keeper,Within Keeper Limit,Waiver / Free Agent,True,Waiver,Voldemort,"Sep 11, 4:42 am",,,False,,,,10,True,False,Matches Keeper Rule,9.0,Eligible — Round 9
2021,Big Sack Jack,Patrick Mahomes,1,7,7,1,1st-Year Keeper,Within Keeper Limit,Prior Draft,False,,,,Big Sack Jack,2.0,False,2020.0,2.0,Big Sack Jack,1,True,False,Matches Keeper Rule,1.0,Eligible — Round 1
2021,Ginger FC,DK Metcalf,4,7,43,1,1st-Year Keeper,Within Keeper Limit,Prior Draft,False,,,,Ginger FC,5.0,False,2020.0,5.0,Ginger FC,4,True,False,Matches Keeper Rule,3.0,Eligible — Round 3
2021,Joe Mantegna,Miles Sanders,9,2,98,2,2nd-Year Keeper — Final Year,Final Eligible Keeper Year,Prior Keeper,False,,,,Joe Mantegna,10.0,True,2019.0,5.0,Joe Mantegna,9,True,False,Matches Keeper Rule,,Must Return to Draft Pool
2021,Malle ❤️ 🐸,Damien Harris,14,8,164,1,1st-Year Keeper,Within Keeper Limit,Prior Draft,False,,,,Malle ❤️ 🐸,15.0,False,2020.0,15.0,Malle ❤️ 🐸,14,True,False,Matches Keeper Rule,13.0,Eligible — Round 13
2021,Patty Primetimes,Josh Allen,6,10,70,1,1st-Year Keeper,Within Keeper Limit,Prior Draft,False,,,,Uncle Rico,7.0,False,2020.0,7.0,Uncle Rico,6,True,False,Matches Keeper Rule,5.0,Eligible — Round 5
2021,Pop Lockett Drop it,Stefon Diggs,4,2,38,1,1st-Year Keeper,Within Keeper Limit,Prior Draft,False,,,,Pop Lockett Drop it,5.0,False,2020.0,5.0,Pop Lockett Drop it,4,True,False,Matches Keeper Rule,3.0,Eligible — Round 3
2021,Post Mahomes,Kyler Murray,8,4,88,2,2nd-Year Keeper — Final Year,Final Eligible Keeper Year,Prior Keeper,False,,,,Post Mahomes,9.0,True,2019.0,10.0,Post Mahomes,8,True,False,Matches Keeper Rule,,Must Return to Draft Pool
2021,The Big Gronkowski,Darren Waller,5,12,60,1,1st-Year Keeper,Within Keeper Limit,Prior Draft,False,,,,The Big Gronkowski,6.0,False,2020.0,6.0,The Big Gronkowski,5,True,False,Matches Keeper Rule,4.0,Eligible — Round 4
2021,ThreatLevelMidnight,Mike Davis,10,3,111,1,1st-Year Keeper,Within Keeper Limit,Waiver / Free Agent,True,Waiver,ThreatLevelMidnight,"Sep 23, 4:25 am",,,False,,,,10,True,False,Matches Keeper Rule,9.0,Eligible — Round 9
2021,Uncle Rico,Derrick Henry,2,12,24,2,2nd-Year Keeper — Final Year,Final Eligible Keeper Year,Prior Keeper,False,,,,Uncle Rico,3.0,True,2019.0,4.0,Uncle Rico,2,True,False,Matches Keeper Rule,,Must Return to Draft Pool
2021,Voldemort,Justin Jefferson,11,8,128,1,1st-Year Keeper,Within Keeper Limit,Prior Draft,False,,,,Pop Lockett Drop it,12.0,False,2020.0,12.0,Pop Lockett Drop it,11,True,False,Matches Keeper Rule,10.0,Eligible — Round 10
2021,malle_dips_pouches,Jerry Jeudy,8,9,93,1,1st-Year Keeper,Within Keeper Limit,Prior Draft,False,,,,malle_dips_pouches,9.0,False,2020.0,9.0,malle_dips_pouches,8,True,False,Matches Keeper Rule,7.0,Eligible — Round 7
2022,Big Sack Jack,DJ Moore,3,7,31,1,1st-Year Keeper,Within Keeper Limit,Prior Draft,False,,,,Big Sack Jack,4.0,False,2021.0,4.0,Big Sack Jack,3,True,False,Matches Keeper Rule,2.0,Eligible — Round 2
2022,Ginger FC,Leonard Fournette,7,10,82,1,1st-Year Keeper,Within Keeper Limit,Prior Draft,False,,,,Ginger FC,8.0,False,2021.0,8.0,Ginger FC,7,True,False,Matches Keeper Rule,6.0,Eligible — Round 6
2022,Joe Mantegna,Justin Herbert,5,12,60,1,1st-Year Keeper,Within Keeper Limit,Prior Draft,False,,,,Joe Mantegna,6.0,False,2021.0,6.0,Joe Mantegna,5,True,False,Matches Keeper Rule,4.0,Eligible — Round 4
2022,Malle ❤️ 🐸,Adam Thielen,3,9,33,1,1st-Year Keeper,Within Keeper Limit,Prior Draft,False,,,,Malle ❤️ 🐸,4.0,False,2021.0,4.0,Malle ❤️ 🐸,3,True,False,Matches Keeper Rule,2.0,Eligible — Round 2
2022,Patty Primetimes,Travis Etienne Jr.,14,9,165,1,1st-Year Keeper,Within Keeper Limit,Prior Draft,False,,,,Patty Primetimes,15.0,False,2021.0,15.0,Patty Primetimes,14,True,False,Matches Keeper Rule,13.0,Eligible — Round 13
2022,Pop Lockett Drop it,Hollywood Brown,10,7,115,1,1st-Year Keeper,Within Keeper Limit,Prior Draft,False,,,,Pop Lockett Drop it,11.0,False,2021.0,11.0,Pop Lockett Drop it,10,True,False,Matches Keeper Rule,9.0,Eligible — Round 9
2022,Post Mahomes,Cam Akers,11,1,121,1,1st-Year Keeper,Within Keeper Limit,Prior Draft,False,,,,ThreatLevelMidnight,12.0,False,2021.0,12.0,ThreatLevelMidnight,11,True,False,Matches Keeper Rule,10.0,Eligible — Round 10
2022,The Big Gronkowski,Cooper Kupp,2,10,22,1,1st-Year Keeper,Within Keeper Limit,Prior Draft,False,,,,The Big Gronkowski,3.0,False,2021.0,3.0,The Big Gronkowski,2,True,False,Matches Keeper Rule,1.0,Eligible — Round 1
2022,ThreatLevelMidnight,Elijah Mitchell,10,5,113,1,1st-Year Keeper,Within Keeper Limit,Waiver / Free Agent,True,Waiver,ThreatLevelMidnight,"Sep 15, 2:20 am",,,False,,,,10,True,False,Matches Keeper Rule,9.0,Eligible — Round 9
2022,Uncle Rico,Ja'Marr Chase,6,2,62,1,1st-Year Keeper,Within Keeper Limit,Prior Draft,False,,,,Uncle Rico,7.0,False,2021.0,7.0,Uncle Rico,6,True,False,Matches Keeper Rule,5.0,Eligible — Round 5
2022,Voldemort,Justin Jefferson,10,8,116,2,2nd-Year Keeper — Final Year,Final Eligible Keeper Year,Prior Keeper,False,,,,Voldemort,11.0,True,2020.0,12.0,Pop Lockett Drop it,10,True,False,Matches Keeper Rule,,Must Return to Draft Pool
2022,malle_dips_pouches,James Conner,6,11,71,1,1st-Year Keeper,Within Keeper Limit,Prior Draft,False,,,,malle_dips_pouches,7.0,False,2021.0,7.0,malle_dips_pouches,6,True,False,Matches Keeper Rule,5.0,Eligible — Round 5
2023,Buttermilk Puuump,Amon-Ra St. Brown,4,7,43,1,1st-Year Keeper,Within Keeper Limit,Prior Draft,False,,,,Big Sack Jack,5.0,False,2022.0,5.0,Big Sack Jack,4,True,False,Matches Keeper Rule,3.0,Eligible — Round 3
2023,Ginger FC,Aaron Rodgers,9,3,99,1,1st-Year Keeper,Within Keeper Limit,Prior Draft,False,,,,Patty Primetimes,10.0,False,2022.0,10.0,Patty Primetimes,9,True,False,Matches Keeper Rule,8.0,Eligible — Round 8
2023,Joe Mantegna,James Cook III,8,8,92,1,1st-Year Keeper,Within Keeper Limit,Prior Draft,False,,,,Voldemort,9.0,False,2022.0,9.0,Voldemort,8,True,False,Matches Keeper Rule,7.0,Eligible — Round 7
2023,Malle ❤️ 🐸,Jalen Hurts,5,1,49,1,1st-Year Keeper,Within Keeper Limit,Prior Draft,False,,,,Malle ❤️ 🐸,6.0,False,2022.0,6.0,Malle ❤️ 🐸,5,True,False,Matches Keeper Rule,4.0,Eligible — Round 4
2023,Patty Primetimes,Travis Etienne Jr.,13,9,153,2,2nd-Year Keeper — Final Year,Final Eligible Keeper Year,Prior Keeper,False,,,,Patty Primetimes,14.0,True,2021.0,15.0,Patty Primetimes,13,True,False,Matches Keeper Rule,,Must Return to Draft Pool
2023,Pop Lockett Drop it,Justin Fields,14,5,161,1,1st-Year Keeper,Within Keeper Limit,Prior Draft,False,,,,malle_dips_pouches,15.0,False,2022.0,15.0,malle_dips_pouches,14,True,False,Matches Keeper Rule,13.0,Eligible — Round 13
2023,Post Mahomes,Garrett Wilson,10,11,119,1,1st-Year Keeper,Within Keeper Limit,Waiver / Free Agent,True,Waiver,Post Mahomes,"Nov 9, 2:35 am",,,False,,,,10,True,False,Matches Keeper Rule,9.0,Eligible — Round 9
2023,The Big Gronkowski,Tony Pollard,6,9,69,1,1st-Year Keeper,Within Keeper Limit,Prior Draft,False,,,,The Big Gronkowski,7.0,False,2022.0,7.0,The Big Gronkowski,6,True,False,Matches Keeper Rule,5.0,Eligible — Round 5
2023,ThreatLevelMidnight,Calvin Ridley,10,3,111,1,1st-Year Keeper,Within Keeper Limit,Waiver / Free Agent,True,Free Agent,ThreatLevelMidnight,"Dec 29, 10:25 am",,,False,2021.0,2.0,Voldemort,10,True,False,Matches Keeper Rule,9.0,Eligible — Round 9
2023,Uncle Rico,Ja'Marr Chase,5,12,60,2,2nd-Year Keeper — Final Year,Final Eligible Keeper Year,Prior Keeper,False,,,,Uncle Rico,6.0,True,2021.0,7.0,Uncle Rico,5,True,False,Matches Keeper Rule,,Must Return to Draft Pool
2023,Voldemort,Christian Watson,10,2,110,1,1st-Year Keeper,Within Keeper Limit,Waiver / Free Agent,True,Waiver,Voldemort,"Nov 16, 2:37 am",,,False,,,,10,True,False,Matches Keeper Rule,9.0,Eligible — Round 9
2023,malle_dips_pouches,Amari Cooper,6,6,66,1,1st-Year Keeper,Within Keeper Limit,Prior Draft,False,,,,malle_dips_pouches,7.0,False,2022.0,7.0,malle_dips_pouches,6,True,False,Matches Keeper Rule,5.0,Eligible — Round 5
2024,Buttermilk Puuump,Amon-Ra St. Brown,3,2,26,2,2nd-Year Keeper — Final Year,Final Eligible Keeper Year,Prior Keeper,False,,,,Buttermilk Puuump,4.0,True,2022.0,5.0,Big Sack Jack,3,True,False,Matches Keeper Rule,,Must Return to Draft Pool
2024,Ginger FC,De'Von Achane,10,12,120,1,1st-Year Keeper,Within Keeper Limit,Prior Draft,False,,,,Buttermilk Puuump,11.0,False,2023.0,11.0,Buttermilk Puuump,10,True,False,Matches Keeper Rule,9.0,Eligible — Round 9
2024,Joe Mantegna,Breece Hall,2,3,15,1,1st-Year Keeper,Within Keeper Limit,Prior Draft,False,,,,Joe Mantegna,3.0,False,2023.0,3.0,Joe Mantegna,2,True,False,Matches Keeper Rule,1.0,Eligible — Round 1
2024,Malle ❤️ 🐸,Adam Thielen,10,1,109,1,1st-Year Keeper,Within Keeper Limit,Prior Draft,False,,,,Malle ❤️ 🐸,13.0,False,2023.0,13.0,Malle ❤️ 🐸,12,False,True,Historical Round Exception,9.0,Eligible — Round 9
2024,Patty Primetimes,Anthony Richardson Sr.,10,10,118,1,1st-Year Keeper,Within Keeper Limit,Prior Draft,False,,,,Patty Primetimes,11.0,False,2023.0,11.0,Patty Primetimes,10,True,False,Matches Keeper Rule,9.0,Eligible — Round 9
2024,Pop Lockett Drop it,C.J. Stroud,10,7,115,1,1st-Year Keeper,Within Keeper Limit,Waiver / Free Agent,True,Free Agent,Pop Lockett Drop it,"Sep 21, 3:09 pm",,,False,,,,10,True,False,Matches Keeper Rule,9.0,Eligible — Round 9
2024,Post Mahomes,Kyren Williams,10,2,110,1,1st-Year Keeper,Within Keeper Limit,Waiver / Free Agent,True,Waiver,Post Mahomes,"Sep 13, 3:04 am",,,False,,,,10,True,False,Matches Keeper Rule,9.0,Eligible — Round 9
2024,ThreatLevelMidnight,Sam LaPorta,10,9,117,1,1st-Year Keeper,Within Keeper Limit,Waiver / Free Agent,True,Free Agent,ThreatLevelMidnight,"Sep 16, 8:59 am",,,False,,,,10,True,False,Matches Keeper Rule,9.0,Eligible — Round 9
2024,Uncle Rico,Tank Dell,10,4,112,1,1st-Year Keeper,Within Keeper Limit,Waiver / Free Agent,True,Waiver,Uncle Rico,"Sep 20, 3:01 am",,,False,,,,10,True,False,Matches Keeper Rule,9.0,Eligible — Round 9
2024,Voldemort,Puka Nacua,10,5,113,1,1st-Year Keeper,Within Keeper Limit,Waiver / Free Agent,True,Waiver,Voldemort,"Sep 13, 3:04 am",,,False,,,,10,True,False,Matches Keeper Rule,9.0,Eligible — Round 9
2025,Buttermilk Puuump,Amon-Ra St. Brown,2,4,16,3,Keeper Limit Exception,Exceeded Normal Keeper Limit,Prior Keeper,False,,,,Buttermilk Puuump,3.0,True,2022.0,5.0,Big Sack Jack,2,True,False,Matches Keeper Rule,,Must Return to Draft Pool
2025,Ginger FC,De'Von Achane,9,8,104,2,2nd-Year Keeper — Final Year,Final Eligible Keeper Year,Prior Keeper,False,,,,Ginger FC,10.0,True,2023.0,11.0,Buttermilk Puuump,9,True,False,Matches Keeper Rule,,Must Return to Draft Pool
2025,Joe Mantegna,Malik Nabers,3,1,25,1,1st-Year Keeper,Within Keeper Limit,Prior Draft,False,,,,Malle ❤️ 🐸,4.0,False,2024.0,4.0,Malle ❤️ 🐸,3,True,False,Matches Keeper Rule,2.0,Eligible — Round 2
2025,Malle ❤️ 🐸,Rashid Shaheed,10,1,109,1,1st-Year Keeper,Within Keeper Limit,Prior Draft,False,,,,Malle ❤️ 🐸,11.0,False,2024.0,11.0,Malle ❤️ 🐸,10,True,False,Matches Keeper Rule,9.0,Eligible — Round 9
2025,Patty Primetimes,Ladd McConkey,8,11,95,1,1st-Year Keeper,Within Keeper Limit,Prior Draft,False,,,,Patty Primetimes,9.0,False,2024.0,9.0,Patty Primetimes,8,True,False,Matches Keeper Rule,7.0,Eligible — Round 7
2025,Pop Lockett Drop it,Trey McBride,4,8,44,1,1st-Year Keeper,Within Keeper Limit,Prior Draft,False,,,,Pop Lockett Drop it,5.0,False,2024.0,5.0,Pop Lockett Drop it,4,True,False,Matches Keeper Rule,3.0,Eligible — Round 3
2025,Post Mahomes,Kyren Williams,9,4,100,2,2nd-Year Keeper — Final Year,Final Eligible Keeper Year,Prior Keeper,False,,,,Post Mahomes,10.0,True,,,,9,True,False,Matches Keeper Rule,,Must Return to Draft Pool
2025,ThreatLevelMidnight,Xavier Worthy,6,10,70,1,1st-Year Keeper,Within Keeper Limit,Prior Draft,False,,,,Patty Primetimes,7.0,False,2024.0,7.0,Patty Primetimes,6,True,False,Matches Keeper Rule,5.0,Eligible — Round 5
2025,Uncle Rico,Zach Charbonnet,10,6,114,1,1st-Year Keeper,Within Keeper Limit,Prior Draft,False,,,,Uncle Rico,11.0,False,2024.0,11.0,Uncle Rico,10,True,False,Matches Keeper Rule,9.0,Eligible — Round 9
2025,Voldemort,Puka Nacua,9,6,102,2,2nd-Year Keeper — Final Year,Final Eligible Keeper Year,Prior Keeper,False,,,,Voldemort,10.0,True,,,,9,True,False,Matches Keeper Rule,,Must Return to Draft Pool
2025,malle_dips_pouches,Sam LaPorta,9,10,106,2,2nd-Year Keeper — Final Year,Final Eligible Keeper Year,Prior Keeper,False,,,,ThreatLevelMidnight,10.0,True,,,,9,True,False,Matches Keeper Rule,,Must Return to Draft Pool
