year,team,total_draft_picks,qb_count,first_qb_player,first_qb_overall,first_qb_round,first_qb_pick_in_round,second_qb_player,second_qb_overall,second_qb_round,second_qb_pick_in_round,rb_count,first_rb_player,first_rb_overall,first_rb_round,first_rb_pick_in_round,second_rb_player,second_rb_overall,second_rb_round,second_rb_pick_in_round,third_rb_player,third_rb_overall,third_rb_round,third_rb_pick_in_round,wr_count,first_wr_player,first_wr_overall,first_wr_round,first_wr_pick_in_round,second_wr_player,second_wr_overall,second_wr_round,second_wr_pick_in_round,third_wr_player,third_wr_overall,third_wr_round,third_wr_pick_in_round,te_count,first_te_player,first_te_overall,first_te_round,first_te_pick_in_round,k_count,first_k_player,first_k_overall,first_k_round,first_k_pick_in_round,def_count,first_def_player,first_def_overall,first_def_round,first_def_pick_in_round
2017,Big Sack Jack,15,2,Kirk Cousins,85,8,1,Philip Rivers,108.0,9.0,12.0,4,DeMarco Murray,12,1,12,Mark Ingram II,37,4,1,Doug Martin,61,6,1,5,Brandin Cooks,13,2,1,Tyreek Hill,36,3,12,Martavis Bryant,60,5,12,2,Hunter Henry,84,7,12,1,Chris Boswell,180.0,15.0,12.0,1,Vikings,109,10,1
2017,Dillon Panthers,15,2,Aaron Rodgers,32,3,8,Cam Newton,89.0,8.0,5.0,4,Devonta Freeman,8,1,8,Derrick Henry,65,6,5,Theo Riddick,128,11,8,4,Dez Bryant,17,2,5,Emmanuel Sanders,56,5,8,Jeremy Maclin,80,7,8,2,Greg Olsen,41,4,5,1,Matt Bryant,113.0,10.0,5.0,2,Patriots,104,9,8
2017,Ginger FC,15,2,Marcus Mariota,66,6,6,Jay Cutler,162.0,14.0,6.0,4,Jay Ajayi,18,2,6,Carlos Hyde,31,3,7,Danny Woodhead,79,7,7,3,Mike Evans,7,1,7,DeAndre Hopkins,42,4,6,Jordan Matthews,138,12,6,3,Jimmy Graham,55,5,7,1,Stephen Gostkowski,103.0,9.0,7.0,2,Broncos,90,8,6
2017,Hello Harvard,15,1,Matthew Stafford,110,10,2,,,,,6,Jordan Howard,14,2,2,Ty Montgomery II,35,3,11,Joe Mixon,38,4,2,5,Michael Thomas,11,1,11,DeVante Parker,59,5,11,Pierre Garcon,83,7,11,1,Austin Hooper,134,12,2,1,Cairo Santos,155.0,13.0,11.0,1,Jaguars,158,14,2
2017,Joe Mantegna,15,2,Jameis Winston,69,6,9,Carson Palmer,141.0,12.0,9.0,5,Christian McCaffrey,21,2,9,Ameer Abdullah,52,5,4,Adrian Peterson,76,7,4,4,Odell Beckham Jr.,4,1,4,Kelvin Benjamin,45,4,9,Sammy Watkins,93,8,9,2,Travis Kelce,28,3,4,1,Matt Prater,148.0,13.0,4.0,1,Cardinals,124,11,4
2017,Malle ❤️ 🐸,15,2,Russell Wilson,43,4,7,Carson Wentz,139.0,12.0,7.0,3,LeSean McCoy,6,1,6,Dalvin Cook,30,3,6,Terrance West,91,8,7,5,Amari Cooper,19,2,7,DeSean Jackson,54,5,6,Willie Snead IV,78,7,6,2,Kyle Rudolph,67,6,7,1,Adam Vinatieri,126.0,11.0,6.0,2,Chiefs,102,9,6
2017,Pop Lockett Drop it,15,2,Matt Ryan,50,5,2,Andrew Luck,122.0,11.0,2.0,4,Le'Veon Bell,2,1,2,Isaiah Crowell,23,2,11,Duke Johnson,119,10,11,6,T.Y. Hilton,26,3,2,Alshon Jeffery,47,4,11,Jarvis Landry,74,7,2,1,Tyler Eifert,71,6,11,1,Justin Tucker,95.0,8.0,11.0,1,Seahawks,98,9,2
2017,Post Mahomes,15,1,Drew Brees,49,5,1,,,,,4,David Johnson,1,1,1,Leonard Fournette,25,3,1,Bilal Powell,72,6,12,7,Doug Baldwin,24,2,12,Demaryius Thomas,48,4,12,Larry Fitzgerald,73,7,1,1,Coby Fleener,144,12,12,1,Wil Lutz,169.0,15.0,1.0,1,Panthers,145,13,1
2017,The Big Gronkowski,15,2,Ben Roethlisberger,88,8,4,Andy Dalton,112.0,10.0,4.0,4,Ezekiel Elliott,16,2,4,Marshawn Lynch,33,3,9,Mike Gillislee,64,6,4,5,A.J. Green,9,1,9,Davante Adams,40,4,4,Golden Tate,57,5,9,2,Delanie Walker,81,7,9,1,Dan Bailey,105.0,9.0,9.0,1,Steelers,136,12,4
2017,ThreatLevelMidnight,15,2,Dak Prescott,94,8,10,Eli Manning,123.0,11.0,3.0,3,Lamar Miller,27,3,3,C.J. Anderson,46,4,10,C.J. Prosise,171,15,3,6,Antonio Brown,3,1,3,Terrelle Pryor Sr.,22,2,10,Keenan Allen,51,5,3,2,Martellus Bennett,75,7,3,1,Mason Crosby,142.0,12.0,10.0,1,Texans,99,9,3
2017,Voldemort,15,3,Tom Brady,34,3,10,Tyrod Taylor,154.0,13.0,10.0,6,Melvin Gordon III,10,1,10,Kareem Hunt,39,4,3,Eddie Lacy,82,7,10,4,Jordy Nelson,15,2,3,Allen Robinson,63,6,3,Chris Hogan,87,8,3,1,Jordan Reed,58,5,10,0,,,,,1,Bills,178,15,10
2017,malle_dips_pouches,15,1,Derek Carr,92,8,8,,,,,4,Todd Gurley,20,2,8,Tevin Coleman,53,5,5,LeGarrette Blount,77,7,5,6,Julio Jones,5,1,5,Michael Crabtree,44,4,8,Jamison Crowder,68,6,8,2,Rob Gronkowski,29,3,5,1,Sebastian Janikowski,140.0,12.0,8.0,1,Giants,149,13,5
2018,Big Sack Jack,15,2,Matthew Stafford,69,6,9,Derek Carr,172.0,15.0,4.0,5,Alvin Kamara,4,1,4,Derrick Henry,45,4,9,Sony Michel,93,8,9,5,Tyreek Hill,21,2,9,Jarvis Landry,52,5,4,Robert Woods,76,7,4,1,Travis Kelce,28,3,4,1,Chris Boswell,165.0,14.0,9.0,1,Vikings,124,11,4
2018,Dillon Panthers,15,2,Drew Brees,44,4,8,Jimmy Garoppolo,101.0,9.0,5.0,4,Alex Collins,29,3,5,Carlos Hyde,53,5,5,Kerryon Johnson,92,8,8,5,Antonio Brown,5,1,5,A.J. Green,20,2,8,Emmanuel Sanders,68,6,8,2,Trey Burton,77,7,5,1,Daniel Carlson,140.0,12.0,8.0,1,Eagles,125,11,5
2018,Ginger FC,15,2,Russell Wilson,43,4,7,Carson Wentz,54.0,5.0,6.0,3,Jay Ajayi,30,3,6,Jamaal Williams,67,6,7,Chris Thompson,91,8,7,6,DeAndre Hopkins,6,1,6,Devin Funchess,78,7,6,Pierre Garcon,102,9,6,2,Rob Gronkowski,19,2,7,1,Greg Zuerlein,115.0,10.0,7.0,1,Steelers,139,12,7
2018,Joe Mantegna,15,2,Deshaun Watson,42,4,6,Patrick Mahomes,114.0,10.0,6.0,3,Saquon Barkley,7,1,7,Alfred Morris,66,6,6,Giovani Bernard,175,15,7,4,Julio Jones,18,2,6,Corey Davis,55,5,7,Jamison Crowder,79,7,7,3,Zach Ertz,31,3,7,1,Stephen Gostkowski,103.0,9.0,7.0,2,Jaguars,90,8,6
2018,Malle ❤️ 🐸,15,2,Cam Newton,46,4,10,Ben Roethlisberger,75.0,7.0,3.0,4,David Johnson,3,1,3,Kenyan Drake,27,3,3,Tevin Coleman,70,6,10,4,Mike Evans,22,2,10,Allen Robinson,51,5,3,Alshon Jeffery,99,9,3,2,Cameron Brate,94,8,10,1,Harrison Butker,142.0,12.0,10.0,2,Saints,147,13,3
2018,Pop Lockett Drop it,15,1,Matt Ryan,86,8,2,,,,,5,Kareem Hunt,11,1,11,Royce Freeman,35,3,11,Adrian Peterson,83,7,11,6,Odell Beckham Jr.,14,2,2,Golden Tate,38,4,2,Josh Gordon,62,6,2,1,Jimmy Graham,59,5,11,1,Jake Elliott,134.0,12.0,2.0,1,Texans,131,11,11
2018,Post Mahomes,15,2,Andrew Luck,98,9,2,Marcus Mariota,122.0,11.0,2.0,5,Ezekiel Elliott,2,1,2,Joe Mixon,26,3,2,Mark Ingram II,50,5,2,5,Michael Thomas,23,2,11,T.Y. Hilton,47,4,11,Marquise Goodwin,74,7,2,1,Evan Engram,71,6,11,1,Ryan Succop,170.0,15.0,2.0,1,Ravens,146,13,2
2018,The Big Gronkowski,15,2,Philip Rivers,84,7,12,Alex Smith,109.0,10.0,1.0,4,Christian McCaffrey,12,1,12,Dalvin Cook,13,2,1,Rex Burkhead,60,5,12,5,JuJu Smith-Schuster,36,3,12,Larry Fitzgerald,37,4,1,Brandin Cooks,61,6,1,2,David Njoku,85,8,1,1,Matt Bryant,133.0,12.0,1.0,1,Chargers,132,11,12
2018,ThreatLevelMidnight,15,2,Kirk Cousins,80,7,8,Dak Prescott,113.0,10.0,5.0,4,Melvin Gordon III,8,1,8,Jordan Howard,17,2,5,LeSean McCoy,41,4,5,5,Adam Thielen,32,3,8,Marvin Jones Jr.,56,5,8,Will Fuller V,89,8,5,2,Greg Olsen,65,6,5,1,Justin Tucker,128.0,11.0,8.0,1,Broncos,137,12,5
2018,Uncle Rico,15,2,Aaron Rodgers,25,3,1,Blake Bortles,145.0,13.0,1.0,5,Todd Gurley,1,1,1,Chris Carson,72,6,12,Duke Johnson,97,9,1,5,Keenan Allen,24,2,12,Chris Hogan,48,4,12,Doug Baldwin,49,5,1,1,Kyle Rudolph,73,7,1,1,Robbie Gould,169.0,15.0,1.0,1,Patriots,168,14,12
2018,Voldemort,15,1,Tom Brady,40,4,4,,,,,7,Le'Veon Bell,9,1,9,Devonta Freeman,16,2,4,Marshawn Lynch,64,6,4,4,Stefon Diggs,33,3,9,Demaryius Thomas,57,5,9,Julian Edelman,105,9,9,1,Jordan Reed,88,8,4,1,Wil Lutz,160.0,14.0,4.0,1,Panthers,177,15,9
2018,malle_dips_pouches,15,1,Jared Goff,106,9,10,,,,,5,Leonard Fournette,10,1,10,Lamar Miller,39,4,3,Dion Lewis,58,5,10,5,Davante Adams,15,2,3,Amari Cooper,34,3,10,Michael Crabtree,82,7,10,2,Delanie Walker,63,6,3,1,Matt Prater,135.0,12.0,3.0,1,Rams,130,11,10
2019,Big Sack Jack,15,2,Tom Brady,85,8,1,Mitchell Trubisky,180.0,15.0,12.0,4,Sony Michel,13,2,1,Melvin Gordon III,61,6,1,Jordan Howard,109,10,1,6,Tyreek Hill,12,1,12,Chris Godwin Jr.,37,4,1,Cooper Kupp,60,5,12,1,Zach Ertz,36,3,12,1,Ka'imi Fairbairn,132.0,11.0,12.0,1,Rams,108,9,12
2019,Ginger FC,15,2,Baker Mayfield,30,3,6,Ben Roethlisberger,139.0,12.0,7.0,3,Todd Gurley,6,1,6,Phillip Lindsay,43,4,7,Kenyan Drake,67,6,7,6,Michael Thomas,19,2,7,Mike Williams,54,5,6,Sammy Watkins,91,8,7,2,Jared Cook,78,7,6,1,Justin Tucker,102.0,9.0,6.0,1,Browns,115,10,7
2019,Joe Mantegna,15,2,Carson Wentz,82,7,10,Jameis Winston,130.0,11.0,10.0,4,David Montgomery,39,4,3,Miles Sanders,58,5,10,Duke Johnson,63,6,3,4,DeAndre Hopkins,10,1,10,Odell Beckham Jr.,15,2,3,Stefon Diggs,34,3,10,2,Austin Hooper,87,8,3,1,Harrison Butker,111.0,10.0,3.0,2,Bears,106,9,10
2019,Malle ❤️ 🐸,15,2,Matt Ryan,57,5,9,Dak Prescott,153.0,13.0,9.0,4,Le'Veon Bell,9,1,9,Devonta Freeman,16,2,4,Kareem Hunt,88,8,4,5,Amari Cooper,33,3,9,Allen Robinson,40,4,4,Calvin Ridley,64,6,4,2,David Njoku,81,7,9,1,Wil Lutz,129.0,11.0,9.0,1,Chargers,160,14,4
2019,Patty Primetimes,15,2,Drew Brees,77,7,5,Lamar Jackson,101.0,9.0,5.0,4,Nick Chubb,5,1,5,Kerryon Johnson,29,3,5,Austin Ekeler,53,5,5,5,Tyler Lockett,44,4,8,Will Fuller V,68,6,8,Marvin Jones Jr.,92,8,8,2,Travis Kelce,20,2,8,1,Michael Badgley,149.0,13.0,5.0,1,Ravens,140,12,8
2019,Pop Lockett Drop it,15,2,Russell Wilson,73,7,1,Kirk Cousins,145.0,13.0,1.0,4,Saquon Barkley,1,1,1,Josh Jacobs,48,4,12,Devin Singletary,96,8,12,5,Mike Evans,24,2,12,Kenny Golladay,49,5,1,Alshon Jeffery,72,6,12,2,George Kittle,25,3,1,1,Robbie Gould,169.0,15.0,1.0,1,Bills,168,14,12
2019,Post Mahomes,15,2,Deshaun Watson,41,4,5,Kyler Murray,113.0,10.0,5.0,6,David Johnson,8,1,8,Dalvin Cook,17,2,5,James White,65,6,5,4,Adam Thielen,32,3,8,T.Y. Hilton,56,5,8,A.J. Green,89,8,5,1,Greg Olsen,137,12,5,1,Mason Crosby,176.0,15.0,8.0,1,Saints,161,14,5
2019,The Big Gronkowski,15,2,Philip Rivers,95,8,11,Jimmy Garoppolo,143.0,12.0,11.0,5,Alvin Kamara,2,1,2,Marlon Mack,47,4,11,Mark Ingram II,50,5,2,4,JuJu Smith-Schuster,23,2,11,Antonio Brown,26,3,2,Jarvis Landry,74,7,2,2,Hunter Henry,71,6,11,1,Greg Zuerlein,98.0,9.0,2.0,1,Jaguars,119,10,11
2019,ThreatLevelMidnight,15,1,Jared Goff,90,8,6,,,,,6,James Conner,7,1,7,Aaron Jones Sr.,18,2,6,Leonard Fournette,31,3,7,5,Robert Woods,42,4,6,Robbie Chosen,55,5,7,Josh Gordon,66,6,6,1,Vance McDonald,79,7,7,1,Stephen Gostkowski,114.0,10.0,6.0,1,Patriots,151,13,7
2019,Uncle Rico,15,2,Cam Newton,83,7,11,Josh Allen,155.0,13.0,11.0,4,Damien Williams,35,3,11,Derrick Henry,38,4,2,Matt Breida,107,9,11,5,Julio Jones,11,1,11,Davante Adams,14,2,2,Tyler Boyd,59,5,11,2,Evan Engram,62,6,2,1,Matt Prater,179.0,15.0,11.0,1,Texans,158,14,2
2019,Voldemort,15,1,Patrick Mahomes,21,2,9,,,,,8,Christian McCaffrey,4,1,4,Chris Carson,45,4,9,Tevin Coleman,69,6,9,3,Keenan Allen,28,3,4,Curtis Samuel,93,8,9,Dante Pettis,117,10,9,1,O.J. Howard,52,5,4,1,Jake Elliott,172.0,15.0,4.0,1,Seahawks,165,14,9
2019,malle_dips_pouches,15,1,Aaron Rodgers,51,5,3,,,,,5,Ezekiel Elliott,3,1,3,Joe Mixon,22,2,10,Tarik Cohen,75,7,3,5,Brandin Cooks,27,3,3,Julian Edelman,46,4,10,DJ Moore,70,6,10,2,Delanie Walker,118,10,10,1,Matt Bryant,147.0,13.0,3.0,1,Chiefs,166,14,10
2020,Big Sack Jack,15,2,Patrick Mahomes,22,2,10,Baker Mayfield,166.0,14.0,10.0,3,Ezekiel Elliott,3,1,3,Melvin Gordon III,51,5,3,James White,94,8,10,6,Odell Beckham Jr.,27,3,3,Hollywood Brown,46,4,10,Julian Edelman,70,6,10,2,Evan Engram,75,7,3,1,Greg Zuerlein,147.0,13.0,3.0,1,Ravens,142,12,10
2020,Ginger FC,15,2,Russell Wilson,25,3,1,Jimmy Garoppolo,145.0,13.0,1.0,5,Christian McCaffrey,1,1,1,Cam Akers,48,4,12,Sony Michel,73,7,1,5,Mike Evans,24,2,12,DK Metcalf,49,5,1,DeVante Parker,72,6,12,1,Jared Cook,97,9,1,1,Harrison Butker,121.0,11.0,1.0,1,Steelers,144,12,12
2020,Joe Mantegna,15,2,Deshaun Watson,66,6,6,Kirk Cousins,175.0,15.0,7.0,5,Clyde Edwards-Helaire,7,1,7,Todd Gurley,31,3,7,Zack Moss,90,8,6,5,JuJu Smith-Schuster,42,4,6,DJ Chark,55,5,7,Jarvis Landry,79,7,7,1,George Kittle,18,2,6,1,Zane Gonzalez,162.0,14.0,6.0,1,Patriots,151,13,7
2020,Malle ❤️ 🐸,15,2,Tom Brady,53,5,5,Ben Roethlisberger,116.0,10.0,8.0,5,Alvin Kamara,5,1,5,Jordan Howard,68,6,8,Kareem Hunt,77,7,5,4,Adam Thielen,29,3,5,Calvin Ridley,44,4,8,DeSean Jackson,125,11,5,2,Travis Kelce,20,2,8,1,Justin Tucker,101.0,9.0,5.0,1,Bears,149,13,5
2020,Patty Primetimes,15,2,Lamar Jackson,86,8,2,Matthew Stafford,107.0,9.0,11.0,5,Nick Chubb,11,1,11,Austin Ekeler,14,2,2,J.K. Dobbins,62,6,2,4,Tyler Lockett,38,4,2,T.Y. Hilton,59,5,11,Christian Kirk,110,10,2,2,Mark Andrews,35,3,11,1,Michael Badgley,179.0,15.0,11.0,1,Colts,158,14,2
2020,Pop Lockett Drop it,15,2,Aaron Rodgers,84,7,12,Daniel Jones,157.0,14.0,1.0,3,David Johnson,12,1,12,Josh Jacobs,36,3,12,Ryquell Armstead,132,11,12,7,Julio Jones,13,2,1,Courtland Sutton,37,4,1,Stefon Diggs,60,5,12,1,Austin Hooper,61,6,1,1,Mason Crosby,180.0,15.0,12.0,1,Vikings,156,13,12
2020,Post Mahomes,15,2,Kyler Murray,98,9,2,Carson Wentz,122.0,11.0,2.0,5,Saquon Barkley,2,1,2,Chris Carson,26,3,2,David Montgomery,50,5,2,4,Kenny Golladay,23,2,11,DJ Moore,47,4,11,Robert Woods,71,6,11,2,Hayden Hurst,119,10,11,1,Matt Prater,170.0,15.0,2.0,1,Broncos,167,14,11
2020,The Big Gronkowski,15,2,Drew Brees,102,9,6,Jared Goff,150.0,13.0,6.0,4,Dalvin Cook,6,1,6,James Conner,19,2,7,Ronald Jones,78,7,6,5,Allen Robinson,30,3,6,Cooper Kupp,43,4,7,Keenan Allen,54,5,6,2,Darren Waller,67,6,7,1,Wil Lutz,139.0,12.0,7.0,1,49ers,126,11,6
2020,ThreatLevelMidnight,15,2,Matt Ryan,81,7,9,Joe Burrow,112.0,10.0,4.0,4,Joe Mixon,9,1,9,Raheem Mostert,40,4,4,Kerryon Johnson,105,9,9,6,Davante Adams,16,2,4,A.J. Brown,33,3,9,Michael Gallup,57,5,9,1,Chris Herndon,153,13,9,1,Jason Myers,177.0,15.0,9.0,1,Saints,160,14,4
2020,Uncle Rico,15,2,Josh Allen,76,7,4,Cam Newton,124.0,11.0,4.0,5,Derrick Henry,28,3,4,D'Andre Swift,52,5,4,Antonio Gibson,69,6,9,4,Michael Thomas,4,1,4,Chris Godwin Jr.,21,2,9,Diontae Johnson,93,8,9,2,Zach Ertz,45,4,9,1,Jake Elliott,172.0,15.0,4.0,1,Rams,165,14,9
2020,Voldemort,15,1,Dak Prescott,56,5,8,,,,,6,Kenyan Drake,17,2,5,Jonathan Taylor,32,3,8,Mark Ingram II,41,4,5,4,Tyreek Hill,8,1,8,Brandin Cooks,89,8,5,John Brown,104,9,8,2,Tyler Higbee,80,7,8,1,Ka'imi Fairbairn,176.0,15.0,8.0,1,Chiefs,161,14,5
2020,malle_dips_pouches,15,2,Ryan Tannehill,135,12,3,Derek Carr,178.0,15.0,10.0,4,Aaron Jones Sr.,10,1,10,Le'Veon Bell,34,3,10,Devin Singletary,63,6,3,5,DeAndre Hopkins,15,2,3,Amari Cooper,39,4,3,Deebo Samuel Sr.,82,7,10,2,Hunter Henry,58,5,10,1,Robbie Gould,159.0,14.0,3.0,1,Bills,130,11,10
2021,Big Sack Jack,15,1,Patrick Mahomes,7,1,7,,,,,4,Josh Jacobs,18,2,6,James Robinson,31,3,7,Melvin Gordon III,79,7,7,6,DJ Moore,42,4,6,JuJu Smith-Schuster,66,6,6,Mecole Hardman Jr.,90,8,6,2,Robert Tonyan,55,5,7,1,Greg Zuerlein,138.0,12.0,6.0,1,Steelers,114,10,6
2021,Ginger FC,15,2,Aaron Rodgers,54,5,6,Jameis Winston,174.0,15.0,6.0,4,Ezekiel Elliott,6,1,6,Javonte Williams,67,6,7,Devin Singletary,78,7,6,6,DeAndre Hopkins,19,2,7,Amari Cooper,30,3,6,DK Metcalf,43,4,7,1,Rob Gronkowski,102,9,6,1,Ryan Succop,163.0,14.0,7.0,1,Buccaneers,150,13,6
2021,Joe Mantegna,15,2,Justin Herbert,71,6,11,Kirk Cousins,146.0,13.0,2.0,5,Dalvin Cook,2,1,2,Myles Gaskin,50,5,2,Ronald Jones,74,7,2,3,Terry McLaurin,23,2,11,Diontae Johnson,47,4,11,Will Fuller V,122,11,2,2,George Kittle,26,3,2,1,Harrison Butker,119.0,10.0,11.0,2,Commanders,95,8,11
2021,Malle ❤️ 🐸,15,3,Tom Brady,68,6,8,Jalen Hurts,116.0,10.0,8.0,4,Raheem Mostert,53,5,5,Phillip Lindsay,125,11,5,Alexander Mattison,149,13,5,4,Tyreek Hill,5,1,5,Keenan Allen,20,2,8,Mike Evans,29,3,5,2,T.J. Hockenson,77,7,5,1,Justin Tucker,101.0,9.0,5.0,1,Rams,92,8,8
2021,Patty Primetimes,15,2,Josh Allen,70,6,10,Matt Ryan,118.0,10.0,10.0,5,Alvin Kamara,3,1,3,Clyde Edwards-Helaire,22,2,10,Chris Carson,27,3,3,4,Julio Jones,46,4,10,Tee Higgins,51,5,3,DeVonta Smith,75,7,3,2,Dallas Goedert,94,8,10,1,Matt Gay,147.0,13.0,3.0,1,Patriots,166,14,10
2021,Pop Lockett Drop it,15,1,Baker Mayfield,155,13,11,,,,,5,Austin Ekeler,11,1,11,Jamaal Williams,59,5,11,Sony Michel,86,8,2,6,Robbie Chosen,35,3,11,Stefon Diggs,38,4,2,Courtland Sutton,62,6,2,1,Travis Kelce,14,2,2,1,Rodrigo Blankenship,158.0,14.0,2.0,1,Vikings,179,15,11
2021,Post Mahomes,15,1,Kyler Murray,88,8,4,,,,,6,Jonathan Taylor,9,1,9,Saquon Barkley,16,2,4,Gus Edwards,40,4,4,5,CeeDee Lamb,33,3,9,Brandon Aiyuk,64,6,4,Kenny Golladay,81,7,9,1,Kyle Pitts Sr.,57,5,9,1,Matt Prater,177.0,15.0,9.0,1,Ravens,153,13,9
2021,The Big Gronkowski,15,2,Matthew Stafford,84,7,12,Joe Burrow,133.0,12.0,1.0,4,Antonio Gibson,12,1,12,Najee Harris,13,2,1,AJ Dillon,85,8,1,5,Cooper Kupp,36,3,12,Tyler Lockett,37,4,1,Chase Claypool,61,6,1,2,Darren Waller,60,5,12,1,Robbie Gould,156.0,13.0,12.0,1,Chiefs,157,14,1
2021,ThreatLevelMidnight,15,1,Russell Wilson,63,6,3,,,,,6,Joe Mixon,15,2,3,Darrell Henderson Jr.,39,4,3,Trey Sermon,58,5,10,5,Davante Adams,10,1,10,Chris Godwin Jr.,34,3,10,Corey Davis,87,8,3,1,Noah Fant,82,7,10,1,Tyler Bass,159.0,14.0,3.0,1,Browns,154,13,10
2021,Uncle Rico,15,2,Lamar Jackson,48,4,12,Trevor Lawrence,144.0,12.0,12.0,5,Christian McCaffrey,1,1,1,Derrick Henry,24,2,12,Michael Carter,97,9,1,5,Allen Robinson,25,3,1,Odell Beckham Jr.,72,6,12,Ja'Marr Chase,73,7,1,1,Mark Andrews,49,5,1,1,Jason Sanders,169.0,15.0,1.0,1,Colts,168,14,12
2021,Voldemort,15,2,Dak Prescott,56,5,8,Ben Roethlisberger,176.0,15.0,8.0,5,Nick Chubb,8,1,8,David Montgomery,32,3,8,Chase Edmonds,65,6,5,5,Calvin Ridley,17,2,5,Robert Woods,41,4,5,Deebo Samuel Sr.,89,8,5,1,Tyler Higbee,80,7,8,1,Younghoe Koo,137.0,12.0,5.0,1,49ers,152,13,8
2021,malle_dips_pouches,15,1,Ryan Tannehill,100,9,4,,,,,5,Aaron Jones Sr.,4,1,4,D'Andre Swift,28,3,4,Kareem Hunt,45,4,9,5,A.J. Brown,21,2,9,Tyler Boyd,52,5,4,Jerry Jeudy,93,8,9,2,Logan Thomas,69,6,9,1,Chris Boswell,172.0,15.0,4.0,1,Bills,165,14,9
2022,Big Sack Jack,15,2,Joe Burrow,66,6,6,Derek Carr,127.0,11.0,7.0,4,Dalvin Cook,7,1,7,AJ Dillon,42,4,6,Nyheim Miller-Hines,114,10,6,4,Tyreek Hill,18,2,6,DJ Moore,31,3,7,Amon-Ra St. Brown,55,5,7,2,Dawson Knox,79,7,7,1,Justin Tucker,103.0,9.0,7.0,2,49ers,90,8,6
2022,Ginger FC,15,1,Kyler Murray,39,4,3,,,,,5,Alvin Kamara,10,1,10,Rhamondre Stevenson,63,6,3,Leonard Fournette,82,7,10,6,Mike Williams,34,3,10,Jerry Jeudy,58,5,10,Tyler Lockett,106,9,10,1,Travis Kelce,15,2,3,1,Daniel Carlson,154.0,13.0,10.0,1,Rams,130,11,10
2022,Joe Mantegna,15,1,Justin Herbert,60,5,12,,,,,5,Aaron Jones Sr.,13,2,1,Breece Hall,36,3,12,Devin Singletary,84,7,12,6,Davante Adams,12,1,12,Courtland Sutton,37,4,1,Elijah Moore,85,8,1,1,Dallas Goedert,61,6,1,1,Younghoe Koo,180.0,15.0,12.0,1,Broncos,157,14,1
2022,Malle ❤️ 🐸,15,2,Jalen Hurts,64,6,4,Trevor Lawrence,129.0,11.0,9.0,4,D'Andre Swift,16,2,4,J.K. Dobbins,57,5,9,Jamaal Williams,136,12,4,4,CeeDee Lamb,9,1,9,Adam Thielen,33,3,9,Diontae Johnson,40,4,4,2,T.J. Hockenson,81,7,9,1,Evan McPherson,105.0,9.0,9.0,2,Bills,88,8,4
2022,Patty Primetimes,15,2,Matthew Stafford,93,8,9,Aaron Rodgers,117.0,10.0,9.0,4,Derrick Henry,4,1,4,Javonte Williams,21,2,9,Rachaad White,141,12,9,6,Terry McLaurin,28,3,4,DK Metcalf,52,5,4,Hunter Renfrow,69,6,9,1,Darren Waller,45,4,9,1,Greg Joseph,172.0,15.0,4.0,1,Colts,124,11,4
2022,Pop Lockett Drop it,15,2,Russell Wilson,67,6,7,Tua Tagovailoa,163.0,14.0,7.0,4,Najee Harris,6,1,6,Dameon Pierce,43,4,7,Melvin Gordon III,91,8,7,6,Michael Pittman Jr.,19,2,7,Keenan Allen,30,3,6,Christian Kirk,78,7,6,1,Dalton Schultz,54,5,6,1,Robbie Gould,174.0,15.0,6.0,1,Chargers,150,13,6
2022,Post Mahomes,15,1,Tom Brady,72,6,12,,,,,6,Jonathan Taylor,1,1,1,Ezekiel Elliott,25,3,1,Clyde Edwards-Helaire,73,7,1,5,A.J. Brown,24,2,12,Gabe Davis,48,4,12,Brandin Cooks,49,5,1,1,Irv Smith Jr.,144,12,12,1,Harrison Butker,168.0,14.0,12.0,1,Saints,145,13,1
2022,The Big Gronkowski,15,2,Trey Lance,94,8,10,Kirk Cousins,99.0,9.0,3.0,4,Austin Ekeler,3,1,3,Damien Harris,70,6,10,Tony Pollard,75,7,3,4,Cooper Kupp,22,2,10,Tee Higgins,27,3,3,JuJu Smith-Schuster,51,5,3,2,George Kittle,46,4,10,1,Tyler Bass,142.0,12.0,10.0,2,Buccaneers,118,10,10
2022,ThreatLevelMidnight,15,1,Dak Prescott,89,8,5,,,,,6,Chase Edmonds,41,4,5,Rashaad Penny,56,5,8,Miles Sanders,80,7,8,6,Stefon Diggs,8,1,8,Mike Evans,17,2,5,Allen Robinson,32,3,8,1,Albert Okwuegbunam Jr.,152,13,8,0,,,,,1,Cowboys,176,15,8
2022,Uncle Rico,15,1,Patrick Mahomes,38,4,2,,,,,5,Saquon Barkley,11,1,11,Nick Chubb,14,2,2,Cordarrelle Patterson,86,8,2,6,Brandon Aiyuk,59,5,11,Ja'Marr Chase,62,6,2,Robert Woods,83,7,11,1,Kyle Pitts Sr.,35,3,11,1,Jake Elliott,179.0,15.0,11.0,1,Browns,158,14,2
2022,Voldemort,15,1,Josh Allen,29,3,5,,,,,6,Joe Mixon,5,1,5,David Montgomery,44,4,8,Antonio Gibson,53,5,5,5,Deebo Samuel Sr.,20,2,8,Darnell Mooney,68,6,8,Chris Godwin Jr.,77,7,5,1,Zach Ertz,92,8,8,1,Ryan Succop,173.0,15.0,5.0,1,Patriots,164,14,8
2022,malle_dips_pouches,15,2,Lamar Jackson,47,4,11,Justin Fields,170.0,15.0,2.0,4,Christian McCaffrey,2,1,2,Josh Jacobs,26,3,2,James Conner,71,6,11,5,Jaylen Waddle,50,5,2,Amari Cooper,74,7,2,DeVonta Smith,95,8,11,2,Mark Andrews,23,2,11,1,Matt Gay,146.0,13.0,2.0,1,Ravens,167,14,11
2023,Buttermilk Puuump,15,2,Dak Prescott,115,10,7,Jared Goff,150.0,13.0,6.0,4,Najee Harris,19,2,7,Kenneth Walker III,30,3,6,D'Andre Swift,67,6,7,6,Amon-Ra St. Brown,43,4,7,Chris Godwin Jr.,54,5,6,Mike Williams,78,7,6,1,Travis Kelce,6,1,6,1,Jason Sanders,163.0,14.0,7.0,1,Packers,174,15,6
2023,Ginger FC,15,2,Aaron Rodgers,99,9,3,Kirk Cousins,142.0,12.0,10.0,5,Bijan Robinson,3,1,3,J.K. Dobbins,27,3,3,Dalvin Cook,51,5,3,5,Tee Higgins,22,2,10,Jahan Dotson,46,4,10,Rashod Bateman,94,8,10,1,David Njoku,75,7,3,1,Daniel Carlson,147.0,13.0,3.0,1,Saints,166,14,10
2023,Joe Mantegna,15,1,Deshaun Watson,101,9,5,,,,,5,Rhamondre Stevenson,20,2,8,Breece Hall,29,3,5,David Montgomery,53,5,5,6,Tyreek Hill,5,1,5,Keenan Allen,44,4,8,Hollywood Brown,77,7,5,1,Kyle Pitts Sr.,68,6,8,1,Cameron Dicker,173.0,15.0,5.0,1,Broncos,164,14,8
2023,Malle ❤️ 🐸,15,2,Jalen Hurts,49,5,1,Daniel Jones,120.0,10.0,12.0,4,Jahmyr Gibbs,24,2,12,Javonte Williams,48,4,12,Kenny Gainwell,121,11,1,4,Justin Jefferson,1,1,1,Deebo Samuel Sr.,25,3,1,Mike Evans,72,6,12,2,Pat Freiermuth,73,7,1,1,Justin Tucker,97.0,9.0,1.0,2,49ers,96,8,12
2023,Patty Primetimes,15,2,Tua Tagovailoa,105,9,9,Anthony Richardson Sr.,129.0,11.0,9.0,4,Dameon Pierce,33,3,9,Antonio Gibson,81,7,9,Jamaal Williams,88,8,4,6,Stefon Diggs,9,1,9,Jaylen Waddle,16,2,4,DeAndre Hopkins,40,4,4,1,Darren Waller,57,5,9,1,Riley Patterson,177.0,15.0,9.0,1,Eagles,136,12,4
2023,Pop Lockett Drop it,15,1,Justin Fields,161,14,5,,,,,4,Cam Akers,32,3,8,Isiah Pacheco,56,5,8,Brian Robinson,65,6,5,7,CeeDee Lamb,8,1,8,Chris Olave,17,2,5,Jordan Addison,80,7,8,1,T.J. Hockenson,41,4,5,1,Harrison Butker,152.0,13.0,8.0,1,Steelers,176,15,8
2023,Post Mahomes,15,1,Patrick Mahomes,26,3,2,,,,,6,Christian McCaffrey,2,1,2,Aaron Jones Sr.,23,2,11,Jonathan Taylor,47,4,11,5,Drake London,71,6,11,Christian Kirk,74,7,2,Brandin Cooks,95,8,11,1,George Kittle,50,5,2,1,Jake Elliott,170.0,15.0,2.0,1,Bills,143,12,11
2023,The Big Gronkowski,15,2,Justin Herbert,76,7,4,Matthew Stafford,165.0,14.0,9.0,4,Austin Ekeler,4,1,4,Tony Pollard,69,6,9,Samaje Perine,93,8,9,5,DeVonta Smith,21,2,9,DK Metcalf,28,3,4,DJ Moore,45,4,9,2,Dallas Goedert,52,5,4,1,Tyler Bass,148.0,13.0,4.0,1,Cowboys,141,12,9
2023,ThreatLevelMidnight,15,1,Trevor Lawrence,58,5,10,,,,,6,Saquon Barkley,10,1,10,Derrick Henry,15,2,3,Alvin Kamara,63,6,3,5,Brandon Aiyuk,39,4,3,George Pickens,82,7,10,Quentin Johnston,106,9,10,1,Mark Andrews,34,3,10,1,Younghoe Koo,159.0,14.0,3.0,1,Chiefs,178,15,10
2023,Uncle Rico,15,2,Joe Burrow,61,6,1,Geno Smith,133.0,12.0,1.0,4,Josh Jacobs,12,1,12,Alexander Mattison,36,3,12,AJ Dillon,85,8,1,6,A.J. Brown,13,2,1,Diontae Johnson,37,4,1,Ja'Marr Chase,60,5,12,1,Chig Okonkwo,132,11,12,1,Chris Boswell,180.0,15.0,12.0,1,Patriots,157,14,1
2023,Voldemort,15,1,Lamar Jackson,35,3,11,,,,,6,Nick Chubb,11,1,11,Miles Sanders,38,4,2,Rachaad White,62,6,2,5,Davante Adams,14,2,2,Tyler Lockett,59,5,11,Zay Flowers,107,9,11,1,Evan Engram,83,7,11,1,Jason Myers,179.0,15.0,11.0,1,Ravens,158,14,2
2023,malle_dips_pouches,15,2,Josh Allen,31,3,7,Russell Wilson,162.0,14.0,6.0,4,Joe Mixon,18,2,6,James Conner,42,4,6,Damien Harris,79,7,7,5,Cooper Kupp,7,1,7,Terry McLaurin,55,5,7,Amari Cooper,66,6,6,2,Tyler Higbee,90,8,6,1,Evan McPherson,151.0,13.0,7.0,1,Jets,138,12,6
2024,Buttermilk Puuump,15,2,Jared Goff,74,7,2,Aaron Rodgers,167.0,14.0,11.0,4,Rachaad White,23,2,11,Najee Harris,47,4,11,Raheem Mostert,50,5,2,6,Tyreek Hill,2,1,2,Amon-Ra St. Brown,26,3,2,Keenan Allen,71,6,11,1,David Njoku,95,8,11,1,Younghoe Koo,143.0,12.0,11.0,1,Bills,170,15,2
2024,Ginger FC,15,1,Jordan Love,72,6,12,,,,,5,Christian McCaffrey,1,1,1,Nick Chubb,97,9,1,De'Von Achane,120,10,12,6,Brandon Aiyuk,24,2,12,Deebo Samuel Sr.,25,3,1,Stefon Diggs,48,4,12,1,Dallas Goedert,96,8,12,1,Jake Elliott,145.0,13.0,1.0,1,49ers,73,7,1
2024,Joe Mantegna,15,2,Dak Prescott,58,5,10,Tua Tagovailoa,111.0,10.0,3.0,3,Breece Hall,15,2,3,James Cook III,39,4,3,Ty Chandler,130,11,10,7,Garrett Wilson,10,1,10,Nico Collins,34,3,10,George Pickens,63,6,3,1,Evan Engram,82,7,10,1,Jason Sanders,154.0,13.0,10.0,1,Eagles,178,15,10
2024,Malle ❤️ 🐸,15,2,Jalen Hurts,36,3,12,Brock Purdy,108.0,9.0,12.0,3,Saquon Barkley,12,1,12,Zamir White,61,6,1,Jaleel McLaughlin,156,13,12,5,Marvin Harrison Jr.,13,2,1,Malik Nabers,37,4,1,Adam Thielen,109,10,1,2,George Kittle,60,5,12,1,Justin Tucker,85.0,8.0,1.0,2,Ravens,84,7,12
2024,Patty Primetimes,15,2,Jayden Daniels,94,8,10,Anthony Richardson Sr.,118.0,10.0,10.0,4,Aaron Jones Sr.,46,4,10,Tony Pollard,70,6,10,Khalil Herbert,123,11,3,5,CeeDee Lamb,3,1,3,Cooper Kupp,22,2,10,Terry McLaurin,51,5,3,2,Travis Kelce,27,3,3,1,Evan McPherson,147.0,13.0,3.0,1,Bears,166,14,10
2024,Pop Lockett Drop it,15,3,C.J. Stroud,115,10,7,Trevor Lawrence,139.0,12.0,7.0,4,Bijan Robinson,6,1,6,David Montgomery,43,4,7,Zack Moss,78,7,6,5,Mike Evans,19,2,7,DeVonta Smith,30,3,6,Jayden Reed,67,6,7,1,Trey McBride,54,5,6,1,Ka'imi Fairbairn,150.0,13.0,6.0,1,Texans,174,15,6
2024,Post Mahomes,15,1,Lamar Jackson,38,4,2,,,,,6,Jahmyr Gibbs,11,1,11,Isiah Pacheco,14,2,2,Tyjae Spears,83,7,11,4,Michael Pittman Jr.,35,3,11,Rashee Rice,59,5,11,Tee Higgins,62,6,2,2,Brock Bowers,131,11,11,1,Jake Moody,158.0,14.0,2.0,1,Chiefs,155,13,11
2024,The Big Gronkowski,15,2,Joe Burrow,53,5,5,Matthew Stafford,116.0,10.0,8.0,4,Alvin Kamara,44,4,8,Javonte Williams,77,7,5,Gus Edwards,101,9,5,5,Justin Jefferson,5,1,5,Chris Olave,20,2,8,DJ Moore,29,3,5,2,Jake Ferguson,68,6,8,1,Brandon Aubrey,140.0,12.0,8.0,1,Cowboys,125,11,5
2024,ThreatLevelMidnight,15,2,Kyler Murray,52,5,4,Deshaun Watson,141.0,12.0,9.0,4,Josh Jacobs,21,2,9,James Conner,45,4,9,Jerome Ford,93,8,9,6,Ja'Marr Chase,4,1,4,DK Metcalf,28,3,4,Christian Kirk,69,6,9,1,Sam LaPorta,117,10,9,1,Cameron Dicker,148.0,13.0,4.0,1,Dolphins,172,15,4
2024,Uncle Rico,15,1,Patrick Mahomes,33,3,9,,,,,6,Derrick Henry,9,1,9,D'Andre Swift,57,5,9,Devin Singletary,81,7,9,5,Davante Adams,16,2,4,Zay Flowers,64,6,4,Tank Dell,112,10,4,1,Mark Andrews,40,4,4,1,Tyler Bass,177.0,15.0,9.0,1,Browns,153,13,9
2024,Voldemort,15,1,Josh Allen,32,3,8,,,,,7,Jonathan Taylor,8,1,8,Travis Etienne Jr.,17,2,5,Kenneth Walker III,41,4,5,4,Calvin Ridley,65,6,5,Diontae Johnson,80,7,8,Khalil Shakir,104,9,8,1,Dalton Kincaid,56,5,8,1,Matt Gay,176.0,15.0,8.0,1,Jets,152,13,8
2024,malle_dips_pouches,15,2,Justin Herbert,127,11,7,Caleb Williams,138.0,12.0,6.0,3,Joe Mixon,42,4,6,Rhamondre Stevenson,55,5,7,Brian Robinson,79,7,7,6,A.J. Brown,7,1,7,Drake London,18,2,6,Jaylen Waddle,31,3,7,2,Kyle Pitts Sr.,66,6,6,1,Harrison Butker,114.0,10.0,6.0,1,Steelers,162,14,6
2025,Buttermilk Puuump,15,2,Jared Goff,105,9,9,Jordan Love,153.0,13.0,9.0,5,Josh Jacobs,9,1,9,Breece Hall,33,3,9,Aaron Jones Sr.,64,6,4,5,Amon-Ra St. Brown,16,2,4,George Pickens,40,4,4,Travis Hunter,57,5,9,1,Evan Engram,81,7,9,1,Tyler Bass,160.0,14.0,4.0,1,49ers,177,15,9
2025,Ginger FC,15,1,Justin Herbert,113,10,5,,,,,5,Derrick Henry,8,1,8,Travis Etienne Jr.,80,7,8,De'Von Achane,104,9,8,6,Tyreek Hill,17,2,5,Davante Adams,32,3,8,DeVonta Smith,41,4,5,1,Mark Andrews,56,5,8,1,Evan McPherson,176.0,15.0,8.0,1,Chiefs,161,14,5
2025,Joe Mantegna,15,2,Bo Nix,73,7,1,Trevor Lawrence,168.0,14.0,12.0,3,Omarion Hampton,24,2,12,RJ Harvey,48,4,12,Jacory Croskey-Merritt,97,9,1,6,Ja'Marr Chase,1,1,1,Malik Nabers,25,3,1,Zay Flowers,49,5,1,2,Tucker Kraft,72,6,12,1,Brandon Aubrey,145.0,13.0,1.0,1,Lions,169,15,1
2025,Malle ❤️ 🐸,15,2,Jayden Daniels,37,4,1,Brock Purdy,85.0,8.0,1.0,4,D'Andre Swift,60,5,12,Isiah Pacheco,61,6,1,Jerome Ford,133,12,1,5,Drake London,12,1,12,Brian Thomas Jr.,13,2,1,Jordan Addison,84,7,12,2,George Kittle,36,3,12,1,Jason Sanders,180.0,15.0,12.0,1,Eagles,157,14,1
2025,Patty Primetimes,15,2,Josh Allen,23,2,11,Caleb Williams,143.0,12.0,11.0,5,Saquon Barkley,2,1,2,James Cook III,26,3,2,J.K. Dobbins,74,7,2,4,DK Metcalf,47,4,11,Courtland Sutton,50,5,2,Ladd McConkey,95,8,11,2,Travis Kelce,71,6,11,1,Cameron Dicker,146.0,13.0,2.0,1,Texans,170,15,2
2025,Pop Lockett Drop it,15,1,Lamar Jackson,29,3,5,,,,,5,Kenneth Walker III,20,2,8,Kaleb Johnson,68,6,8,Javonte Williams,92,8,8,6,CeeDee Lamb,5,1,5,Tetairoa McMillan,53,5,5,Rome Odunze,77,7,5,1,Trey McBride,44,4,8,1,Jake Bates,149.0,13.0,5.0,1,Packers,173,15,5
2025,Post Mahomes,15,1,Patrick Mahomes,52,5,4,,,,,6,Jahmyr Gibbs,4,1,4,Jordan Mason,76,7,4,Austin Ekeler,93,8,9,5,Tee Higgins,28,3,4,Garrett Wilson,45,4,9,Ricky Pearsall,69,6,9,1,Brock Bowers,21,2,9,1,Harrison Butker,172.0,15.0,4.0,1,Broncos,141,12,9
2025,The Big Gronkowski,15,3,Dak Prescott,83,7,11,Drake Maye,107.0,9.0,11.0,4,Chuba Hubbard,35,3,11,TreVeyon Henderson,38,4,2,Braelon Allen,86,8,2,4,Nico Collins,11,1,11,A.J. Brown,14,2,2,Jameson Williams,62,6,2,2,T.J. Hockenson,59,5,11,1,Ka'imi Fairbairn,158.0,14.0,2.0,1,Jets,179,15,11
2025,ThreatLevelMidnight,15,1,Baker Mayfield,94,8,10,,,,,6,Bijan Robinson,3,1,3,James Conner,22,2,10,Tony Pollard,46,4,10,5,Marvin Harrison Jr.,27,3,3,DJ Moore,51,5,3,Xavier Worthy,70,6,10,1,Jake Ferguson,118,10,10,1,Chase McLaughlin,171.0,15.0,3.0,1,Bills,166,14,10
2025,Uncle Rico,15,2,Joe Burrow,42,4,6,J.J. McCarthy,138.0,12.0,6.0,4,Christian McCaffrey,7,1,7,Jonathan Taylor,18,2,6,Bhayshul Tuten,103,9,7,6,Terry McLaurin,31,3,7,Jaylen Waddle,55,5,7,Emeka Egbuka,66,6,6,1,Dalton Kincaid,127,11,7,1,Wil Lutz,175.0,15.0,7.0,1,Steelers,162,14,6
2025,Voldemort,15,2,Kyler Murray,91,8,7,Justin Fields,139.0,12.0,7.0,5,Chase Brown,19,2,7,Alvin Kamara,43,4,7,David Montgomery,54,5,6,4,Justin Jefferson,6,1,6,Jaxon Smith-Njigba,30,3,6,Puka Nacua,102,9,6,2,David Njoku,78,7,6,1,Chris Boswell,174.0,15.0,6.0,1,Vikings,163,14,7
2025,malle_dips_pouches,15,1,Jalen Hurts,39,4,3,,,,,4,Ashton Jeanty,10,1,10,Bucky Irving,15,2,3,Tyrone Tracy Jr.,63,6,3,6,Mike Evans,34,3,10,Calvin Ridley,58,5,10,Stefon Diggs,82,7,10,2,Sam LaPorta,106,9,10,1,Jake Elliott,178.0,15.0,10.0,1,Ravens,159,14,3
2026,Buttermilk Puuump,15,2,Dak Prescott,77,7,5,Malik Willis,173.0,15.0,5.0,3,De'Von Achane,5,1,5,Breece Hall,20,2,8,Rico Dowdle,68,6,8,6,George Pickens,29,3,5,Luther Burden III,44,4,8,Terry McLaurin,53,5,5,2,Mark Andrews,92,8,8,1,Harrison Mevis,140.0,12.0,8.0,1,Broncos,149,13,5
2026,Ginger FC,15,1,Bo Nix,108,9,12,,,,,5,Derrick Henry,13,2,1,David Montgomery,36,3,12,Jordan Mason,84,7,12,6,Justin Jefferson,12,1,12,Tetairoa McMillan,37,4,1,Chris Olave,60,5,12,1,Dalton Kincaid,109,10,1,1,Jake Bates,180.0,15.0,12.0,1,Jaguars,157,14,1
2026,Joe Mantegna,15,3,Caleb Williams,70,6,10,Trevor Lawrence,94.0,8.0,10.0,3,Jadarian Price,46,4,10,Rhamondre Stevenson,51,5,3,Keaton Mitchell,123,11,3,4,Ja'Marr Chase,3,1,3,DeVonta Smith,27,3,3,Mike Evans,75,7,3,3,Brock Bowers,22,2,10,1,Tyler Loop,171.0,15.0,3.0,1,Patriots,166,14,10
2026,Malle ❤️ 🐸,15,2,Jalen Hurts,69,6,9,Jaxson Dart,141.0,12.0,9.0,4,Omarion Hampton,21,2,9,Jeremiyah Love,28,3,4,D'Andre Swift,45,4,9,5,Puka Nacua,4,1,4,Davante Adams,52,5,4,Stefon Diggs,93,8,9,2,Travis Kelce,76,7,4,1,Will Reichard,172.0,15.0,4.0,1,Vikings,165,14,9
2026,Patty Primetimes,15,2,Josh Allen,26,3,2,Baker Mayfield,170.0,15.0,2.0,4,Bijan Robinson,2,1,2,James Cook III,23,2,11,Tyler Allgeier,119,10,11,5,DJ Moore,47,4,11,Jameson Williams,50,5,2,Carnell Tate,71,6,11,2,George Kittle,74,7,2,1,Evan McPherson,167.0,14.0,11.0,1,Rams,143,12,11
2026,Pop Lockett Drop it,15,1,Justin Herbert,89,8,5,,,,,4,Kenneth Walker III,17,2,5,MarShawn Lloyd,65,6,5,Javonte Williams,80,7,8,7,Amon-Ra St. Brown,8,1,8,Emeka Egbuka,41,4,5,Christian Watson,56,5,8,1,Trey McBride,32,3,8,1,Jason Myers,161.0,14.0,5.0,1,Lions,176,15,8
2026,Post Mahomes,15,1,Patrick Mahomes,130,11,10,,,,,6,Chase Brown,10,1,10,Jaylen Warren,58,5,10,RJ Harvey,87,8,3,5,A.J. Brown,15,2,3,Tee Higgins,34,3,10,Ladd McConkey,39,4,3,1,Harold Fannin Jr.,63,6,3,1,Cam Little,159.0,14.0,3.0,1,Texans,135,12,3
2026,The Big Gronkowski,15,2,Drake Maye,90,8,6,Jordan Love,151.0,13.0,7.0,5,Travis Etienne Jr.,31,3,7,Bhayshul Tuten,42,4,6,Tony Pollard,66,6,6,5,CeeDee Lamb,7,1,7,Malik Nabers,18,2,6,DK Metcalf,55,5,7,1,Sam LaPorta,79,7,7,1,Harrison Butker,175.0,15.0,7.0,1,Ravens,162,14,6
2026,ThreatLevelMidnight,15,1,Joe Burrow,54,5,6,,,,,7,Christian McCaffrey,6,1,6,Kyren Williams,19,2,7,Quinshon Judkins,43,4,7,4,Zay Flowers,30,3,6,Rashee Rice,67,6,7,Jayden Reed,91,8,7,1,Jake Ferguson,139,12,7,1,Ka'imi Fairbairn,150.0,13.0,6.0,1,Chargers,163,14,7
2026,Uncle Rico,15,2,Lamar Jackson,38,4,2,Matthew Stafford,134.0,12.0,2.0,4,Jonathan Taylor,11,1,11,Jonathon Brooks,62,6,2,Blake Corum,86,8,2,5,Nico Collins,14,2,2,Rome Odunze,59,5,11,Chris Godwin Jr.,83,7,11,2,Colston Loveland,35,3,11,1,Cameron Dicker,158.0,14.0,2.0,1,Steelers,179,15,11
2026,Voldemort,15,2,Jayden Daniels,64,6,4,Brock Purdy,129.0,11.0,9.0,5,Saquon Barkley,9,1,9,Bucky Irving,33,3,9,TreVeyon Henderson,57,5,9,4,Jaxon Smith-Njigba,16,2,4,Jaylen Waddle,40,4,4,Michael Pittman Jr.,105,9,9,2,Kyle Pitts Sr.,81,7,9,1,Cairo Santos,177.0,15.0,9.0,1,Eagles,160,14,4
2026,malle_dips_pouches,15,1,Jared Goff,121,11,1,,,,,4,Jahmyr Gibbs,1,1,1,Ashton Jeanty,24,2,12,Jacory Croskey-Merritt,72,6,12,6,Drake London,25,3,1,Garrett Wilson,49,5,1,Brian Thomas Jr.,73,7,1,2,Tucker Kraft,48,4,12,1,Brandon Aubrey,145.0,13.0,1.0,1,Seahawks,144,12,12
