year,date,team,added_player,acquisition_type,dropped_player,raw_text
2021,"Jan 2, 11:10 am",Malle ❤️ 🐸,Darnell Mooney,Free Agent,T.J. Hockenson,"

	
Darnell Mooney NYG - WR
Free Agent
T.J. Hockenson Min - TE Q
To Waivers
	
Malle ❤️ 🐸
Jan 2, 11:10 am"
2021,"Dec 31, 7:56 pm",ThreatLevelMidnight,,,Justin Jackson,"
	
Justin Jackson Det - RB NA
To Waivers
	
ThreatLevelMidnight
Dec 31, 7:56 pm"
2021,"Dec 31, 6:57 pm",ThreatLevelMidnight,Packers,Free Agent,Bears,"

	
Packers GB - DEF
Free Agent
Bears Chi - DEF
To Waivers
	
ThreatLevelMidnight
Dec 31, 6:57 pm"
2021,"Dec 31, 12:58 pm",ThreatLevelMidnight,Trey Lance,Free Agent,Taysom Hill,"

	
Trey Lance LAC - QB
Free Agent
Taysom Hill NO - QB NA
To Waivers
	
ThreatLevelMidnight
Dec 31, 12:58 pm"
2021,"Dec 30, 1:11 pm",Post Mahomes,Dare Ogunbowale,Free Agent,Tony Pollard,"

	
Dare Ogunbowale LV - RB
Free Agent
Tony Pollard Ten - RB
To Waivers
	
Post Mahomes
Dec 30, 1:11 pm"
2021,"Dec 30, 11:52 am",Post Mahomes,Marlon Mack,Free Agent,,"
	
Marlon Mack Ari - RB NA
Free Agent
	
Post Mahomes
Dec 30, 11:52 am"
2021,"Dec 30, 11:52 am",Post Mahomes,Khalil Herbert,Free Agent,,"
	
Khalil Herbert SF - RB
Free Agent
	
Post Mahomes
Dec 30, 11:52 am"
2021,"Dec 30, 11:48 am",Post Mahomes,Chris Godwin Jr.,Free Agent,Darrel Williams,"

	
Chris Godwin Jr. TB - WR Q
Free Agent
Darrel Williams NO - RB NA
To Waivers
	
Post Mahomes
Dec 30, 11:48 am"
2021,"Dec 30, 11:48 am",Post Mahomes,Calvin Ridley,Free Agent,Rashod Bateman,"

	
Calvin Ridley Ten - WR SUSP
Free Agent
Rashod Bateman Bal - WR
To Waivers
	
Post Mahomes
Dec 30, 11:48 am"
2021,"Dec 30, 11:47 am",Post Mahomes,Cam Akers,Free Agent,,"
	
Cam Akers Sea - RB NA
Free Agent
	
Post Mahomes
Dec 30, 11:47 am"
2021,"Dec 30, 11:46 am",Post Mahomes,J.K. Dobbins,Free Agent,,"
	
J.K. Dobbins Den - RB Q
Free Agent
	
Post Mahomes
Dec 30, 11:46 am"
2021,"Dec 30, 11:46 am",Post Mahomes,,,Rhamondre Stevenson,"
	
Rhamondre Stevenson NE - RB
To Waivers
	
Post Mahomes
Dec 30, 11:46 am"
2021,"Dec 30, 11:46 am",Post Mahomes,,,Eagles,"
	
Eagles Phi - DEF
To Waivers
	
Post Mahomes
Dec 30, 11:46 am"
2021,"Dec 29, 8:30 am",ThreatLevelMidnight,Taysom Hill,Free Agent,,"
	
Taysom Hill NO - QB NA
Free Agent
	
ThreatLevelMidnight
Dec 29, 8:30 am"
2021,"Dec 29, 2:14 am",ThreatLevelMidnight,Bears,Waiver,Seahawks,"

	
Bears Chi - DEF
Waiver
Seahawks Sea - DEF
To Waivers
	
ThreatLevelMidnight
Dec 29, 2:14 am"
2021,"Dec 29, 2:14 am",Pop Lockett Drop it,Foster Moreau,Waiver,Darnell Mooney,"

	
Foster Moreau Hou - TE
Waiver
Darnell Mooney NYG - WR
To Waivers
	
Pop Lockett Drop it
Dec 29, 2:14 am"
2021,"Dec 28, 5:47 pm",Voldemort,,,Kendrick Bourne,"
	
Kendrick Bourne Ari - WR
To Waivers
	
Voldemort
Dec 28, 5:47 pm"
2021,"Dec 28, 8:18 am",ThreatLevelMidnight,,,Noah Fant,"
	
Noah Fant NO - TE
To Waivers
	
ThreatLevelMidnight
Dec 28, 8:18 am"
2021,"Dec 26, 3:25 pm",Pop Lockett Drop it,Jaret Patterson,Free Agent,Russell Gage Jr.,"

	
Jaret Patterson LAC - RB
Free Agent
Russell Gage Jr. SF - WR NA
To Waivers
	
Pop Lockett Drop it
Dec 26, 3:25 pm"
2021,"Dec 26, 3:24 pm",Pop Lockett Drop it,Ben Roethlisberger,Free Agent,Teddy Bridgewater,"

	
Ben Roethlisberger Pit - QB NA
Free Agent
Teddy Bridgewater TB - QB NA
To Waivers
	
Pop Lockett Drop it
Dec 26, 3:24 pm"
2021,"Dec 26, 11:55 am",malle_dips_pouches,Tua Tagovailoa,Free Agent,,"

	
Tua Tagovailoa Atl - QB
Free Agent
Zach Wilson NO - QB
To Free Agent
	
malle_dips_pouches
Dec 26, 11:55 am"
2021,"Dec 26, 11:40 am",malle_dips_pouches,Zach Wilson,Free Agent,Justin Fields,"

	
Zach Wilson NO - QB
Free Agent
Justin Fields KC - QB
To Waivers
	
malle_dips_pouches
Dec 26, 11:40 am"
2021,"Dec 25, 9:10 am",Voldemort,Jordan Howard,Free Agent,,"
	
Jordan Howard NO - RB NA
Free Agent
	
Voldemort
Dec 25, 9:10 am"
2021,"Dec 25, 9:10 am",Voldemort,,,Calvin Ridley,"
	
Calvin Ridley Ten - WR SUSP
To Waivers
	
Voldemort
Dec 25, 9:10 am"
2021,"Dec 24, 10:17 am",Post Mahomes,Rashod Bateman,Free Agent,,"
	
Rashod Bateman Bal - WR
Free Agent
	
Post Mahomes
Dec 24, 10:17 am"
2021,"Dec 24, 10:15 am",Post Mahomes,,,Gabe Davis,"
	
Gabe Davis Buf - WR NA
To Waivers
	
Post Mahomes
Dec 24, 10:15 am"
2021,"Dec 23, 5:20 pm",Malle ❤️ 🐸,Falcons,Free Agent,Browns,"

	
Falcons Atl - DEF
Free Agent
Browns Cle - DEF
To Waivers
	
Malle ❤️ 🐸
Dec 23, 5:20 pm"
2021,"Dec 23, 11:59 am",ThreatLevelMidnight,Hunter Henry,Free Agent,Taysom Hill,"

	
Hunter Henry NE - TE
Free Agent
Taysom Hill NO - QB NA
To Waivers
	
ThreatLevelMidnight
Dec 23, 11:59 am"
2021,"Dec 23, 9:38 am",ThreatLevelMidnight,Greg Zuerlein,Free Agent,Tyler Bass,"

	
Greg Zuerlein NYJ - K NA
Free Agent
Tyler Bass Buf - K
To Waivers
	
ThreatLevelMidnight
Dec 23, 9:38 am"
2021,"Dec 23, 9:28 am",Post Mahomes,Saints,Free Agent,Rams,"

	
Saints NO - DEF
Free Agent
Rams LAR - DEF
To Waivers
	
Post Mahomes
Dec 23, 9:28 am"
2021,"Dec 23, 7:32 am",Post Mahomes,Gabe Davis,Free Agent,,"
	
Gabe Davis Buf - WR NA
Free Agent
	
Post Mahomes
Dec 23, 7:32 am"
2021,"Dec 23, 2:18 am",ThreatLevelMidnight,Amon-Ra St. Brown,Waiver,Chris Godwin Jr.,"

	
Amon-Ra St. Brown Det - WR
Waiver
Chris Godwin Jr. TB - WR Q
To Waivers
	
ThreatLevelMidnight
Dec 23, 2:18 am"
2021,"Dec 23, 2:18 am",Post Mahomes,Eagles,Waiver,Cardinals,"

	
Eagles Phi - DEF
Waiver
Cardinals Ari - DEF
To Waivers
	
Post Mahomes
Dec 23, 2:18 am"
2021,"Dec 23, 2:18 am",ThreatLevelMidnight,Justin Jackson,Waiver,Chuba Hubbard,"

	
Justin Jackson Det - RB NA
Waiver
Chuba Hubbard Car - RB
To Waivers
	
ThreatLevelMidnight
Dec 23, 2:18 am"
2021,"Dec 20, 4:21 am",Post Mahomes,,,Julio Jones,"
	
Julio Jones Phi - WR NA
To Waivers
	
Post Mahomes
Dec 20, 4:21 am"
2021,"Dec 19, 12:18 pm",malle_dips_pouches,C.J. Uzomah,Free Agent,Logan Thomas,"

	
C.J. Uzomah Phi - TE NA
Free Agent
Logan Thomas SF - TE NA
To Waivers
	
malle_dips_pouches
Dec 19, 12:18 pm"
2021,"Dec 19, 12:17 pm",malle_dips_pouches,Justin Fields,Free Agent,Taylor Heinicke,"

	
Justin Fields KC - QB
Free Agent
Taylor Heinicke LAC - QB NA
To Waivers
	
malle_dips_pouches
Dec 19, 12:17 pm"
2021,"Dec 18, 8:14 am",Voldemort,Jeff Wilson Jr.,Free Agent,Khalil Herbert,"

	
Jeff Wilson Jr. Mia - RB NA
Free Agent
Khalil Herbert SF - RB
To Waivers
	
Voldemort
Dec 18, 8:14 am"
2021,"Dec 16, 10:08 pm",ThreatLevelMidnight,Ronald Jones,Free Agent,Samaje Perine,"

	
Ronald Jones Dal - RB NA
Free Agent
Samaje Perine Cin - RB
To Waivers
	
ThreatLevelMidnight
Dec 16, 10:08 pm"
2021,"Dec 16, 7:00 pm",Joe Mantegna,49ers,Free Agent,Broncos,"

	
49ers SF - DEF
Free Agent
Broncos Den - DEF
To Waivers
	
Joe Mantegna
Dec 16, 7:00 pm"
2021,"Dec 16, 4:46 pm",Voldemort,Khalil Herbert,Free Agent,D'Ernest Johnson,"

	
Khalil Herbert SF - RB
Free Agent
D'Ernest Johnson Ten - RB
To Waivers
	
Voldemort
Dec 16, 4:46 pm"
2021,"Dec 15, 9:08 am",Post Mahomes,Cardinals,Free Agent,Packers,"

	
Cardinals Ari - DEF
Free Agent
Packers GB - DEF
To Waivers
	
Post Mahomes
Dec 15, 9:08 am"
2021,"Dec 15, 9:06 am",Post Mahomes,Rhamondre Stevenson,Free Agent,,"
	
Rhamondre Stevenson NE - RB
Free Agent
	
Post Mahomes
Dec 15, 9:06 am"
2021,"Dec 15, 3:03 am",Voldemort,D'Ernest Johnson,Waiver,Jeff Wilson Jr.,"

	
D'Ernest Johnson Ten - RB
Waiver
Jeff Wilson Jr. Mia - RB NA
To Waivers
	
Voldemort
Dec 15, 3:03 am"
2021,"Dec 15, 3:03 am",Ginger FC,Dolphins,Waiver,Saints,"

	
Dolphins Mia - DEF
Waiver
Saints NO - DEF
To Waivers
	
Ginger FC
Dec 15, 3:03 am"
2021,"Dec 15, 3:03 am",Voldemort,Jalen Hurts,Waiver,Greg Zuerlein,"

	
Jalen Hurts Phi - QB Q
Waiver
Greg Zuerlein NYJ - K NA
To Waivers
	
Voldemort
Dec 15, 3:03 am"
2021,"Dec 15, 3:03 am",Post Mahomes,Rashaad Penny,Waiver,Ameer Abdullah,"

	
Rashaad Penny Phi - RB NA
Waiver
Ameer Abdullah Jax - RB
To Waivers
	
Post Mahomes
Dec 15, 3:03 am"
2021,"Dec 14, 9:53 am",Post Mahomes,,,Dontrell Hilliard,"
	
Dontrell Hilliard Ten - RB NA
To Waivers
	
Post Mahomes
Dec 14, 9:53 am"
2021,"Dec 12, 4:47 pm",Voldemort,Christian Kirk,Free Agent,Elijah Moore,"

	
Christian Kirk SF - WR
Free Agent
Elijah Moore Phi - WR
To Waivers
	
Voldemort
Dec 12, 4:47 pm"
2021,"Dec 12, 2:54 pm",Big Sack Jack,Emmanuel Sanders,Free Agent,Kenny Golladay,"

	
Emmanuel Sanders Buf - WR NA
Free Agent
Kenny Golladay NYG - WR NA
To Waivers
	
Big Sack Jack
Dec 12, 2:54 pm"
2021,"Dec 12, 11:52 am",ThreatLevelMidnight,Samaje Perine,Free Agent,Rhamondre Stevenson,"

	
Samaje Perine Cin - RB
Free Agent
Rhamondre Stevenson NE - RB
To Waivers
	
ThreatLevelMidnight
Dec 12, 11:52 am"
2021,"Dec 12, 11:23 am",Joe Mantegna,Ty Johnson,Free Agent,,"

	
Ty Johnson Buf - RB
Free Agent
Christian Kirk SF - WR
To Free Agent
	
Joe Mantegna
Dec 12, 11:23 am"
2021,"Dec 12, 11:22 am",Joe Mantegna,Christian Kirk,Free Agent,Matt Breida,"

	
Christian Kirk SF - WR
Free Agent
Matt Breida SF - RB NA
To Waivers
	
Joe Mantegna
Dec 12, 11:22 am"
2021,"Dec 12, 11:17 am",Malle ❤️ 🐸,Jared Cook,Free Agent,Ryan Fitzpatrick,"

	
Jared Cook LAC - TE NA
Free Agent
Ryan Fitzpatrick Was - QB NA
To Waivers
	
Malle ❤️ 🐸
Dec 12, 11:17 am"
2021,"Dec 12, 11:16 am",Malle ❤️ 🐸,Marquez Valdes-Scantling,Free Agent,Jalen Hurts,"

	
Marquez Valdes-Scantling Dal - WR
Free Agent
Jalen Hurts Phi - QB Q
To Waivers
	
Malle ❤️ 🐸
Dec 12, 11:16 am"
2021,"Dec 12, 9:51 am",Pop Lockett Drop it,Jermar Jefferson,Free Agent,Tevin Coleman,"

	
Jermar Jefferson Min - RB
Free Agent
Tevin Coleman SF - RB NA
To Waivers
	
Pop Lockett Drop it
Dec 12, 9:51 am"
2021,"Dec 10, 6:28 pm",Voldemort,Jeff Wilson Jr.,Free Agent,Khalil Herbert,"

	
Jeff Wilson Jr. Mia - RB NA
Free Agent
Khalil Herbert SF - RB
To Waivers
	
Voldemort
Dec 10, 6:28 pm"
2021,"Dec 10, 3:31 pm",Malle ❤️ 🐸,Browns,Free Agent,Bears,"

	
Browns Cle - DEF
Free Agent
Bears Chi - DEF
To Waivers
	
Malle ❤️ 🐸
Dec 10, 3:31 pm"
2021,"Dec 9, 5:03 am",Voldemort,Khalil Herbert,Free Agent,Emmanuel Sanders,"

	
Khalil Herbert SF - RB
Free Agent
Emmanuel Sanders Buf - WR NA
To Waivers
	
Voldemort
Dec 9, 5:03 am"
2021,"Dec 8, 3:45 pm",Voldemort,Greg Zuerlein,Free Agent,Christian Kirk,"

	
Greg Zuerlein NYJ - K NA
Free Agent
Christian Kirk SF - WR
To Waivers
	
Voldemort
Dec 8, 3:45 pm"
2021,"Dec 8, 10:19 am",Patty Primetimes,Chargers,Free Agent,Tony Jones,"

	
Chargers LAC - DEF
Free Agent
Tony Jones Ari - RB NA
To Waivers
	
Patty Primetimes
Dec 8, 10:19 am"
2021,"Dec 8, 10:18 am",Patty Primetimes,Pat Freiermuth,Free Agent,Hunter Henry,"

	
Pat Freiermuth Pit - TE
Free Agent
Hunter Henry NE - TE
To Waivers
	
Patty Primetimes
Dec 8, 10:18 am"
2021,"Dec 8, 10:17 am",Ginger FC,Saints,Free Agent,Cardinals,"

	
Saints NO - DEF
Free Agent
Cardinals Ari - DEF
To Waivers
	
Ginger FC
Dec 8, 10:17 am"
2021,"Dec 8, 9:16 am",Post Mahomes,Ameer Abdullah,Free Agent,Rashod Bateman,"

	
Ameer Abdullah Jax - RB
Free Agent
Rashod Bateman Bal - WR
To Waivers
	
Post Mahomes
Dec 8, 9:16 am"
2021,"Dec 8, 7:07 am",ThreatLevelMidnight,Seahawks,Free Agent,,"
	
Seahawks Sea - DEF
Free Agent
	
ThreatLevelMidnight
Dec 8, 7:07 am"
2021,"Dec 8, 2:16 am",Joe Mantegna,Matt Breida,Waiver,Jared Cook,"

	
Matt Breida SF - RB NA
Waiver
Jared Cook LAC - TE NA
To Waivers
	
Joe Mantegna
Dec 8, 2:16 am"
2021,"Dec 8, 2:16 am",Joe Mantegna,David Johnson,Waiver,Nyheim Miller-Hines,"

	
David Johnson NO - RB NA
Waiver
Nyheim Miller-Hines LAC - RB NA
To Waivers
	
Joe Mantegna
Dec 8, 2:16 am"
2021,"Dec 8, 2:16 am",Pop Lockett Drop it,Titans,Waiver,Vikings,"

	
Titans Ten - DEF
Waiver
Vikings Min - DEF
To Waivers
	
Pop Lockett Drop it
Dec 8, 2:16 am"
2021,"Dec 8, 2:16 am",Joe Mantegna,Broncos,Waiver,Eagles,"

	
Broncos Den - DEF
Waiver
Eagles Phi - DEF
To Waivers
	
Joe Mantegna
Dec 8, 2:16 am"
2021,"Dec 8, 2:16 am",Pop Lockett Drop it,Teddy Bridgewater,Waiver,Mac Jones,"

	
Teddy Bridgewater TB - QB NA
Waiver
Mac Jones SF - QB
To Waivers
	
Pop Lockett Drop it
Dec 8, 2:16 am"
2021,"Dec 7, 7:03 am",ThreatLevelMidnight,,,Colts,"
	
Colts Ind - DEF
To Waivers
	
ThreatLevelMidnight
Dec 7, 7:03 am"
2021,"Dec 6, 3:21 pm",Post Mahomes,Julio Jones,Free Agent,,"
	
Julio Jones Phi - WR NA
Free Agent
	
Post Mahomes
Dec 6, 3:21 pm"
2021,"Dec 6, 3:20 pm",Post Mahomes,,,Dolphins,"
	
Dolphins Mia - DEF
To Waivers
	
Post Mahomes
Dec 6, 3:20 pm"
2021,"Dec 6, 3:20 pm",Post Mahomes,Packers,Free Agent,,"
	
Packers GB - DEF
Free Agent
	
Post Mahomes
Dec 6, 3:20 pm"
2021,"Dec 5, 2:39 pm",Post Mahomes,Dontrell Hilliard,Free Agent,,"
	
Dontrell Hilliard Ten - RB NA
Free Agent
	
Post Mahomes
Dec 5, 2:39 pm"
2021,"Dec 5, 11:45 am",Big Sack Jack,Kenyan Drake,Free Agent,Baker Mayfield,"

	
Kenyan Drake Bal - RB NA
Free Agent
Baker Mayfield TB - QB Q
To Waivers
	
Big Sack Jack
Dec 5, 11:45 am"
2021,"Dec 5, 10:03 am",Uncle Rico,Ravens,Free Agent,49ers,"

	
Ravens Bal - DEF
Free Agent
49ers SF - DEF
To Waivers
	
Uncle Rico
Dec 5, 10:03 am"
2021,"Dec 5, 10:02 am",Uncle Rico,Boston Scott,Free Agent,David Johnson,"

	
Boston Scott Pit - RB NA
Free Agent
David Johnson NO - RB NA
To Waivers
	
Uncle Rico
Dec 5, 10:02 am"
2021,"Dec 5, 10:01 am",Uncle Rico,A.J. Green,Free Agent,Christian McCaffrey,"

	
A.J. Green Ari - WR NA
Free Agent
Christian McCaffrey SF - RB Q
To Waivers
	
Uncle Rico
Dec 5, 10:01 am"
2021,"Dec 4, 2:12 am",Joe Mantegna,Nyheim Miller-Hines,Waiver,Michael Badgley,"

	
Nyheim Miller-Hines LAC - RB NA
Waiver
Michael Badgley Ind - K NA
To Waivers
	
Joe Mantegna
Dec 4, 2:12 am"
2021,"Dec 1, 6:07 pm",Malle ❤️ 🐸,Raiders,Free Agent,Jaguars,"

	
Raiders LV - DEF
Free Agent
Jaguars Jax - DEF
To Waivers
	
Malle ❤️ 🐸
Dec 1, 6:07 pm"
2021,"Dec 1, 5:34 pm",Pop Lockett Drop it,Russell Gage Jr.,Free Agent,Pat Freiermuth,"

	
Russell Gage Jr. SF - WR NA
Free Agent
Pat Freiermuth Pit - TE
To Waivers
	
Pop Lockett Drop it
Dec 1, 5:34 pm"
2021,"Dec 1, 12:41 pm",The Big Gronkowski,Chiefs,Free Agent,Nyheim Miller-Hines,"

	
Chiefs KC - DEF
Free Agent
Nyheim Miller-Hines LAC - RB NA
To Waivers
	
The Big Gronkowski
Dec 1, 12:41 pm"
2021,"Dec 1, 7:55 am",ThreatLevelMidnight,Taysom Hill,Free Agent,Kadarius Toney,"

	
Taysom Hill NO - QB NA
Free Agent
Kadarius Toney Cle - WR NA
To Waivers
	
ThreatLevelMidnight
Dec 1, 7:55 am"
2021,"Dec 1, 6:56 am",ThreatLevelMidnight,Colts,Free Agent,Bengals,"

	
Colts Ind - DEF
Free Agent
Bengals Cin - DEF
To Waivers
	
ThreatLevelMidnight
Dec 1, 6:56 am"
2021,"Dec 1, 3:48 am",Post Mahomes,Matt Gay,Free Agent,Evan McPherson,"

	
Matt Gay LV - K
Free Agent
Evan McPherson Cin - K
To Waivers
	
Post Mahomes
Dec 1, 3:48 am"
2021,"Dec 1, 3:25 am",Ginger FC,Van Jefferson,Waiver,Devontae Booker,"

	
Van Jefferson Was - WR
Waiver
Devontae Booker NYG - RB NA
To Waivers
	
Ginger FC
Dec 1, 3:25 am"
2021,"Dec 1, 3:25 am",Pop Lockett Drop it,Vikings,Waiver,Ravens,"

	
Vikings Min - DEF
Waiver
Ravens Bal - DEF
To Waivers
	
Pop Lockett Drop it
Dec 1, 3:25 am"
2021,"Dec 1, 3:25 am",Ginger FC,Cardinals,Waiver,Texans,"

	
Cardinals Ari - DEF
Waiver
Texans Hou - DEF
To Waivers
	
Ginger FC
Dec 1, 3:25 am"
2021,"Dec 1, 3:25 am",Voldemort,Kendrick Bourne,Waiver,Jeff Wilson Jr.,"

	
Kendrick Bourne Ari - WR
Waiver
Jeff Wilson Jr. Mia - RB NA
To Waivers
	
Voldemort
Dec 1, 3:25 am"
2021,"Nov 30, 9:50 am",Post Mahomes,,,Cedrick Wilson Jr.,"
	
Cedrick Wilson Jr. Det - WR
To Waivers
	
Post Mahomes
Nov 30, 9:50 am"
2021,"Nov 30, 9:50 am",Post Mahomes,,,Cam Newton,"
	
Cam Newton Car - QB NA
To Waivers
	
Post Mahomes
Nov 30, 9:50 am"
2021,"Nov 28, 11:54 am",Big Sack Jack,Kenny Golladay,Free Agent,Sterling Shepard,"

	
Kenny Golladay NYG - WR NA
Free Agent
Sterling Shepard Hou - WR Q
To Waivers
	
Big Sack Jack
Nov 28, 11:54 am"
2021,"Nov 28, 11:53 am",Big Sack Jack,Steelers,Free Agent,Cardinals,"

	
Steelers Pit - DEF
Free Agent
Cardinals Ari - DEF
To Waivers
	
Big Sack Jack
Nov 28, 11:53 am"
2021,"Nov 28, 11:52 am",Big Sack Jack,Baker Mayfield,Free Agent,Kenny Gainwell,"

	
Baker Mayfield TB - QB Q
Free Agent
Kenny Gainwell TB - RB
To Waivers
	
Big Sack Jack
Nov 28, 11:52 am"
2021,"Nov 28, 10:49 am",malle_dips_pouches,Taylor Heinicke,Free Agent,,"
	
Taylor Heinicke LAC - QB NA
Free Agent
	
malle_dips_pouches
Nov 28, 10:49 am"
2021,"Nov 28, 10:49 am",malle_dips_pouches,,,C.J. Uzomah,"
	
C.J. Uzomah Phi - TE NA
To Waivers
	
malle_dips_pouches
Nov 28, 10:49 am"
2021,"Nov 28, 10:49 am",malle_dips_pouches,,,Zack Moss,"
	
Zack Moss Cin - RB NA
To Waivers
	
malle_dips_pouches
Nov 28, 10:49 am"
2021,"Nov 28, 10:36 am",Uncle Rico,J.D. McKissic,Free Agent,Brandon Bolden,"

	
J.D. McKissic Was - RB NA
Free Agent
Brandon Bolden LV - RB NA
To Waivers
	
Uncle Rico
Nov 28, 10:36 am"
2021,"Nov 28, 9:49 am",Post Mahomes,Cam Newton,Free Agent,Tua Tagovailoa,"

	
Cam Newton Car - QB NA
Free Agent
Tua Tagovailoa Atl - QB
To Waivers
	
Post Mahomes
Nov 28, 9:49 am"
2021,"Nov 26, 2:00 pm",Malle ❤️ 🐸,Jaguars,Free Agent,Greg Zuerlein,"

	
Jaguars Jax - DEF
Free Agent
Greg Zuerlein NYJ - K NA
To Waivers
	
Malle ❤️ 🐸
Nov 26, 2:00 pm"
2021,"Nov 25, 6:08 pm",Patty Primetimes,Tony Jones,Free Agent,Jeremy McNichols,"

	
Tony Jones Ari - RB NA
Free Agent
Jeremy McNichols Was - RB
To Waivers
	
Patty Primetimes
Nov 25, 6:08 pm"
2021,"Nov 25, 10:24 am",Post Mahomes,Cedrick Wilson Jr.,Free Agent,Kenny Golladay,"

	
Cedrick Wilson Jr. Det - WR
Free Agent
Kenny Golladay NYG - WR NA
To Waivers
	
Post Mahomes
Nov 25, 10:24 am"
2021,"Nov 25, 9:40 am",Pop Lockett Drop it,Tevin Coleman,Free Agent,Kenyan Drake,"

	
Tevin Coleman SF - RB NA
Free Agent
Kenyan Drake Bal - RB NA
To Waivers
	
Pop Lockett Drop it
Nov 25, 9:40 am"
2021,"Nov 25, 8:35 am",Patty Primetimes,Rex Burkhead,Free Agent,Chris Carson,"

	
Rex Burkhead Hou - RB NA
Free Agent
Chris Carson Sea - RB NA
To Waivers
	
Patty Primetimes
Nov 25, 8:35 am"
2021,"Nov 24, 1:34 pm",ThreatLevelMidnight,Alexander Mattison,Free Agent,J.D. McKissic,"

	
Alexander Mattison Mia - RB NA
Free Agent
J.D. McKissic Was - RB NA
To Waivers
	
ThreatLevelMidnight
Nov 24, 1:34 pm"
2021,"Nov 24, 1:34 pm",ThreatLevelMidnight,Sony Michel,Free Agent,,"
	
Sony Michel LAC - RB NA
Free Agent
	
ThreatLevelMidnight
Nov 24, 1:34 pm"
2021,"Nov 24, 1:33 pm",ThreatLevelMidnight,,,Dan Arnold,"
	
Dan Arnold Jax - TE NA
To Waivers
	
ThreatLevelMidnight
Nov 24, 1:33 pm"
2021,"Nov 24, 6:49 am",Post Mahomes,Rams,Free Agent,,"
	
Rams LAR - DEF
Free Agent
	
Post Mahomes
Nov 24, 6:49 am"
2021,"Nov 24, 6:49 am",Post Mahomes,Evan McPherson,Free Agent,Randy Bullock,"

	
Evan McPherson Cin - K
Free Agent
Randy Bullock NYG - K NA
To Waivers
	
Post Mahomes
Nov 24, 6:49 am"
2021,"Nov 24, 6:31 am",Uncle Rico,David Johnson,Free Agent,Randall Cobb,"

	
David Johnson NO - RB NA
Free Agent
Randall Cobb NYJ - WR NA
To Waivers
	
Uncle Rico
Nov 24, 6:31 am"
2021,"Nov 24, 6:20 am",Uncle Rico,Jakobi Meyers,Free Agent,Bryan Edwards,"

	
Jakobi Meyers Jax - WR
Free Agent
Bryan Edwards KC - WR NA
To Waivers
	
Uncle Rico
Nov 24, 6:20 am"
2021,"Nov 24, 2:51 am",ThreatLevelMidnight,Bengals,Free Agent,,"
	
Bengals Cin - DEF
Free Agent
	
ThreatLevelMidnight
Nov 24, 2:51 am"
2021,"Nov 24, 2:21 am",Pop Lockett Drop it,Pat Freiermuth,Waiver,Ty Johnson,"

	
Pat Freiermuth Pit - TE
Waiver
Ty Johnson Buf - RB
To Waivers
	
Pop Lockett Drop it
Nov 24, 2:21 am"
2021,"Nov 24, 2:21 am",Ginger FC,Texans,Waiver,Titans,"

	
Texans Hou - DEF
Waiver
Titans Ten - DEF
To Waivers
	
Ginger FC
Nov 24, 2:21 am"
2021,"Nov 24, 2:21 am",Voldemort,Elijah Moore,Waiver,D'Ernest Johnson,"

	
Elijah Moore Phi - WR
Waiver
D'Ernest Johnson Ten - RB
To Waivers
	
Voldemort
Nov 24, 2:21 am"
2021,"Nov 24, 2:21 am",Joe Mantegna,Michael Badgley,Waiver,,"
	
Michael Badgley Ind - K NA
Waiver
	
Joe Mantegna
Nov 24, 2:21 am"
2021,"Nov 24, 2:21 am",Malle ❤️ 🐸,Bears,Waiver,Chargers,"

	
Bears Chi - DEF
Waiver
Chargers LAC - DEF
To Waivers
	
Malle ❤️ 🐸
Nov 24, 2:21 am"
2021,"Nov 23, 12:00 pm",ThreatLevelMidnight,,,Browns,"
	
Browns Cle - DEF
To Waivers
	
ThreatLevelMidnight
Nov 23, 12:00 pm"
2021,"Nov 23, 5:37 am",Joe Mantegna,,,Adrian Peterson,"
	
Adrian Peterson Sea - RB NA
To Waivers
	
Joe Mantegna
Nov 23, 5:37 am"
2021,"Nov 23, 5:37 am",Joe Mantegna,,,A.J. Green,"
	
A.J. Green Ari - WR NA
To Waivers
	
Joe Mantegna
Nov 23, 5:37 am"
2021,"Nov 21, 11:34 am",malle_dips_pouches,C.J. Uzomah,Free Agent,Mo Alie-Cox,"

	
C.J. Uzomah Phi - TE NA
Free Agent
Mo Alie-Cox Ind - TE
To Waivers
	
malle_dips_pouches
Nov 21, 11:34 am"
2021,"Nov 21, 10:55 am",Uncle Rico,Jimmy Garoppolo,Free Agent,Van Jefferson,"

	
Jimmy Garoppolo LAR - QB NA
Free Agent
Van Jefferson Was - WR
To Waivers
	
Uncle Rico
Nov 21, 10:55 am"
2021,"Nov 21, 10:40 am",Post Mahomes,Tua Tagovailoa,Free Agent,Elijah Moore,"

	
Tua Tagovailoa Atl - QB
Free Agent
Elijah Moore Phi - WR
To Waivers
	
Post Mahomes
Nov 21, 10:40 am"
2021,"Nov 21, 10:14 am",ThreatLevelMidnight,J.D. McKissic,Free Agent,Alexander Mattison,"

	
J.D. McKissic Was - RB NA
Free Agent
Alexander Mattison Mia - RB NA
To Waivers
	
ThreatLevelMidnight
Nov 21, 10:14 am"
2021,"Nov 20, 2:13 am",Patty Primetimes,Matt Prater,Waiver,Matt Gay,"

	
Matt Prater Buf - K NA
Waiver
Matt Gay LV - K
To Waivers
	
Patty Primetimes
Nov 20, 2:13 am"
2021,"Nov 18, 12:59 pm",Patty Primetimes,Chris Boswell,Free Agent,Julio Jones,"

	
Chris Boswell Pit - K
Free Agent
Julio Jones Phi - WR NA
To Waivers
	
Patty Primetimes
Nov 18, 12:59 pm"
2021,"Nov 17, 9:14 pm",Joe Mantegna,Eagles,Free Agent,Broncos,"

	
Eagles Phi - DEF
Free Agent
Broncos Den - DEF
To Waivers
	
Joe Mantegna
Nov 17, 9:14 pm"
2021,"Nov 17, 10:43 am",ThreatLevelMidnight,Alexander Mattison,Free Agent,,"
	
Alexander Mattison Mia - RB NA
Free Agent
	
ThreatLevelMidnight
Nov 17, 10:43 am"
2021,"Nov 17, 10:43 am",ThreatLevelMidnight,,,Jakobi Meyers,"
	
Jakobi Meyers Jax - WR
To Waivers
	
ThreatLevelMidnight
Nov 17, 10:43 am"
2021,"Nov 17, 9:20 am",Pop Lockett Drop it,Ty Johnson,Free Agent,Sony Michel,"

	
Ty Johnson Buf - RB
Free Agent
Sony Michel LAC - RB NA
To Waivers
	
Pop Lockett Drop it
Nov 17, 9:20 am"
2021,"Nov 17, 9:15 am",Malle ❤️ 🐸,Chargers,Free Agent,Rams,"

	
Chargers LAC - DEF
Free Agent
Rams LAR - DEF
To Waivers
	
Malle ❤️ 🐸
Nov 17, 9:15 am"
2021,"Nov 17, 8:44 am",Post Mahomes,Elijah Moore,Free Agent,,"
	
Elijah Moore Phi - WR
Free Agent
	
Post Mahomes
Nov 17, 8:44 am"
2021,"Nov 17, 8:43 am",Post Mahomes,Randy Bullock,Free Agent,Matt Prater,"

	
Randy Bullock NYG - K NA
Free Agent
Matt Prater Buf - K NA
To Waivers
	
Post Mahomes
Nov 17, 8:43 am"
2021,"Nov 17, 7:11 am",Post Mahomes,Dolphins,Free Agent,Steelers,"

	
Dolphins Mia - DEF
Free Agent
Steelers Pit - DEF
To Waivers
	
Post Mahomes
Nov 17, 7:11 am"
2021,"Nov 17, 6:10 am",Uncle Rico,Ryan Succop,Free Agent,Michael Badgley,"

	
Ryan Succop TB - K NA
Free Agent
Michael Badgley Ind - K NA
To Waivers
	
Uncle Rico
Nov 17, 6:10 am"
2021,"Nov 17, 6:09 am",Uncle Rico,49ers,Free Agent,Raiders,"

	
49ers SF - DEF
Free Agent
Raiders LV - DEF
To Waivers
	
Uncle Rico
Nov 17, 6:09 am"
2021,"Nov 17, 2:40 am",Pop Lockett Drop it,Ravens,Waiver,Colts,"

	
Ravens Bal - DEF
Waiver
Colts Ind - DEF
To Waivers
	
Pop Lockett Drop it
Nov 17, 2:40 am"
2021,"Nov 17, 2:40 am",Ginger FC,Derek Carr,Waiver,Carson Wentz,"

	
Derek Carr NO - QB NA
Waiver
Carson Wentz Min - QB
To Waivers
	
Ginger FC
Nov 17, 2:40 am"
2021,"Nov 17, 2:40 am",Uncle Rico,D'Onta Foreman,Waiver,Jordan Howard,"

	
D'Onta Foreman Cle - RB NA
Waiver
Jordan Howard NO - RB NA
To Waivers
	
Uncle Rico
Nov 17, 2:40 am"
2021,"Nov 17, 2:40 am",Pop Lockett Drop it,Darnell Mooney,Waiver,Henry Ruggs III,"

	
Darnell Mooney NYG - WR
Waiver
Henry Ruggs III LV - WR NA
To Waivers
	
Pop Lockett Drop it
Nov 17, 2:40 am"
2021,"Nov 16, 7:22 am",Post Mahomes,,,Teddy Bridgewater,"
	
Teddy Bridgewater TB - QB NA
To Waivers
	
Post Mahomes
Nov 16, 7:22 am"
2021,"Nov 16, 6:18 am",The Big Gronkowski,,,Brandon McManus,"
	
Brandon McManus GB - K NA
To Waivers
	
The Big Gronkowski
Nov 16, 6:18 am"
2021,"Nov 15, 2:20 pm",Voldemort,Jeff Wilson Jr.,Free Agent,Russell Gage Jr.,"

	
Jeff Wilson Jr. Mia - RB NA
Free Agent
Russell Gage Jr. SF - WR NA
To Waivers
	
Voldemort
Nov 15, 2:20 pm"
2021,"Nov 14, 12:43 pm",Post Mahomes,Teddy Bridgewater,Free Agent,,"
	
Teddy Bridgewater TB - QB NA
Free Agent
	
Post Mahomes
Nov 14, 12:43 pm"
2021,"Nov 14, 12:36 pm",Post Mahomes,,,J.D. McKissic,"
	
J.D. McKissic Was - RB NA
To Waivers
	
Post Mahomes
Nov 14, 12:36 pm"
2021,"Nov 14, 10:20 am",Patty Primetimes,Jamison Crowder,Free Agent,,"

	
Jamison Crowder Was - WR NA
Free Agent
T.Y. Hilton Dal - WR NA
To Free Agent
	
Patty Primetimes
Nov 14, 10:20 am"
2021,"Nov 14, 10:19 am",Patty Primetimes,T.Y. Hilton,Free Agent,Derek Carr,"

	
T.Y. Hilton Dal - WR NA
Free Agent
Derek Carr NO - QB NA
To Waivers
	
Patty Primetimes
Nov 14, 10:19 am"
2021,"Nov 14, 10:08 am",Voldemort,Russell Gage Jr.,Free Agent,Robert Woods,"

	
Russell Gage Jr. SF - WR NA
Free Agent
Robert Woods Pit - WR NA
To Waivers
	
Voldemort
Nov 14, 10:08 am"
2021,"Nov 13, 2:12 am",malle_dips_pouches,Zack Moss,Waiver,Derrick Gore,"

	
Zack Moss Cin - RB NA
Waiver
Derrick Gore Was - RB NA
To Waivers
	
malle_dips_pouches
Nov 13, 2:12 am"
2021,"Nov 12, 11:29 am",ThreatLevelMidnight,Rhamondre Stevenson,Free Agent,Ravens,"

	
Rhamondre Stevenson NE - RB
Free Agent
Ravens Bal - DEF
To Waivers
	
ThreatLevelMidnight
Nov 12, 11:29 am"
2021,"Nov 12, 8:01 am",Malle ❤️ 🐸,Mike Davis,Free Agent,Alexander Mattison,"

	
Mike Davis Bal - RB NA
Free Agent
Alexander Mattison Mia - RB NA
To Waivers
	
Malle ❤️ 🐸
Nov 12, 8:01 am"
2021,"Nov 10, 8:35 am",Uncle Rico,Raiders,Free Agent,Dolphins,"

	
Raiders LV - DEF
Free Agent
Dolphins Mia - DEF
To Waivers
	
Uncle Rico
Nov 10, 8:35 am"
2021,"Nov 10, 8:33 am",Uncle Rico,Jordan Howard,Free Agent,Boston Scott,"

	
Jordan Howard NO - RB NA
Free Agent
Boston Scott Pit - RB NA
To Waivers
	
Uncle Rico
Nov 10, 8:33 am"
2021,"Nov 10, 8:30 am",Uncle Rico,Brandon Bolden,Free Agent,Khalil Herbert,"

	
Brandon Bolden LV - RB NA
Free Agent
Khalil Herbert SF - RB
To Waivers
	
Uncle Rico
Nov 10, 8:30 am"
2021,"Nov 10, 8:28 am",Uncle Rico,Michael Badgley,Free Agent,Graham Gano,"

	
Michael Badgley Ind - K NA
Free Agent
Graham Gano NYG - K NA
To Waivers
	
Uncle Rico
Nov 10, 8:28 am"
2021,"Nov 10, 6:44 am",ThreatLevelMidnight,Michael Thomas,Free Agent,,"
	
Michael Thomas NO - WR NA
Free Agent
	
ThreatLevelMidnight
Nov 10, 6:44 am"
2021,"Nov 10, 6:36 am",ThreatLevelMidnight,Browns,Free Agent,Teddy Bridgewater,"

	
Browns Cle - DEF
Free Agent
Teddy Bridgewater TB - QB NA
To Waivers
	
ThreatLevelMidnight
Nov 10, 6:36 am"
2021,"Nov 10, 3:03 am",Post Mahomes,Rashod Bateman,Free Agent,Zack Moss,"

	
Rashod Bateman Bal - WR
Free Agent
Zack Moss Cin - RB NA
To Waivers
	
Post Mahomes
Nov 10, 3:03 am"
2021,"Nov 10, 2:18 am",Ginger FC,Carson Wentz,Waiver,,"
	
Carson Wentz Min - QB
Waiver
	
Ginger FC
Nov 10, 2:18 am"
2021,"Nov 10, 2:18 am",Voldemort,D'Ernest Johnson,Waiver,Packers,"

	
D'Ernest Johnson Ten - RB
Waiver
Packers GB - DEF
To Waivers
	
Voldemort
Nov 10, 2:18 am"
2021,"Nov 10, 2:18 am",Ginger FC,Titans,Waiver,Saints,"

	
Titans Ten - DEF
Waiver
Saints NO - DEF
To Waivers
	
Ginger FC
Nov 10, 2:18 am"
2021,"Nov 10, 2:18 am",Voldemort,Dawson Knox,Waiver,Carlos Hyde,"

	
Dawson Knox Buf - TE
Waiver
Carlos Hyde Jax - RB NA
To Waivers
	
Voldemort
Nov 10, 2:18 am"
2021,"Nov 9, 11:16 am",Ginger FC,,,Daniel Jones,"
	
Daniel Jones Ind - QB Q
To Waivers
	
Ginger FC
Nov 9, 11:16 am"
2021,"Nov 9, 10:05 am",Post Mahomes,,,Jordan Love,"
	
Jordan Love GB - QB
To Waivers
	
Post Mahomes
Nov 9, 10:05 am"
2021,"Nov 8, 11:05 am",ThreatLevelMidnight,,,Mike Davis,"
	
Mike Davis Bal - RB NA
To Waivers
	
ThreatLevelMidnight
Nov 8, 11:05 am"
2021,"Nov 8, 6:34 am",Voldemort,Buccaneers,Free Agent,Justin Fields,"

	
Buccaneers TB - DEF
Free Agent
Justin Fields KC - QB
To Waivers
	
Voldemort
Nov 8, 6:34 am"
2021,"Nov 7, 10:49 am",Voldemort,Justin Fields,Free Agent,,"
	
Justin Fields KC - QB
Free Agent
	
Voldemort
Nov 7, 10:49 am"
2021,"Nov 7, 10:49 am",Voldemort,,,Michael Thomas,"
	
Michael Thomas NO - WR NA
To Waivers
	
Voldemort
Nov 7, 10:49 am"
2021,"Nov 7, 10:39 am",ThreatLevelMidnight,Teddy Bridgewater,Free Agent,Tua Tagovailoa,"

	
Teddy Bridgewater TB - QB NA
Free Agent
Tua Tagovailoa Atl - QB
To Waivers
	
ThreatLevelMidnight
Nov 7, 10:39 am"
2021,"Nov 7, 10:38 am",Ginger FC,Deonte Harty,Free Agent,Dawson Knox,"

	
Deonte Harty Bal - WR NA
Free Agent
Dawson Knox Buf - TE
To Waivers
	
Ginger FC
Nov 7, 10:38 am"
2021,"Nov 6, 11:06 pm",Ginger FC,Daniel Jones,Free Agent,Ben Roethlisberger,"

	
Daniel Jones Ind - QB Q
Free Agent
Ben Roethlisberger Pit - QB NA
To Waivers
	
Ginger FC
Nov 6, 11:06 pm"
2021,"Nov 6, 11:20 am",malle_dips_pouches,Devonta Freeman,Free Agent,D'Ernest Johnson,"

	
Devonta Freeman Bal - RB NA
Free Agent
D'Ernest Johnson Ten - RB
To Waivers
	
malle_dips_pouches
Nov 6, 11:20 am"
2021,"Nov 5, 6:34 pm",Post Mahomes,Jordan Love,Free Agent,,"

	
Jordan Love GB - QB
Free Agent
Teddy Bridgewater TB - QB NA
To Free Agent
	
Post Mahomes
Nov 5, 6:34 pm"
2021,"Nov 5, 6:33 pm",Post Mahomes,Teddy Bridgewater,Free Agent,,"
	
Teddy Bridgewater TB - QB NA
Free Agent
	
Post Mahomes
Nov 5, 6:33 pm"
2021,"Nov 4, 7:43 pm",Joe Mantegna,Brandon Aiyuk,Free Agent,Ronald Jones,"

	
Brandon Aiyuk SF - WR
Free Agent
Ronald Jones Dal - RB NA
To Waivers
	
Joe Mantegna
Nov 4, 7:43 pm"
2021,"Nov 4, 12:44 pm",Pop Lockett Drop it,Mac Jones,Free Agent,Matt Ryan,"

	
Mac Jones SF - QB
Free Agent
Matt Ryan Ind - QB NA
To Waivers
	
Pop Lockett Drop it
Nov 4, 12:44 pm"
2021,"Nov 3, 11:22 am",Ginger FC,Ben Roethlisberger,Free Agent,T.Y. Hilton,"

	
Ben Roethlisberger Pit - QB NA
Free Agent
T.Y. Hilton Dal - WR NA
To Waivers
	
Ginger FC
Nov 3, 11:22 am"
2021,"Nov 3, 10:06 am",malle_dips_pouches,Derrick Gore,Free Agent,Giants,"

	
Derrick Gore Was - RB NA
Free Agent
Giants NYG - DEF
To Waivers
	
malle_dips_pouches
Nov 3, 10:06 am"
2021,"Nov 3, 8:58 am",Voldemort,Carlos Hyde,Free Agent,Daniel Jones,"

	
Carlos Hyde Jax - RB NA
Free Agent
Daniel Jones Ind - QB Q
To Waivers
	
Voldemort
Nov 3, 8:58 am"
2021,"Nov 3, 8:24 am",Ginger FC,Greg Joseph,Free Agent,Ryan Succop,"

	
Greg Joseph LV - K NA
Free Agent
Ryan Succop TB - K NA
To Waivers
	
Ginger FC
Nov 3, 8:24 am"
2021,"Nov 3, 8:24 am",ThreatLevelMidnight,Dan Arnold,Free Agent,,"
	
Dan Arnold Jax - TE NA
Free Agent
	
ThreatLevelMidnight
Nov 3, 8:24 am"
2021,"Nov 3, 8:24 am",ThreatLevelMidnight,,,Browns,"
	
Browns Cle - DEF
To Waivers
	
ThreatLevelMidnight
Nov 3, 8:24 am"
2021,"Nov 3, 8:17 am",ThreatLevelMidnight,Tua Tagovailoa,Free Agent,Carson Wentz,"

	
Tua Tagovailoa Atl - QB
Free Agent
Carson Wentz Min - QB
To Waivers
	
ThreatLevelMidnight
Nov 3, 8:17 am"
2021,"Nov 3, 8:15 am",ThreatLevelMidnight,Ravens,Free Agent,,"
	
Ravens Bal - DEF
Free Agent
	
ThreatLevelMidnight
Nov 3, 8:15 am"
2021,"Nov 3, 8:14 am",ThreatLevelMidnight,,,Marlon Mack,"
	
Marlon Mack Ari - RB NA
To Waivers
	
ThreatLevelMidnight
Nov 3, 8:14 am"
2021,"Nov 3, 7:15 am",Voldemort,Packers,Free Agent,Seahawks,"

	
Packers GB - DEF
Free Agent
Seahawks Sea - DEF
To Waivers
	
Voldemort
Nov 3, 7:15 am"
2021,"Nov 3, 6:13 am",Uncle Rico,Dolphins,Free Agent,49ers,"

	
Dolphins Mia - DEF
Free Agent
49ers SF - DEF
To Waivers
	
Uncle Rico
Nov 3, 6:13 am"
2021,"Nov 3, 2:21 am",Uncle Rico,Bryan Edwards,Waiver,,"
	
Bryan Edwards KC - WR NA
Waiver
	
Uncle Rico
Nov 3, 2:21 am"
2021,"Nov 3, 2:21 am",Pop Lockett Drop it,Colts,Waiver,Bengals,"

	
Colts Ind - DEF
Waiver
Bengals Cin - DEF
To Waivers
	
Pop Lockett Drop it
Nov 3, 2:21 am"
2021,"Nov 3, 2:21 am",Uncle Rico,Van Jefferson,Waiver,,"
	
Van Jefferson Was - WR
Waiver
	
Uncle Rico
Nov 3, 2:21 am"
2021,"Nov 3, 2:21 am",Joe Mantegna,Adrian Peterson,Waiver,Ricky Seals-Jones,"

	
Adrian Peterson Sea - RB NA
Waiver
Ricky Seals-Jones Was - TE NA
To Waivers
	
Joe Mantegna
Nov 3, 2:21 am"
2021,"Nov 3, 2:21 am",Pop Lockett Drop it,Daniel Carlson,Waiver,Chase McLaughlin,"

	
Daniel Carlson LV - K NA
Waiver
Chase McLaughlin TB - K
To Waivers
	
Pop Lockett Drop it
Nov 3, 2:21 am"
2021,"Nov 3, 2:21 am",Uncle Rico,Boston Scott,Waiver,,"
	
Boston Scott Pit - RB NA
Waiver
	
Uncle Rico
Nov 3, 2:21 am"
2021,"Nov 3, 2:21 am",Ginger FC,Saints,Waiver,Buccaneers,"

	
Saints NO - DEF
Waiver
Buccaneers TB - DEF
To Waivers
	
Ginger FC
Nov 3, 2:21 am"
2021,"Nov 3, 2:21 am",Patty Primetimes,Jeremy McNichols,Waiver,Damien Williams,"

	
Jeremy McNichols Was - RB
Waiver
Damien Williams Ari - RB NA
To Waivers
	
Patty Primetimes
Nov 3, 2:21 am"
2021,"Nov 2, 8:59 pm",Uncle Rico,,,Deshaun Watson,"
	
Deshaun Watson Cle - QB
To Waivers
	
Uncle Rico
Nov 2, 8:59 pm"
2021,"Nov 2, 7:47 am",Uncle Rico,,,Sam Darnold,"
	
Sam Darnold Sea - QB
To Waivers
	
Uncle Rico
Nov 2, 7:47 am"
2021,"Nov 2, 7:47 am",Uncle Rico,,,Robert Tonyan,"
	
Robert Tonyan Pit - TE Q
To Waivers
	
Uncle Rico
Nov 2, 7:47 am"
2021,"Oct 31, 8:11 am",The Big Gronkowski,Tyler Conklin,Free Agent,Gerald Everett,"

	
Tyler Conklin Det - TE
Free Agent
Gerald Everett Chi - TE NA
To Waivers
	
The Big Gronkowski
Oct 31, 8:11 am"
2021,"Oct 30, 7:06 pm",Voldemort,Daniel Jones,Free Agent,David Johnson,"

	
Daniel Jones Ind - QB Q
Free Agent
David Johnson NO - RB NA
To Waivers
	
Voldemort
Oct 30, 7:06 pm"
2021,"Oct 30, 12:46 pm",Voldemort,Seahawks,Free Agent,Colts,"

	
Seahawks Sea - DEF
Free Agent
Colts Ind - DEF
To Waivers
	
Voldemort
Oct 30, 12:46 pm"
2021,"Oct 28, 10:25 am",Uncle Rico,Deshaun Watson,Free Agent,Brandon Aiyuk,"

	
Deshaun Watson Cle - QB
Free Agent
Brandon Aiyuk SF - WR
To Waivers
	
Uncle Rico
Oct 28, 10:25 am"
2021,"Oct 27, 7:37 pm",Voldemort,David Johnson,Free Agent,Jameis Winston,"

	
David Johnson NO - RB NA
Free Agent
Jameis Winston NYG - QB Q
To Waivers
	
Voldemort
Oct 27, 7:37 pm"
2021,"Oct 27, 12:42 pm",ThreatLevelMidnight,Marlon Mack,Free Agent,,"
	
Marlon Mack Ari - RB NA
Free Agent
	
ThreatLevelMidnight
Oct 27, 12:42 pm"
2021,"Oct 27, 11:24 am",Ginger FC,Devontae Booker,Free Agent,Darnell Mooney,"

	
Devontae Booker NYG - RB NA
Free Agent
Darnell Mooney NYG - WR
To Waivers
	
Ginger FC
Oct 27, 11:24 am"
2021,"Oct 27, 6:34 am",ThreatLevelMidnight,Carson Wentz,Free Agent,Tua Tagovailoa,"

	
Carson Wentz Min - QB
Free Agent
Tua Tagovailoa Atl - QB
To Waivers
	
ThreatLevelMidnight
Oct 27, 6:34 am"
2021,"Oct 27, 6:12 am",Uncle Rico,Randall Cobb,Free Agent,Rashaad Penny,"

	
Randall Cobb NYJ - WR NA
Free Agent
Rashaad Penny Phi - RB NA
To Waivers
	
Uncle Rico
Oct 27, 6:12 am"
2021,"Oct 27, 6:12 am",Uncle Rico,Graham Gano,Free Agent,,"
	
Graham Gano NYG - K NA
Free Agent
	
Uncle Rico
Oct 27, 6:12 am"
2021,"Oct 27, 6:11 am",Uncle Rico,49ers,Free Agent,,"
	
49ers SF - DEF
Free Agent
	
Uncle Rico
Oct 27, 6:11 am"
2021,"Oct 27, 3:09 am",Post Mahomes,Steelers,Free Agent,,"

	
Steelers Pit - DEF
Free Agent
Laviska Shenault Jr. Buf - WR NA
To Free Agent
	
Post Mahomes
Oct 27, 3:09 am"
2021,"Oct 27, 3:07 am",Post Mahomes,Laviska Shenault Jr.,Free Agent,,"
	
Laviska Shenault Jr. Buf - WR NA
Free Agent
	
Post Mahomes
Oct 27, 3:07 am"
2021,"Oct 27, 2:20 am",Joe Mantegna,Jarvis Landry,Waiver,Mac Jones,"

	
Jarvis Landry NO - WR NA
Waiver
Mac Jones SF - QB
To Waivers
	
Joe Mantegna
Oct 27, 2:20 am"
2021,"Oct 27, 2:20 am",Pop Lockett Drop it,Bengals,Waiver,Packers,"

	
Bengals Cin - DEF
Waiver
Packers GB - DEF
To Waivers
	
Pop Lockett Drop it
Oct 27, 2:20 am"
2021,"Oct 27, 2:20 am",Uncle Rico,Robert Tonyan,Waiver,,"
	
Robert Tonyan Pit - TE Q
Waiver
	
Uncle Rico
Oct 27, 2:20 am"
2021,"Oct 27, 2:20 am",Malle ❤️ 🐸,Greg Zuerlein,Waiver,Phillip Lindsay,"

	
Greg Zuerlein NYJ - K NA
Waiver
Phillip Lindsay Ind - RB NA
To Waivers
	
Malle ❤️ 🐸
Oct 27, 2:20 am"
2021,"Oct 26, 10:48 am",Post Mahomes,,,Ravens,"
	
Ravens Bal - DEF
To Waivers
	
Post Mahomes
Oct 26, 10:48 am"
2021,"Oct 26, 10:16 am",Uncle Rico,,,Saints,"
	
Saints NO - DEF
To Waivers
	
Uncle Rico
Oct 26, 10:16 am"
2021,"Oct 26, 10:15 am",Uncle Rico,,,Daniel Carlson,"
	
Daniel Carlson LV - K NA
To Waivers
	
Uncle Rico
Oct 26, 10:15 am"
2021,"Oct 26, 10:14 am",Post Mahomes,,,Amon-Ra St. Brown,"
	
Amon-Ra St. Brown Det - WR
To Waivers
	
Post Mahomes
Oct 26, 10:14 am"
2021,"Oct 26, 7:03 am",ThreatLevelMidnight,,,Mason Crosby,"
	
Mason Crosby NYG - K NA
To Waivers
	
ThreatLevelMidnight
Oct 26, 7:03 am"
2021,"Oct 24, 8:35 am",Uncle Rico,Sam Darnold,Free Agent,Daniel Jones,"

	
Sam Darnold Sea - QB
Free Agent
Daniel Jones Ind - QB Q
To Waivers
	
Uncle Rico
Oct 24, 8:35 am"
2021,"Oct 23, 1:34 pm",Voldemort,Nick Folk,Free Agent,Devontae Booker,"

	
Nick Folk Atl - K
Free Agent
Devontae Booker NYG - RB NA
To Waivers
	
Voldemort
Oct 23, 1:34 pm"
2021,"Oct 23, 2:14 am",Ginger FC,Zach Ertz,Waiver,,"
	
Zach Ertz Was - TE NA
Waiver
	
Ginger FC
Oct 23, 2:14 am"
2021,"Oct 22, 12:53 pm",Post Mahomes,Amon-Ra St. Brown,Free Agent,,"
	
Amon-Ra St. Brown Det - WR
Free Agent
	
Post Mahomes
Oct 22, 12:53 pm"
2021,"Oct 22, 11:46 am",Ginger FC,Darnell Mooney,Free Agent,,"
	
Darnell Mooney NYG - WR
Free Agent
	
Ginger FC
Oct 22, 11:46 am"
2021,"Oct 22, 11:41 am",Ginger FC,,,Jarvis Landry,"
	
Jarvis Landry NO - WR NA
To Waivers
	
Ginger FC
Oct 22, 11:41 am"
2021,"Oct 22, 11:38 am",Ginger FC,,,Laviska Shenault Jr.,"
	
Laviska Shenault Jr. Buf - WR NA
To Waivers
	
Ginger FC
Oct 22, 11:38 am"
2021,"Oct 22, 11:37 am",Ginger FC,,,Josh Gordon,"
	
Josh Gordon Ten - WR NA
To Waivers
	
Ginger FC
Oct 22, 11:37 am"
2021,"Oct 21, 6:49 pm",malle_dips_pouches,Mo Alie-Cox,Free Agent,Evan Engram,"

	
Mo Alie-Cox Ind - TE
Free Agent
Evan Engram Den - TE
To Waivers
	
malle_dips_pouches
Oct 21, 6:49 pm"
2021,"Oct 21, 6:46 pm",malle_dips_pouches,Giants,Free Agent,Elijah Moore,"

	
Giants NYG - DEF
Free Agent
Elijah Moore Phi - WR
To Waivers
	
malle_dips_pouches
Oct 21, 6:46 pm"
2021,"Oct 21, 6:42 pm",malle_dips_pouches,Jason Sanders,Free Agent,Chris Boswell,"

	
Jason Sanders NYJ - K
Free Agent
Chris Boswell Pit - K
To Waivers
	
malle_dips_pouches
Oct 21, 6:42 pm"
2021,"Oct 21, 12:00 pm",Big Sack Jack,Younghoe Koo,Free Agent,Greg Zuerlein,"

	
Younghoe Koo NYG - K NA
Free Agent
Greg Zuerlein NYJ - K NA
To Waivers
	
Big Sack Jack
Oct 21, 12:00 pm"
2021,"Oct 21, 11:56 am",Big Sack Jack,Dallas Goedert,Free Agent,Robert Tonyan,"

	
Dallas Goedert Phi - TE
Free Agent
Robert Tonyan Pit - TE Q
To Waivers
	
Big Sack Jack
Oct 21, 11:56 am"
2021,"Oct 20, 9:16 am",Pop Lockett Drop it,Matt Ryan,Free Agent,Baker Mayfield,"

	
Matt Ryan Ind - QB NA
Free Agent
Baker Mayfield TB - QB Q
To Waivers
	
Pop Lockett Drop it
Oct 20, 9:16 am"
2021,"Oct 20, 8:51 am",Uncle Rico,Rashaad Penny,Free Agent,Peyton Barber,"

	
Rashaad Penny Phi - RB NA
Free Agent
Peyton Barber LV - RB NA
To Waivers
	
Uncle Rico
Oct 20, 8:51 am"
2021,"Oct 20, 8:04 am",Patty Primetimes,Derek Carr,Free Agent,Giovani Bernard,"

	
Derek Carr NO - QB NA
Free Agent
Giovani Bernard TB - RB NA
To Waivers
	
Patty Primetimes
Oct 20, 8:04 am"
2021,"Oct 20, 7:18 am",ThreatLevelMidnight,Tua Tagovailoa,Free Agent,Marlon Mack,"

	
Tua Tagovailoa Atl - QB
Free Agent
Marlon Mack Ari - RB NA
To Waivers
	
ThreatLevelMidnight
Oct 20, 7:18 am"
2021,"Oct 20, 7:09 am",Post Mahomes,Michael Carter,Free Agent,Zach Ertz,"

	
Michael Carter Ten - RB
Free Agent
Zach Ertz Was - TE NA
To Waivers
	
Post Mahomes
Oct 20, 7:09 am"
2021,"Oct 20, 6:55 am",ThreatLevelMidnight,Mason Crosby,Free Agent,,"
	
Mason Crosby NYG - K NA
Free Agent
	
ThreatLevelMidnight
Oct 20, 6:55 am"
2021,"Oct 20, 6:02 am",Uncle Rico,Saints,Free Agent,Steelers,"

	
Saints NO - DEF
Free Agent
Steelers Pit - DEF
To Waivers
	
Uncle Rico
Oct 20, 6:02 am"
2021,"Oct 20, 2:20 am",Joe Mantegna,Ricky Seals-Jones,Waiver,,"
	
Ricky Seals-Jones Was - TE NA
Waiver
	
Joe Mantegna
Oct 20, 2:20 am"
2021,"Oct 20, 2:20 am",Voldemort,Jameis Winston,Waiver,Nick Folk,"

	
Jameis Winston NYG - QB Q
Waiver
Nick Folk Atl - K
To Waivers
	
Voldemort
Oct 20, 2:20 am"
2021,"Oct 20, 2:20 am",Pop Lockett Drop it,Kenyan Drake,Waiver,David Johnson,"

	
Kenyan Drake Bal - RB NA
Waiver
David Johnson NO - RB NA
To Waivers
	
Pop Lockett Drop it
Oct 20, 2:20 am"
2021,"Oct 20, 2:20 am",Joe Mantegna,Mac Jones,Waiver,Brandon Bolden,"

	
Mac Jones SF - QB
Waiver
Brandon Bolden LV - RB NA
To Waivers
	
Joe Mantegna
Oct 20, 2:20 am"
2021,"Oct 20, 2:20 am",Big Sack Jack,Cardinals,Waiver,,"
	
Cardinals Ari - DEF
Waiver
	
Big Sack Jack
Oct 20, 2:20 am"
2021,"Oct 20, 2:20 am",malle_dips_pouches,D'Ernest Johnson,Waiver,Sam Darnold,"

	
D'Ernest Johnson Ten - RB
Waiver
Sam Darnold Sea - QB
To Waivers
	
malle_dips_pouches
Oct 20, 2:20 am"
2021,"Oct 19, 2:59 pm",Big Sack Jack,,,JuJu Smith-Schuster,"
	
JuJu Smith-Schuster NYG - WR NA
To Waivers
	
Big Sack Jack
Oct 19, 2:59 pm"
2021,"Oct 19, 2:27 pm",Joe Mantegna,,,Will Fuller V,"
	
Will Fuller V Mia - WR NA
To Waivers
	
Joe Mantegna
Oct 19, 2:27 pm"
2021,"Oct 19, 8:43 am",ThreatLevelMidnight,,,Taylor Heinicke,"
	
Taylor Heinicke LAC - QB NA
To Waivers
	
ThreatLevelMidnight
Oct 19, 8:43 am"
2021,"Oct 17, 10:50 am",Pop Lockett Drop it,Chase McLaughlin,Free Agent,Rodrigo Blankenship,"

	
Chase McLaughlin TB - K
Free Agent
Rodrigo Blankenship Ind - K NA
To Waivers
	
Pop Lockett Drop it
Oct 17, 10:50 am"
2021,"Oct 14, 3:44 pm",Patty Primetimes,Giovani Bernard,Free Agent,,"

	
Giovani Bernard TB - RB NA
Free Agent
Michael Carter Ten - RB
To Free Agent
	
Patty Primetimes
Oct 14, 3:44 pm"
2021,"Oct 14, 3:42 pm",Patty Primetimes,Michael Carter,Free Agent,Matt Ryan,"

	
Michael Carter Ten - RB
Free Agent
Matt Ryan Ind - QB NA
To Waivers
	
Patty Primetimes
Oct 14, 3:42 pm"
2021,"Oct 14, 2:10 pm",Pop Lockett Drop it,Packers,Free Agent,Chargers,"

	
Packers GB - DEF
Free Agent
Chargers LAC - DEF
To Waivers
	
Pop Lockett Drop it
Oct 14, 2:10 pm"
2021,"Oct 14, 2:08 pm",Pop Lockett Drop it,Baker Mayfield,Free Agent,Derek Carr,"

	
Baker Mayfield TB - QB Q
Free Agent
Derek Carr NO - QB NA
To Waivers
	
Pop Lockett Drop it
Oct 14, 2:08 pm"
2021,"Oct 14, 1:22 pm",Post Mahomes,Zach Ertz,Free Agent,,"
	
Zach Ertz Was - TE NA
Free Agent
	
Post Mahomes
Oct 14, 1:22 pm"
2021,"Oct 14, 1:22 pm",Post Mahomes,,,Dallas Goedert,"
	
Dallas Goedert Phi - TE
To Waivers
	
Post Mahomes
Oct 14, 1:22 pm"
2021,"Oct 13, 7:34 am",Patty Primetimes,Hunter Henry,Free Agent,Darnell Mooney,"

	
Hunter Henry NE - TE
Free Agent
Darnell Mooney NYG - WR
To Waivers
	
Patty Primetimes
Oct 13, 7:34 am"
2021,"Oct 13, 7:28 am",Uncle Rico,Steelers,Free Agent,Vikings,"

	
Steelers Pit - DEF
Free Agent
Vikings Min - DEF
To Waivers
	
Uncle Rico
Oct 13, 7:28 am"
2021,"Oct 13, 6:53 am",ThreatLevelMidnight,Taylor Heinicke,Free Agent,Samaje Perine,"

	
Taylor Heinicke LAC - QB NA
Free Agent
Samaje Perine Cin - RB
To Waivers
	
ThreatLevelMidnight
Oct 13, 6:53 am"
2021,"Oct 13, 4:49 am",Voldemort,Nick Folk,Free Agent,Younghoe Koo,"

	
Nick Folk Atl - K
Free Agent
Younghoe Koo NYG - K NA
To Waivers
	
Voldemort
Oct 13, 4:49 am"
2021,"Oct 13, 4:48 am",Voldemort,Colts,Free Agent,Ty'Son Williams,"

	
Colts Ind - DEF
Free Agent
Ty'Son Williams Ari - RB NA
To Waivers
	
Voldemort
Oct 13, 4:48 am"
2021,"Oct 13, 2:21 am",ThreatLevelMidnight,Marlon Mack,Waiver,Trey Sermon,"

	
Marlon Mack Ari - RB NA
Waiver
Trey Sermon Atl - RB NA
To Waivers
	
ThreatLevelMidnight
Oct 13, 2:21 am"
2021,"Oct 13, 2:21 am",Patty Primetimes,Rondale Moore,Waiver,Kenyan Drake,"

	
Rondale Moore Min - WR NA
Waiver
Kenyan Drake Bal - RB NA
To Waivers
	
Patty Primetimes
Oct 13, 2:21 am"
2021,"Oct 13, 2:21 am",Voldemort,Devontae Booker,Waiver,Saints,"

	
Devontae Booker NYG - RB NA
Waiver
Saints NO - DEF
To Waivers
	
Voldemort
Oct 13, 2:21 am"
2021,"Oct 13, 2:21 am",ThreatLevelMidnight,Kadarius Toney,Waiver,,"
	
Kadarius Toney Cle - WR NA
Waiver
	
ThreatLevelMidnight
Oct 13, 2:21 am"
2021,"Oct 13, 2:21 am",Post Mahomes,Darrel Williams,Waiver,,"
	
Darrel Williams NO - RB NA
Waiver
	
Post Mahomes
Oct 13, 2:21 am"
2021,"Oct 12, 1:34 pm",ThreatLevelMidnight,,,Jeff Wilson Jr.,"
	
Jeff Wilson Jr. Mia - RB NA
To Waivers
	
ThreatLevelMidnight
Oct 12, 1:34 pm"
2021,"Oct 12, 10:46 am",Post Mahomes,,,Curtis Samuel,"
	
Curtis Samuel Buf - WR NA
To Waivers
	
Post Mahomes
Oct 12, 10:46 am"
2021,"Oct 7, 9:34 pm",malle_dips_pouches,Elijah Moore,Free Agent,Darrel Williams,"

	
Elijah Moore Phi - WR
Free Agent
Darrel Williams NO - RB NA
To Waivers
	
malle_dips_pouches
Oct 7, 9:34 pm"
2021,"Oct 7, 7:42 pm",Joe Mantegna,A.J. Green,Free Agent,,"
	
A.J. Green Ari - WR NA
Free Agent
	
Joe Mantegna
Oct 7, 7:42 pm"
2021,"Oct 7, 2:23 pm",The Big Gronkowski,Panthers,Free Agent,Chiefs,"

	
Panthers Car - DEF
Free Agent
Chiefs KC - DEF
To Waivers
	
The Big Gronkowski
Oct 7, 2:23 pm"
2021,"Oct 7, 2:22 pm",The Big Gronkowski,Brandon McManus,Free Agent,,"
	
Brandon McManus GB - K NA
Free Agent
	
The Big Gronkowski
Oct 7, 2:22 pm"
2021,"Oct 7, 1:48 pm",Pop Lockett Drop it,Chargers,Free Agent,Titans,"

	
Chargers LAC - DEF
Free Agent
Titans Ten - DEF
To Waivers
	
Pop Lockett Drop it
Oct 7, 1:48 pm"
2021,"Oct 7, 1:47 pm",Pop Lockett Drop it,Derek Carr,Free Agent,Baker Mayfield,"

	
Derek Carr NO - QB NA
Free Agent
Baker Mayfield TB - QB Q
To Waivers
	
Pop Lockett Drop it
Oct 7, 1:47 pm"
2021,"Oct 7, 10:36 am",Post Mahomes,Alex Collins,Free Agent,,"
	
Alex Collins Sea - RB NA
Free Agent
	
Post Mahomes
Oct 7, 10:36 am"
2021,"Oct 7, 2:10 am",Uncle Rico,,,Michael Carter,"
	
Michael Carter Ten - RB
To Waivers
	
Uncle Rico
Oct 7, 2:10 am"
2021,"Oct 6, 1:02 pm",Big Sack Jack,Corey Davis,Free Agent,Jalen Reagor,"

	
Corey Davis NYJ - WR NA
Free Agent
Jalen Reagor Mia - WR
To Waivers
	
Big Sack Jack
Oct 6, 1:02 pm"
2021,"Oct 6, 1:00 pm",Big Sack Jack,Dalton Schultz,Free Agent,Steelers,"

	
Dalton Schultz Hou - TE
Free Agent
Steelers Pit - DEF
To Waivers
	
Big Sack Jack
Oct 6, 1:00 pm"
2021,"Oct 6, 12:57 pm",Big Sack Jack,Cowboys,Free Agent,Zach Wilson,"

	
Cowboys Dal - DEF
Free Agent
Zach Wilson NO - QB
To Waivers
	
Big Sack Jack
Oct 6, 12:57 pm"
2021,"Oct 6, 11:38 am",Uncle Rico,Daniel Carlson,Free Agent,Jason Sanders,"

	
Daniel Carlson LV - K NA
Free Agent
Jason Sanders NYJ - K
To Waivers
	
Uncle Rico
Oct 6, 11:38 am"
2021,"Oct 6, 8:25 am",ThreatLevelMidnight,Samaje Perine,Free Agent,Marlon Mack,"

	
Samaje Perine Cin - RB
Free Agent
Marlon Mack Ari - RB NA
To Waivers
	
ThreatLevelMidnight
Oct 6, 8:25 am"
2021,"Oct 6, 7:49 am",Uncle Rico,Khalil Herbert,Free Agent,,"
	
Khalil Herbert SF - RB
Free Agent
	
Uncle Rico
Oct 6, 7:49 am"
2021,"Oct 6, 7:49 am",Uncle Rico,,,DJ Chark,"
	
DJ Chark Atl - WR NA
To Waivers
	
Uncle Rico
Oct 6, 7:49 am"
2021,"Oct 6, 2:20 am",Uncle Rico,Vikings,Waiver,Bengals,"

	
Vikings Min - DEF
Waiver
Bengals Cin - DEF
To Waivers
	
Uncle Rico
Oct 6, 2:20 am"
2021,"Oct 6, 2:20 am",Uncle Rico,Daniel Jones,Waiver,Trevor Lawrence,"

	
Daniel Jones Ind - QB Q
Waiver
Trevor Lawrence Jax - QB
To Waivers
	
Uncle Rico
Oct 6, 2:20 am"
2021,"Oct 6, 2:20 am",Patty Primetimes,Damien Williams,Waiver,Chester Rogers,"

	
Damien Williams Ari - RB NA
Waiver
Chester Rogers Cle - WR NA
To Waivers
	
Patty Primetimes
Oct 6, 2:20 am"
2021,"Oct 3, 11:38 am",malle_dips_pouches,Sam Darnold,Free Agent,,"
	
Sam Darnold Sea - QB
Free Agent
	
malle_dips_pouches
Oct 3, 11:38 am"
2021,"Oct 2, 12:24 pm",Post Mahomes,,,Rondale Moore,"
	
Rondale Moore Min - WR NA
To Waivers
	
Post Mahomes
Oct 2, 12:24 pm"
2021,"Oct 1, 9:42 pm",Joe Mantegna,Jared Cook,Free Agent,Zach Pascal,"

	
Jared Cook LAC - TE NA
Free Agent
Zach Pascal NYG - WR NA
To Waivers
	
Joe Mantegna
Oct 1, 9:42 pm"
2021,"Oct 1, 6:39 pm",Ginger FC,Dawson Knox,Free Agent,Quintez Cephus,"

	
Dawson Knox Buf - TE
Free Agent
Quintez Cephus Hou - WR NA
To Waivers
	
Ginger FC
Oct 1, 6:39 pm"
2021,"Oct 1, 3:15 pm",Patty Primetimes,Chester Rogers,Free Agent,Nelson Agholor,"

	
Chester Rogers Cle - WR NA
Free Agent
Nelson Agholor Bal - WR NA
To Waivers
	
Patty Primetimes
Oct 1, 3:15 pm"
2021,"Sep 30, 8:35 am",ThreatLevelMidnight,Marlon Mack,Free Agent,Corey Davis,"

	
Marlon Mack Ari - RB NA
Free Agent
Corey Davis NYJ - WR NA
To Waivers
	
ThreatLevelMidnight
Sep 30, 8:35 am"
2021,"Sep 29, 3:56 pm",Joe Mantegna,Brandon Bolden,Free Agent,Rashaad Penny,"

	
Brandon Bolden LV - RB NA
Free Agent
Rashaad Penny Phi - RB NA
To Waivers
	
Joe Mantegna
Sep 29, 3:56 pm"
2021,"Sep 29, 6:55 am",Uncle Rico,Bengals,Free Agent,Panthers,"

	
Bengals Cin - DEF
Free Agent
Panthers Car - DEF
To Waivers
	
Uncle Rico
Sep 29, 6:55 am"
2021,"Sep 29, 6:54 am",Voldemort,Saints,Free Agent,49ers,"

	
Saints NO - DEF
Free Agent
49ers SF - DEF
To Waivers
	
Voldemort
Sep 29, 6:54 am"
2021,"Sep 29, 2:20 am",Ginger FC,Josh Gordon,Waiver,Tyrell Williams,"

	
Josh Gordon Ten - WR NA
Waiver
Tyrell Williams Det - WR NA
To Waivers
	
Ginger FC
Sep 29, 2:20 am"
2021,"Sep 29, 2:20 am",Voldemort,Emmanuel Sanders,Waiver,Justin Fields,"

	
Emmanuel Sanders Buf - WR NA
Waiver
Justin Fields KC - QB
To Waivers
	
Voldemort
Sep 29, 2:20 am"
2021,"Sep 29, 2:20 am",Pop Lockett Drop it,Titans,Waiver,Cardinals,"

	
Titans Ten - DEF
Waiver
Cardinals Ari - DEF
To Waivers
	
Pop Lockett Drop it
Sep 29, 2:20 am"
2021,"Sep 29, 2:20 am",Ginger FC,T.Y. Hilton,Waiver,Cedrick Wilson Jr.,"

	
T.Y. Hilton Dal - WR NA
Waiver
Cedrick Wilson Jr. Det - WR
To Waivers
	
Ginger FC
Sep 29, 2:20 am"
2021,"Sep 29, 2:20 am",Joe Mantegna,Hunter Renfrow,Waiver,Commanders,"

	
Hunter Renfrow Car - WR NA
Waiver
Commanders Was - DEF
To Waivers
	
Joe Mantegna
Sep 29, 2:20 am"
2021,"Sep 29, 2:20 am",Uncle Rico,Peyton Barber,Waiver,James White,"

	
Peyton Barber LV - RB NA
Waiver
James White NE - RB NA
To Waivers
	
Uncle Rico
Sep 29, 2:20 am"
2021,"Sep 24, 11:38 am",Ginger FC,Quintez Cephus,Free Agent,,"
	
Quintez Cephus Hou - WR NA
Free Agent
	
Ginger FC
Sep 24, 11:38 am"
2021,"Sep 24, 10:39 am",Voldemort,Justin Fields,Free Agent,Tony Jones,"

	
Justin Fields KC - QB
Free Agent
Tony Jones Ari - RB NA
To Waivers
	
Voldemort
Sep 24, 10:39 am"
2021,"Sep 22, 8:55 pm",Post Mahomes,Rondale Moore,Free Agent,Saints,"

	
Rondale Moore Min - WR NA
Free Agent
Saints NO - DEF
To Waivers
	
Post Mahomes
Sep 22, 8:55 pm"
2021,"Sep 22, 8:54 pm",Post Mahomes,Zack Moss,Free Agent,Devontae Booker,"

	
Zack Moss Cin - RB NA
Free Agent
Devontae Booker NYG - RB NA
To Waivers
	
Post Mahomes
Sep 22, 8:54 pm"
2021,"Sep 22, 8:12 pm",Uncle Rico,Panthers,Free Agent,Colts,"

	
Panthers Car - DEF
Free Agent
Colts Ind - DEF
To Waivers
	
Uncle Rico
Sep 22, 8:12 pm"
2021,"Sep 22, 2:18 am",Voldemort,Cordarrelle Patterson,Waiver,Hunter Henry,"

	
Cordarrelle Patterson Pit - WR,RB NA
Waiver
Hunter Henry NE - TE
To Waivers
	
Voldemort
Sep 22, 2:18 am"
2021,"Sep 22, 2:18 am",Pop Lockett Drop it,DeVante Parker,Waiver,Le'Veon Bell,"

	
DeVante Parker NE - WR NA
Waiver
Le'Veon Bell TB - RB NA
To Waivers
	
Pop Lockett Drop it
Sep 22, 2:18 am"
2021,"Sep 22, 2:18 am",Ginger FC,Cedrick Wilson Jr.,Waiver,Jameis Winston,"

	
Cedrick Wilson Jr. Det - WR
Waiver
Jameis Winston NYG - QB Q
To Waivers
	
Ginger FC
Sep 22, 2:18 am"
2021,"Sep 19, 3:20 am",Big Sack Jack,Kenny Gainwell,Free Agent,Tevin Coleman,"

	
Kenny Gainwell TB - RB
Free Agent
Tevin Coleman SF - RB NA
To Waivers
	
Big Sack Jack
Sep 19, 3:20 am"
2021,"Sep 16, 5:01 pm",Pop Lockett Drop it,Cardinals,Free Agent,Vikings,"

	
Cardinals Ari - DEF
Free Agent
Vikings Min - DEF
To Waivers
	
Pop Lockett Drop it
Sep 16, 5:01 pm"
2021,"Sep 16, 9:24 am",Post Mahomes,Saints,Free Agent,,"
	
Saints NO - DEF
Free Agent
	
Post Mahomes
Sep 16, 9:24 am"
2021,"Sep 16, 9:23 am",Post Mahomes,,,Gus Edwards,"
	
Gus Edwards LAC - RB NA
To Waivers
	
Post Mahomes
Sep 16, 9:23 am"
2021,"Sep 16, 9:15 am",ThreatLevelMidnight,Jeff Wilson Jr.,Free Agent,Cam Akers,"

	
Jeff Wilson Jr. Mia - RB NA
Free Agent
Cam Akers Sea - RB NA
To Waivers
	
ThreatLevelMidnight
Sep 16, 9:15 am"
2021,"Sep 15, 6:26 am",Voldemort,Christian Kirk,Free Agent,Matt Breida,"

	
Christian Kirk SF - WR
Free Agent
Matt Breida SF - RB NA
To Waivers
	
Voldemort
Sep 15, 6:26 am"
2021,"Sep 15, 2:20 am",Malle ❤️ 🐸,Mark Ingram II,Waiver,Raheem Mostert,"

	
Mark Ingram II NO - RB NA
Waiver
Raheem Mostert LV - RB NA
To Waivers
	
Malle ❤️ 🐸
Sep 15, 2:20 am"
2021,"Sep 15, 2:20 am",Joe Mantegna,Zach Pascal,Waiver,,"
	
Zach Pascal NYG - WR NA
Waiver
	
Joe Mantegna
Sep 15, 2:20 am"
2021,"Sep 15, 2:20 am",ThreatLevelMidnight,Elijah Mitchell,Waiver,,"
	
Elijah Mitchell KC - RB NA
Waiver
	
ThreatLevelMidnight
Sep 15, 2:20 am"
2021,"Sep 15, 2:20 am",Uncle Rico,Tim Patrick,Waiver,Sammy Watkins,"

	
Tim Patrick NYJ - WR
Waiver
Sammy Watkins Bal - WR NA
To Waivers
	
Uncle Rico
Sep 15, 2:20 am"
2021,"Sep 14, 12:50 pm",ThreatLevelMidnight,,,Panthers,"
	
Panthers Car - DEF
To Waivers
	
ThreatLevelMidnight
Sep 14, 12:50 pm"
2021,"Sep 12, 2:08 pm",Uncle Rico,Sammy Watkins,Free Agent,Giovani Bernard,"

	
Sammy Watkins Bal - WR NA
Free Agent
Giovani Bernard TB - RB NA
To Waivers
	
Uncle Rico
Sep 12, 2:08 pm"
2021,"Sep 12, 10:41 am",Voldemort,Matt Breida,Free Agent,Zack Moss,"

	
Matt Breida SF - RB NA
Free Agent
Zack Moss Cin - RB NA
To Waivers
	
Voldemort
Sep 12, 10:41 am"
2021,"Sep 12, 2:11 am",Big Sack Jack,Tevin Coleman,Waiver,Rhamondre Stevenson,"

	
Tevin Coleman SF - RB NA
Waiver
Rhamondre Stevenson NE - RB
To Waivers
	
Big Sack Jack
Sep 12, 2:11 am"
2021,"Sep 10, 2:11 am",Post Mahomes,Latavius Murray,Waiver,,"
	
Latavius Murray Buf - RB NA
Waiver
	
Post Mahomes
Sep 10, 2:11 am"
2021,"Sep 9, 2:59 pm",Pop Lockett Drop it,Le'Veon Bell,Free Agent,Tevin Coleman,"

	
Le'Veon Bell TB - RB NA
Free Agent
Tevin Coleman SF - RB NA
To Waivers
	
Pop Lockett Drop it
Sep 9, 2:59 pm"
2021,"Sep 9, 12:41 pm",Voldemort,Tony Jones,Free Agent,Ben Roethlisberger,"

	
Tony Jones Ari - RB NA
Free Agent
Ben Roethlisberger Pit - QB NA
To Waivers
	
Voldemort
Sep 9, 12:41 pm"
2021,"Sep 7, 4:35 pm",Voldemort,Ty'Son Williams,Free Agent,Latavius Murray,"

	
Ty'Son Williams Ari - RB NA
Free Agent
Latavius Murray Buf - RB NA
To Waivers
	
Voldemort
Sep 7, 4:35 pm"
2021,"Sep 5, 9:27 am",ThreatLevelMidnight,Panthers,Free Agent,,"
	
Panthers Car - DEF
Free Agent
	
ThreatLevelMidnight
Sep 5, 9:27 am"
2021,"Sep 5, 9:18 am",Voldemort,Hunter Henry,Free Agent,,"
	
Hunter Henry NE - TE
Free Agent
	
Voldemort
Sep 5, 9:18 am"
2021,"Sep 5, 2:09 am",Big Sack Jack,Zach Wilson,Waiver,Austin Hooper,"

	
Zach Wilson NO - QB
Waiver
Austin Hooper Atl - TE
To Waivers
	
Big Sack Jack
Sep 5, 2:09 am"
2021,"Sep 5, 2:09 am",Big Sack Jack,Sterling Shepard,Waiver,Amon-Ra St. Brown,"

	
Sterling Shepard Hou - WR Q
Waiver
Amon-Ra St. Brown Det - WR
To Waivers
	
Big Sack Jack
Sep 5, 2:09 am"
2021,"Sep 5, 2:09 am",Patty Primetimes,Nelson Agholor,Waiver,,"
	
Nelson Agholor Bal - WR NA
Waiver
	
Patty Primetimes
Sep 5, 2:09 am"
2021,"Sep 3, 8:15 am",Joe Mantegna,,,Irv Smith Jr.,"
	
Irv Smith Jr. Hou - TE NA
To Waivers
	
Joe Mantegna
Sep 3, 8:15 am"
