year,champion,final_regular_season_week,player,lineup_slot,was_starter_final_week,fantasy_points_final_week
2018,Pop Lockett Drop it,13,Kareem Hunt,BN,False,0.0
2018,Pop Lockett Drop it,13,Courtland Sutton,BN,False,14.5
2018,Pop Lockett Drop it,13,Marquise Goodwin,BN,False,0.0
2018,Pop Lockett Drop it,13,Jimmy Graham,BN,False,5.0
2018,Pop Lockett Drop it,13,Nelson Agholor,BN,False,5.6
2018,Pop Lockett Drop it,13,Jeff Heuerman,BN,False,0.0
2018,Pop Lockett Drop it,13,Texans - DEF,DEF,True,18.0
2018,Pop Lockett Drop it,13,Jake Elliott,K,True,10.0
2018,Pop Lockett Drop it,13,Kirk Cousins,QB,True,12.04
2018,Pop Lockett Drop it,13,Adrian Peterson,RB,True,15.8
2018,Pop Lockett Drop it,13,Theo Riddick,RB,True,5.8
2018,Pop Lockett Drop it,13,Zach Ertz,TE,True,8.3
2018,Pop Lockett Drop it,13,Golden Tate,W/R/T,True,16.5
2018,Pop Lockett Drop it,13,Odell Beckham Jr.,WR,True,17.46
2018,Pop Lockett Drop it,13,Adam Thielen,WR,True,8.8
2019,Voldemort,13,Baker Mayfield,BN,False,11.04
2019,Voldemort,13,Michael Gallup,BN,False,6.3
2019,Voldemort,13,Royce Freeman,BN,False,2.4
2019,Voldemort,13,Will Fuller V,BN,False,0.8
2019,Voldemort,13,Chase Edmonds,BN,False,0.0
2019,Voldemort,13,Darrel Williams,BN,False,7.6
2019,Voldemort,13,49ers - DEF,DEF,True,4.0
2019,Voldemort,13,Zane Gonzalez,K,True,1.0
2019,Voldemort,13,Patrick Mahomes,QB,True,21.5
2019,Voldemort,13,Christian McCaffrey,RB,True,10.2
2019,Voldemort,13,Chris Carson,RB,True,16.9
2019,Voldemort,13,Hunter Henry,TE,True,1.0
2019,Voldemort,13,Tevin Coleman,W/R/T,True,1.5
2019,Voldemort,13,Terry McLaurin,WR,True,0.8
2019,Voldemort,13,Keenan Allen,WR,True,12.8
2020,Malle ❤️ 🐸,13,Damien Harris,BN,False,10.0
2020,Malle ❤️ 🐸,13,Latavius Murray,BN,False,2.7
2020,Malle ❤️ 🐸,13,Tom Brady,BN,False,
2020,Malle ❤️ 🐸,13,Mike Gesicki,BN,False,19.3
2020,Malle ❤️ 🐸,13,DeSean Jackson,BN,False,0.0
2020,Malle ❤️ 🐸,13,Jordan Howard,BN,False,1.9
2020,Malle ❤️ 🐸,13,Saints - DEF,DEF,True,6.0
2020,Malle ❤️ 🐸,13,Preston Williams,IR,False,
2020,Malle ❤️ 🐸,13,Justin Tucker,K,True,10.0
2020,Malle ❤️ 🐸,13,Ben Roethlisberger,QB,True,23.2
2020,Malle ❤️ 🐸,13,Kareem Hunt,RB,True,7.2
2020,Malle ❤️ 🐸,13,Alvin Kamara,RB,True,16.7
2020,Malle ❤️ 🐸,13,Travis Kelce,TE,True,23.6
2020,Malle ❤️ 🐸,13,Adam Thielen,W/R/T,True,17.5
2020,Malle ❤️ 🐸,13,Calvin Ridley,WR,True,13.3
2020,Malle ❤️ 🐸,13,Jakobi Meyers,WR,True,2.5
2021,Voldemort,14,Tyler Higbee,BN,False,0.0
2021,Voldemort,14,Chase Edmonds,BN,False,0.0
2021,Voldemort,14,Kendrick Bourne,BN,False,0.0
2021,Voldemort,14,Jeff Wilson Jr.,BN,False,5.6
2021,Voldemort,14,Christian Kirk,BN,False,10.1
2021,Voldemort,14,Nick Folk,BN,False,0.0
2021,Voldemort,14,Buccaneers - DEF,DEF,True,5.0
2021,Voldemort,14,Calvin Ridley,IR,False,0.0
2021,Voldemort,14,Greg Zuerlein,K,True,13.0
2021,Voldemort,14,Dak Prescott,QB,True,13.94
2021,Voldemort,14,Cordarrelle Patterson,RB,True,12.9
2021,Voldemort,14,Nick Chubb,RB,True,8.0
2021,Voldemort,14,Dawson Knox,TE,True,15.5
2021,Voldemort,14,David Montgomery,W/R/T,True,11.1
2021,Voldemort,14,Justin Jefferson,WR,True,17.0
2021,Voldemort,14,Deebo Samuel Sr.,WR,True,12.4
2022,malle_dips_pouches,14,Lamar Jackson,BN,False,0.0
2022,malle_dips_pouches,14,DeVonta Smith,BN,False,14.9
2022,malle_dips_pouches,14,Tyler Boyd,BN,False,0.0
2022,malle_dips_pouches,14,Pat Freiermuth,BN,False,10.8
2022,malle_dips_pouches,14,Michael Gallup,BN,False,5.0
2022,malle_dips_pouches,14,Michael Carter,BN,False,1.5
2022,malle_dips_pouches,14,Steelers - DEF,DEF,True,3.0
2022,malle_dips_pouches,14,Jason Myers,K,True,6.0
2022,malle_dips_pouches,14,Tom Brady,QB,True,14.12
2022,malle_dips_pouches,14,Josh Jacobs,RB,True,18.4
2022,malle_dips_pouches,14,Christian McCaffrey,RB,True,28.3
2022,malle_dips_pouches,14,Mark Andrews,TE,True,2.7
2022,malle_dips_pouches,14,James Conner,W/R/T,True,20.4
2022,malle_dips_pouches,14,Amari Cooper,WR,True,5.2
2022,malle_dips_pouches,14,Jaylen Waddle,WR,True,4.1
2023,Joe Mantegna,14,Rhamondre Stevenson,BN,False,0.0
2023,Joe Mantegna,14,Sam Howell,BN,False,0.0
2023,Joe Mantegna,14,Kyle Pitts Sr.,BN,False,13.2
2023,Joe Mantegna,14,Hollywood Brown,BN,False,0.0
2023,Joe Mantegna,14,Nico Collins,BN,False,1.8
2023,Joe Mantegna,14,Jakobi Meyers,BN,False,5.0
2023,Joe Mantegna,14,Jaguars - DEF,DEF,True,6.0
2023,Joe Mantegna,14,Jason Sanders,K,True,9.0
2023,Joe Mantegna,14,Kyler Murray,QB,True,0.0
2023,Joe Mantegna,14,Breece Hall,RB,True,22.6
2023,Joe Mantegna,14,James Cook III,RB,True,22.6
2023,Joe Mantegna,14,David Njoku,TE,True,24.1
2023,Joe Mantegna,14,David Montgomery,W/R/T,True,10.0
2023,Joe Mantegna,14,Keenan Allen,WR,True,9.8
2023,Joe Mantegna,14,Tyreek Hill,WR,True,8.1
2024,Post Mahomes,14,Deebo Samuel Sr.,BN,False,4.5
2024,Post Mahomes,14,Lamar Jackson,BN,False,
2024,Post Mahomes,14,Amari Cooper,BN,False,12.5
2024,Post Mahomes,14,T.J. Hockenson,BN,False,6.5
2024,Post Mahomes,14,Michael Pittman Jr.,BN,False,0.0
2024,Post Mahomes,14,Ka'imi Fairbairn,BN,False,
2024,Post Mahomes,14,Chiefs - DEF,DEF,True,4.0
2024,Post Mahomes,14,Hollywood Brown,IR,False,0.0
2024,Post Mahomes,14,Tyler Bass,K,True,6.0
2024,Post Mahomes,14,Russell Wilson,QB,True,20.02
2024,Post Mahomes,14,Jahmyr Gibbs,RB,True,16.3
2024,Post Mahomes,14,Kyren Williams,RB,True,22.7
2024,Post Mahomes,14,Brock Bowers,TE,True,6.7
2024,Post Mahomes,14,Isiah Pacheco,W/R/T,True,7.1
2024,Post Mahomes,14,Tee Higgins,WR,True,3.3
2024,Post Mahomes,14,Darnell Mooney,WR,True,17.2
2025,Ginger FC,14,Tyrone Tracy Jr.,BN,False,
2025,Ginger FC,14,Stefon Diggs,BN,False,0.0
2025,Ginger FC,14,Rachaad White,BN,False,6.0
2025,Ginger FC,14,Josh Downs,BN,False,4.3
2025,Ginger FC,14,Jakobi Meyers,BN,False,12.8
2025,Ginger FC,14,Zach Ertz,BN,False,1.6
2025,Ginger FC,14,Ravens - DEF,DEF,True,0.0
2025,Ginger FC,14,Mike Evans,IR,False,
2025,Ginger FC,14,Jason Myers,K,True,14.0
2025,Ginger FC,14,Jalen Hurts,QB,True,4.4
2025,Ginger FC,14,Ashton Jeanty,RB,True,4.8
2025,Ginger FC,14,Bucky Irving,RB,True,15.1
2025,Ginger FC,14,Colston Loveland,TE,True,10.9
2025,Ginger FC,14,Jayden Reed,W/R/T,True,7.3
2025,Ginger FC,14,Christian Watson,WR,True,22.9
2025,Ginger FC,14,DJ Moore,WR,True,0.1
