year,week,team_1,team_1_record,team_1_score,team_1_projected,team_2,team_2_record,team_2_score,team_2_projected,winner,loser,result,margin,is_playoffs
2018,1,Uncle Rico,6-7-0 | 8th,101.54,112.41,Joe Mantegna,4-9-0 | 9th,88.84,105.96,Uncle Rico,Joe Mantegna,team_1,12.7,False
2018,1,The Big Gronkowski,7-6-0 | 5th,83.66,105.22,Malle ❤️ 🐸,4-9-0 | 12th,79.84,108.44,The Big Gronkowski,Malle ❤️ 🐸,team_1,3.82,False
2018,1,Voldemort,7-6-0 | 2nd,121.58,107.73,Big Sack Jack,8-5-0 | 3rd,123.04,105.12,Big Sack Jack,Voldemort,team_2,1.46,False
2018,1,Dillon Panthers,6-7-0 | 10th,122.46,106.55,Ginger FC,4-9-0 | 11th,127.62,109.48,Ginger FC,Dillon Panthers,team_2,5.16,False
2018,1,PickUpYourBratsMalle,7-6-0 | 6th,98.66,107.91,Post Mahomes,6-7-0 | 7th,122.36,106.62,Post Mahomes,PickUpYourBratsMalle,team_2,23.7,False
2018,1,Pop Lockett Drop it,8-5-0 | 1st,80.14,103.34,malle_dips_pouches,11-2-0 | 4th,98.42,110.62,malle_dips_pouches,Pop Lockett Drop it,team_2,18.28,False
2018,2,Uncle Rico,6-7-0 | 8th,98.54,101.28,Dillon Panthers,6-7-0 | 10th,100.02,96.46,Dillon Panthers,Uncle Rico,team_2,1.48,False
2018,2,The Big Gronkowski,7-6-0 | 5th,94.74,102.73,Voldemort,7-6-0 | 2nd,103.96,101.44,Voldemort,The Big Gronkowski,team_2,9.22,False
2018,2,Malle ❤️ 🐸,4-9-0 | 12th,97.8,103.03,malle_dips_pouches,11-2-0 | 4th,102.26,92.55,malle_dips_pouches,Malle ❤️ 🐸,team_2,4.46,False
2018,2,Joe Mantegna,4-9-0 | 9th,97.6,104.53,Big Sack Jack,8-5-0 | 3rd,107.4,104.12,Big Sack Jack,Joe Mantegna,team_2,9.8,False
2018,2,PickUpYourBratsMalle,7-6-0 | 6th,127.1,104.58,Ginger FC,4-9-0 | 11th,83.04,103.5,PickUpYourBratsMalle,Ginger FC,team_1,44.06,False
2018,2,Pop Lockett Drop it,8-5-0 | 1st,101.08,104.75,Post Mahomes,6-7-0 | 7th,98.56,106.39,Pop Lockett Drop it,Post Mahomes,team_1,2.52,False
2018,3,Uncle Rico,6-7-0 | 8th,86.6,101.47,PickUpYourBratsMalle,7-6-0 | 6th,98.84,100.59,PickUpYourBratsMalle,Uncle Rico,team_2,12.24,False
2018,3,The Big Gronkowski,7-6-0 | 5th,87.74,99.99,Joe Mantegna,4-9-0 | 9th,108.16,112.78,Joe Mantegna,The Big Gronkowski,team_2,20.42,False
2018,3,Malle ❤️ 🐸,4-9-0 | 12th,96.5,105.48,Voldemort,7-6-0 | 2nd,82.22,106.2,Malle ❤️ 🐸,Voldemort,team_1,14.28,False
2018,3,Dillon Panthers,6-7-0 | 10th,120.84,101.6,Big Sack Jack,8-5-0 | 3rd,106.58,116.7,Dillon Panthers,Big Sack Jack,team_1,14.26,False
2018,3,Pop Lockett Drop it,8-5-0 | 1st,127.26,106.0,Ginger FC,4-9-0 | 11th,56.9,95.63,Pop Lockett Drop it,Ginger FC,team_1,70.36,False
2018,3,Post Mahomes,6-7-0 | 7th,72.76,101.42,malle_dips_pouches,11-2-0 | 4th,93.16,87.24,malle_dips_pouches,Post Mahomes,team_2,20.4,False
2018,4,Uncle Rico,6-7-0 | 8th,84.62,93.59,Pop Lockett Drop it,8-5-0 | 1st,158.96,104.22,Pop Lockett Drop it,Uncle Rico,team_2,74.34,False
2018,4,The Big Gronkowski,7-6-0 | 5th,98.5,89.7,Dillon Panthers,6-7-0 | 10th,93.18,107.57,The Big Gronkowski,Dillon Panthers,team_1,5.32,False
2018,4,Malle ❤️ 🐸,4-9-0 | 12th,77.46,102.17,Joe Mantegna,4-9-0 | 9th,131.56,116.18,Joe Mantegna,Malle ❤️ 🐸,team_2,54.1,False
2018,4,Voldemort,7-6-0 | 2nd,93.16,101.08,malle_dips_pouches,11-2-0 | 4th,112.2,96.59,malle_dips_pouches,Voldemort,team_2,19.04,False
2018,4,PickUpYourBratsMalle,7-6-0 | 6th,154.38,103.82,Big Sack Jack,8-5-0 | 3rd,130.98,107.31,PickUpYourBratsMalle,Big Sack Jack,team_1,23.4,False
2018,4,Post Mahomes,6-7-0 | 7th,152.36,105.17,Ginger FC,4-9-0 | 11th,110.52,92.39,Post Mahomes,Ginger FC,team_1,41.84,False
2018,5,Uncle Rico,6-7-0 | 8th,94.98,107.16,Post Mahomes,6-7-0 | 7th,114.6,106.28,Post Mahomes,Uncle Rico,team_2,19.62,False
2018,5,The Big Gronkowski,7-6-0 | 5th,93.86,100.87,PickUpYourBratsMalle,7-6-0 | 6th,86.94,102.19,The Big Gronkowski,PickUpYourBratsMalle,team_1,6.92,False
2018,5,Malle ❤️ 🐸,4-9-0 | 12th,100.6,95.46,Dillon Panthers,6-7-0 | 10th,108.52,98.22,Dillon Panthers,Malle ❤️ 🐸,team_2,7.92,False
2018,5,Voldemort,7-6-0 | 2nd,122.04,108.76,Joe Mantegna,4-9-0 | 9th,100.92,104.22,Voldemort,Joe Mantegna,team_1,21.12,False
2018,5,Pop Lockett Drop it,8-5-0 | 1st,100.88,107.83,Big Sack Jack,8-5-0 | 3rd,102.22,105.56,Big Sack Jack,Pop Lockett Drop it,team_2,1.34,False
2018,5,Ginger FC,4-9-0 | 11th,88.24,101.28,malle_dips_pouches,11-2-0 | 4th,95.54,94.93,malle_dips_pouches,Ginger FC,team_2,7.3,False
2018,6,Uncle Rico,6-7-0 | 8th,124.1,101.67,Ginger FC,4-9-0 | 11th,81.08,88.41,Uncle Rico,Ginger FC,team_1,43.02,False
2018,6,The Big Gronkowski,7-6-0 | 5th,88.58,99.1,Pop Lockett Drop it,8-5-0 | 1st,125.6,106.3,Pop Lockett Drop it,The Big Gronkowski,team_2,37.02,False
2018,6,Malle ❤️ 🐸,4-9-0 | 12th,95.06,92.47,PickUpYourBratsMalle,7-6-0 | 6th,92.92,108.15,Malle ❤️ 🐸,PickUpYourBratsMalle,team_1,2.14,False
2018,6,Voldemort,7-6-0 | 2nd,95.7,103.51,Dillon Panthers,6-7-0 | 10th,106.52,98.33,Dillon Panthers,Voldemort,team_2,10.82,False
2018,6,Joe Mantegna,4-9-0 | 9th,116.08,113.36,malle_dips_pouches,11-2-0 | 4th,70.24,94.78,Joe Mantegna,malle_dips_pouches,team_1,45.84,False
2018,6,Post Mahomes,6-7-0 | 7th,118.9,99.54,Big Sack Jack,8-5-0 | 3rd,122.68,105.09,Big Sack Jack,Post Mahomes,team_2,3.78,False
2018,7,Uncle Rico,6-7-0 | 8th,73.24,95.59,malle_dips_pouches,11-2-0 | 4th,93.78,90.07,malle_dips_pouches,Uncle Rico,team_2,20.54,False
2018,7,The Big Gronkowski,7-6-0 | 5th,87.64,96.5,Post Mahomes,6-7-0 | 7th,86.66,108.23,The Big Gronkowski,Post Mahomes,team_1,0.98,False
2018,7,Malle ❤️ 🐸,4-9-0 | 12th,107.34,101.12,Pop Lockett Drop it,8-5-0 | 1st,142.86,103.64,Pop Lockett Drop it,Malle ❤️ 🐸,team_2,35.52,False
2018,7,Voldemort,7-6-0 | 2nd,111.38,95.27,PickUpYourBratsMalle,7-6-0 | 6th,119.34,102.72,PickUpYourBratsMalle,Voldemort,team_2,7.96,False
2018,7,Joe Mantegna,4-9-0 | 9th,101.32,109.59,Dillon Panthers,6-7-0 | 10th,104.6,99.07,Dillon Panthers,Joe Mantegna,team_2,3.28,False
2018,7,Ginger FC,4-9-0 | 11th,80.1,90.97,Big Sack Jack,8-5-0 | 3rd,111.78,108.6,Big Sack Jack,Ginger FC,team_2,31.68,False
2018,8,Uncle Rico,6-7-0 | 8th,111.24,102.25,Big Sack Jack,8-5-0 | 3rd,98.9,111.86,Uncle Rico,Big Sack Jack,team_1,12.34,False
2018,8,The Big Gronkowski,7-6-0 | 5th,83.2,94.85,Ginger FC,4-9-0 | 11th,95.94,89.31,Ginger FC,The Big Gronkowski,team_2,12.74,False
2018,8,Malle ❤️ 🐸,4-9-0 | 12th,89.06,100.46,Post Mahomes,6-7-0 | 7th,107.34,107.11,Post Mahomes,Malle ❤️ 🐸,team_2,18.28,False
2018,8,Voldemort,7-6-0 | 2nd,121.96,107.64,Pop Lockett Drop it,8-5-0 | 1st,101.1,106.55,Voldemort,Pop Lockett Drop it,team_1,20.86,False
2018,8,Joe Mantegna,4-9-0 | 9th,95.72,100.12,PickUpYourBratsMalle,7-6-0 | 6th,117.96,99.77,PickUpYourBratsMalle,Joe Mantegna,team_2,22.24,False
2018,8,Dillon Panthers,6-7-0 | 10th,94.8,111.94,malle_dips_pouches,11-2-0 | 4th,111.4,95.07,malle_dips_pouches,Dillon Panthers,team_2,16.6,False
2018,9,Uncle Rico,6-7-0 | 8th,87.26,107.94,The Big Gronkowski,7-6-0 | 5th,102.4,90.76,The Big Gronkowski,Uncle Rico,team_2,15.14,False
2018,9,Malle ❤️ 🐸,4-9-0 | 12th,105.4,93.15,Ginger FC,4-9-0 | 11th,68.8,88.64,Malle ❤️ 🐸,Ginger FC,team_1,36.6,False
2018,9,Voldemort,7-6-0 | 2nd,98.74,100.87,Post Mahomes,6-7-0 | 7th,97.48,110.52,Voldemort,Post Mahomes,team_1,1.26,False
2018,9,Joe Mantegna,4-9-0 | 9th,134.1,97.35,Pop Lockett Drop it,8-5-0 | 1st,138.2,103.27,Pop Lockett Drop it,Joe Mantegna,team_2,4.1,False
2018,9,Dillon Panthers,6-7-0 | 10th,79.04,97.83,PickUpYourBratsMalle,7-6-0 | 6th,92.16,106.39,PickUpYourBratsMalle,Dillon Panthers,team_2,13.12,False
2018,9,Big Sack Jack,8-5-0 | 3rd,104.76,107.95,malle_dips_pouches,11-2-0 | 4th,88.24,97.57,Big Sack Jack,malle_dips_pouches,team_1,16.52,False
2018,10,Uncle Rico,6-7-0 | 8th,102.96,103.38,Malle ❤️ 🐸,4-9-0 | 12th,117.52,100.1,Malle ❤️ 🐸,Uncle Rico,team_2,14.56,False
2018,10,The Big Gronkowski,7-6-0 | 5th,111.72,103.07,Big Sack Jack,8-5-0 | 3rd,97.26,106.78,The Big Gronkowski,Big Sack Jack,team_1,14.46,False
2018,10,Voldemort,7-6-0 | 2nd,104.38,106.09,Ginger FC,4-9-0 | 11th,86.7,85.1,Voldemort,Ginger FC,team_1,17.68,False
2018,10,Joe Mantegna,4-9-0 | 9th,110.56,116.32,Post Mahomes,6-7-0 | 7th,120.62,112.83,Post Mahomes,Joe Mantegna,team_2,10.06,False
2018,10,Dillon Panthers,6-7-0 | 10th,122.9,95.37,Pop Lockett Drop it,8-5-0 | 1st,83.4,115.42,Dillon Panthers,Pop Lockett Drop it,team_1,39.5,False
2018,10,PickUpYourBratsMalle,7-6-0 | 6th,85.22,104.42,malle_dips_pouches,11-2-0 | 4th,121.52,101.66,malle_dips_pouches,PickUpYourBratsMalle,team_2,36.3,False
2018,11,Uncle Rico,6-7-0 | 8th,98.68,112.0,Voldemort,7-6-0 | 2nd,71.98,102.24,Uncle Rico,Voldemort,team_1,26.7,False
2018,11,The Big Gronkowski,7-6-0 | 5th,90.14,105.28,malle_dips_pouches,11-2-0 | 4th,147.62,107.32,malle_dips_pouches,The Big Gronkowski,team_2,57.48,False
2018,11,Malle ❤️ 🐸,4-9-0 | 12th,90.06,105.94,Big Sack Jack,8-5-0 | 3rd,120.7,102.12,Big Sack Jack,Malle ❤️ 🐸,team_2,30.64,False
2018,11,Joe Mantegna,4-9-0 | 9th,119.92,82.66,Ginger FC,4-9-0 | 11th,104.94,91.83,Joe Mantegna,Ginger FC,team_1,14.98,False
2018,11,Dillon Panthers,6-7-0 | 10th,105.82,99.94,Post Mahomes,6-7-0 | 7th,135.48,122.56,Post Mahomes,Dillon Panthers,team_2,29.66,False
2018,11,PickUpYourBratsMalle,7-6-0 | 6th,81.08,105.69,Pop Lockett Drop it,8-5-0 | 1st,100.74,103.21,Pop Lockett Drop it,PickUpYourBratsMalle,team_2,19.66,False
2018,12,Uncle Rico,6-7-0 | 8th,83.2,95.47,Joe Mantegna,4-9-0 | 9th,67.8,75.13,Uncle Rico,Joe Mantegna,team_1,15.4,False
2018,12,The Big Gronkowski,7-6-0 | 5th,148.46,101.5,Malle ❤️ 🐸,4-9-0 | 12th,96.18,100.14,The Big Gronkowski,Malle ❤️ 🐸,team_1,52.28,False
2018,12,Voldemort,7-6-0 | 2nd,106.22,116.67,Big Sack Jack,8-5-0 | 3rd,61.04,90.24,Voldemort,Big Sack Jack,team_1,45.18,False
2018,12,Dillon Panthers,6-7-0 | 10th,92.24,92.81,Ginger FC,4-9-0 | 11th,95.26,95.91,Ginger FC,Dillon Panthers,team_2,3.02,False
2018,12,PickUpYourBratsMalle,7-6-0 | 6th,118.88,108.11,Post Mahomes,6-7-0 | 7th,109.14,127.08,PickUpYourBratsMalle,Post Mahomes,team_1,9.74,False
2018,12,Pop Lockett Drop it,8-5-0 | 1st,107.28,107.98,malle_dips_pouches,11-2-0 | 4th,153.22,109.54,malle_dips_pouches,Pop Lockett Drop it,team_2,45.94,False
2018,13,Uncle Rico,6-7-0 | 8th,111.32,112.06,Dillon Panthers,6-7-0 | 10th,74.62,101.76,Uncle Rico,Dillon Panthers,team_1,36.7,False
2018,13,The Big Gronkowski,7-6-0 | 5th,91.76,110.9,Voldemort,7-6-0 | 2nd,93.0,107.14,Voldemort,The Big Gronkowski,team_2,1.24,False
2018,13,Malle ❤️ 🐸,4-9-0 | 12th,54.72,100.32,malle_dips_pouches,11-2-0 | 4th,72.58,103.55,malle_dips_pouches,Malle ❤️ 🐸,team_2,17.86,False
2018,13,Joe Mantegna,4-9-0 | 9th,90.4,108.26,Big Sack Jack,8-5-0 | 3rd,95.1,106.16,Big Sack Jack,Joe Mantegna,team_2,4.7,False
2018,13,PickUpYourBratsMalle,7-6-0 | 6th,80.34,98.83,Ginger FC,4-9-0 | 11th,106.7,98.36,Ginger FC,PickUpYourBratsMalle,team_2,26.36,False
2018,13,Pop Lockett Drop it,8-5-0 | 1st,112.7,103.53,Post Mahomes,6-7-0 | 7th,109.0,120.19,Pop Lockett Drop it,Post Mahomes,team_1,3.7,False
2018,14,The Big Gronkowski,7-6-0 | 5th,91.5,109.35,Big Sack Jack,8-5-0 | 3rd,115.2,107.41,Big Sack Jack,The Big Gronkowski,team_2,23.7,False
2018,14,Voldemort,7-6-0 | 2nd,88.68,99.66,PickUpYourBratsMalle,7-6-0 | 6th,63.98,95.14,Voldemort,PickUpYourBratsMalle,team_1,24.7,False
2018,14,Uncle Rico,6-7-0 | 8th,88.04,107.24,Ginger FC,4-9-0 | 11th,52.38,93.53,Uncle Rico,Ginger FC,team_1,35.66,False
2018,14,Malle ❤️ 🐸,4-9-0 | 12th,88.18,108.34,Joe Mantegna,4-9-0 | 9th,153.88,108.91,Joe Mantegna,Malle ❤️ 🐸,team_2,65.7,False
2019,1,Uncle Rico,2-11-0 | 11th,92.76,107.03,Pop Lockett Drop it,10-3-0 | 5th,115.3,110.89,Pop Lockett Drop it,Uncle Rico,team_2,22.54,False
2019,1,The Big Gronkowski,6-7-0 | 9th,128.42,108.27,Malle ❤️ 🐸,4-9-0 | 8th,108.76,100.89,The Big Gronkowski,Malle ❤️ 🐸,team_1,19.66,False
2019,1,Voldemort,12-1-0 | 1st,130.52,114.18,malle_dips_pouches,4-9-0 | 12th,70.6,102.69,Voldemort,malle_dips_pouches,team_1,59.92,False
2019,1,Joe Mantegna,4-9-0 | 10th,105.82,98.42,Big Sack Jack,7-6-0 | 6th,79.54,100.29,Joe Mantegna,Big Sack Jack,team_1,26.28,False
2019,1,Patty Primetimes,10-3-0 | 2nd,117.1,112.35,Ginger FC,4-9-0 | 7th,98.8,105.88,Patty Primetimes,Ginger FC,team_1,18.3,False
2019,1,ThreatLevelMidnight,7-6-0 | 3rd,78.14,108.81,Post Mahomes,8-5-0 | 4th,123.82,106.52,Post Mahomes,ThreatLevelMidnight,team_2,45.68,False
2019,2,Uncle Rico,2-11-0 | 11th,84.12,106.91,Malle ❤️ 🐸,4-9-0 | 8th,96.4,103.37,Malle ❤️ 🐸,Uncle Rico,team_2,12.28,False
2019,2,The Big Gronkowski,6-7-0 | 9th,72.32,109.26,Voldemort,12-1-0 | 1st,96.92,115.4,Voldemort,The Big Gronkowski,team_2,24.6,False
2019,2,Joe Mantegna,4-9-0 | 10th,76.74,103.46,malle_dips_pouches,4-9-0 | 12th,89.66,104.38,malle_dips_pouches,Joe Mantegna,team_2,12.92,False
2019,2,Patty Primetimes,10-3-0 | 2nd,122.38,114.57,Big Sack Jack,7-6-0 | 6th,115.66,97.65,Patty Primetimes,Big Sack Jack,team_1,6.72,False
2019,2,ThreatLevelMidnight,7-6-0 | 3rd,106.22,104.85,Ginger FC,4-9-0 | 7th,74.8,102.55,ThreatLevelMidnight,Ginger FC,team_1,31.42,False
2019,2,Pop Lockett Drop it,10-3-0 | 5th,117.5,110.17,Post Mahomes,8-5-0 | 4th,76.06,104.21,Pop Lockett Drop it,Post Mahomes,team_1,41.44,False
2019,3,Uncle Rico,2-11-0 | 11th,101.02,103.99,Post Mahomes,8-5-0 | 4th,139.34,113.28,Post Mahomes,Uncle Rico,team_2,38.32,False
2019,3,The Big Gronkowski,6-7-0 | 9th,135.98,102.54,Joe Mantegna,4-9-0 | 10th,102.96,100.14,The Big Gronkowski,Joe Mantegna,team_1,33.02,False
2019,3,Malle ❤️ 🐸,4-9-0 | 8th,77.84,100.81,Voldemort,12-1-0 | 1st,132.06,111.1,Voldemort,Malle ❤️ 🐸,team_2,54.22,False
2019,3,Patty Primetimes,10-3-0 | 2nd,106.18,111.19,malle_dips_pouches,4-9-0 | 12th,103.2,102.95,Patty Primetimes,malle_dips_pouches,team_1,2.98,False
2019,3,ThreatLevelMidnight,7-6-0 | 3rd,93.12,108.78,Big Sack Jack,7-6-0 | 6th,85.64,98.05,ThreatLevelMidnight,Big Sack Jack,team_1,7.48,False
2019,3,Pop Lockett Drop it,10-3-0 | 5th,117.34,108.42,Ginger FC,4-9-0 | 7th,93.1,102.07,Pop Lockett Drop it,Ginger FC,team_1,24.24,False
2019,4,Uncle Rico,2-11-0 | 11th,81.42,98.11,Voldemort,12-1-0 | 1st,93.6,110.17,Voldemort,Uncle Rico,team_2,12.18,False
2019,4,The Big Gronkowski,6-7-0 | 9th,89.2,108.62,Patty Primetimes,10-3-0 | 2nd,130.98,113.93,Patty Primetimes,The Big Gronkowski,team_2,41.78,False
2019,4,Malle ❤️ 🐸,4-9-0 | 8th,73.12,93.28,Joe Mantegna,4-9-0 | 10th,87.9,97.49,Joe Mantegna,Malle ❤️ 🐸,team_2,14.78,False
2019,4,ThreatLevelMidnight,7-6-0 | 3rd,104.1,97.41,malle_dips_pouches,4-9-0 | 12th,93.68,106.03,ThreatLevelMidnight,malle_dips_pouches,team_1,10.42,False
2019,4,Pop Lockett Drop it,10-3-0 | 5th,110.4,96.72,Big Sack Jack,7-6-0 | 6th,107.7,92.89,Pop Lockett Drop it,Big Sack Jack,team_1,2.7,False
2019,4,Post Mahomes,8-5-0 | 4th,81.4,100.42,Ginger FC,4-9-0 | 7th,62.54,87.81,Post Mahomes,Ginger FC,team_1,18.86,False
2019,5,Uncle Rico,2-11-0 | 11th,90.36,91.14,Ginger FC,4-9-0 | 7th,115.46,92.75,Ginger FC,Uncle Rico,team_2,25.1,False
2019,5,The Big Gronkowski,6-7-0 | 9th,86.56,100.37,ThreatLevelMidnight,7-6-0 | 3rd,120.44,101.97,ThreatLevelMidnight,The Big Gronkowski,team_2,33.88,False
2019,5,Malle ❤️ 🐸,4-9-0 | 8th,130.52,95.62,Patty Primetimes,10-3-0 | 2nd,105.54,103.14,Malle ❤️ 🐸,Patty Primetimes,team_1,24.98,False
2019,5,Voldemort,12-1-0 | 1st,105.44,110.26,Joe Mantegna,4-9-0 | 10th,64.86,98.97,Voldemort,Joe Mantegna,team_1,40.58,False
2019,5,Pop Lockett Drop it,10-3-0 | 5th,131.92,92.53,malle_dips_pouches,4-9-0 | 12th,68.32,99.81,Pop Lockett Drop it,malle_dips_pouches,team_1,63.6,False
2019,5,Post Mahomes,8-5-0 | 4th,153.04,109.23,Big Sack Jack,7-6-0 | 6th,134.12,100.29,Post Mahomes,Big Sack Jack,team_1,18.92,False
2019,6,Uncle Rico,2-11-0 | 11th,61.2,83.74,Joe Mantegna,4-9-0 | 10th,109.14,91.87,Joe Mantegna,Uncle Rico,team_2,47.94,False
2019,6,The Big Gronkowski,6-7-0 | 9th,55.0,96.98,Pop Lockett Drop it,10-3-0 | 5th,100.0,89.56,Pop Lockett Drop it,The Big Gronkowski,team_2,45.0,False
2019,6,Malle ❤️ 🐸,4-9-0 | 8th,83.62,100.02,ThreatLevelMidnight,7-6-0 | 3rd,81.62,104.11,Malle ❤️ 🐸,ThreatLevelMidnight,team_1,2.0,False
2019,6,Voldemort,12-1-0 | 1st,114.12,109.76,Patty Primetimes,10-3-0 | 2nd,106.44,113.36,Voldemort,Patty Primetimes,team_1,7.68,False
2019,6,Post Mahomes,8-5-0 | 4th,112.8,106.82,malle_dips_pouches,4-9-0 | 12th,103.32,95.89,Post Mahomes,malle_dips_pouches,team_1,9.48,False
2019,6,Ginger FC,4-9-0 | 7th,87.2,93.19,Big Sack Jack,7-6-0 | 6th,92.36,105.5,Big Sack Jack,Ginger FC,team_2,5.16,False
2019,7,Uncle Rico,2-11-0 | 11th,78.68,98.23,Big Sack Jack,7-6-0 | 6th,97.46,100.91,Big Sack Jack,Uncle Rico,team_2,18.78,False
2019,7,The Big Gronkowski,6-7-0 | 9th,64.44,88.7,Post Mahomes,8-5-0 | 4th,96.62,114.33,Post Mahomes,The Big Gronkowski,team_2,32.18,False
2019,7,Malle ❤️ 🐸,4-9-0 | 8th,63.46,92.79,Pop Lockett Drop it,10-3-0 | 5th,90.24,107.5,Pop Lockett Drop it,Malle ❤️ 🐸,team_2,26.78,False
2019,7,Voldemort,12-1-0 | 1st,68.04,106.34,ThreatLevelMidnight,7-6-0 | 3rd,113.42,95.82,ThreatLevelMidnight,Voldemort,team_2,45.38,False
2019,7,Joe Mantegna,4-9-0 | 10th,78.94,94.7,Patty Primetimes,10-3-0 | 2nd,118.52,98.93,Patty Primetimes,Joe Mantegna,team_2,39.58,False
2019,7,Ginger FC,4-9-0 | 7th,109.32,90.61,malle_dips_pouches,4-9-0 | 12th,104.96,98.1,Ginger FC,malle_dips_pouches,team_1,4.36,False
2019,8,Uncle Rico,2-11-0 | 11th,69.9,70.3,Patty Primetimes,10-3-0 | 2nd,94.16,98.49,Patty Primetimes,Uncle Rico,team_2,24.26,False
2019,8,The Big Gronkowski,6-7-0 | 9th,83.3,81.37,Ginger FC,4-9-0 | 7th,71.7,99.01,The Big Gronkowski,Ginger FC,team_1,11.6,False
2019,8,Malle ❤️ 🐸,4-9-0 | 8th,94.02,93.42,Post Mahomes,8-5-0 | 4th,101.16,104.68,Post Mahomes,Malle ❤️ 🐸,team_2,7.14,False
2019,8,Voldemort,12-1-0 | 1st,122.58,101.19,Pop Lockett Drop it,10-3-0 | 5th,99.68,111.85,Voldemort,Pop Lockett Drop it,team_1,22.9,False
2019,8,Joe Mantegna,4-9-0 | 10th,121.78,98.1,ThreatLevelMidnight,7-6-0 | 3rd,138.08,105.56,ThreatLevelMidnight,Joe Mantegna,team_2,16.3,False
2019,8,Big Sack Jack,7-6-0 | 6th,110.26,102.69,malle_dips_pouches,4-9-0 | 12th,94.9,83.12,Big Sack Jack,malle_dips_pouches,team_1,15.36,False
2019,9,Uncle Rico,2-11-0 | 11th,73.2,91.9,malle_dips_pouches,4-9-0 | 12th,75.54,92.93,malle_dips_pouches,Uncle Rico,team_2,2.34,False
2019,9,The Big Gronkowski,6-7-0 | 9th,91.78,88.77,Big Sack Jack,7-6-0 | 6th,129.3,95.45,Big Sack Jack,The Big Gronkowski,team_2,37.52,False
2019,9,Malle ❤️ 🐸,4-9-0 | 8th,58.04,56.1,Ginger FC,4-9-0 | 7th,115.7,81.73,Ginger FC,Malle ❤️ 🐸,team_2,57.66,False
2019,9,Voldemort,12-1-0 | 1st,96.2,109.77,Post Mahomes,8-5-0 | 4th,78.14,110.3,Voldemort,Post Mahomes,team_1,18.06,False
2019,9,Joe Mantegna,4-9-0 | 10th,103.64,91.93,Pop Lockett Drop it,10-3-0 | 5th,154.32,113.26,Pop Lockett Drop it,Joe Mantegna,team_2,50.68,False
2019,9,Patty Primetimes,10-3-0 | 2nd,129.22,102.02,ThreatLevelMidnight,7-6-0 | 3rd,76.36,98.32,Patty Primetimes,ThreatLevelMidnight,team_1,52.86,False
2019,10,Uncle Rico,2-11-0 | 11th,134.74,95.98,ThreatLevelMidnight,7-6-0 | 3rd,108.02,88.69,Uncle Rico,ThreatLevelMidnight,team_1,26.72,False
2019,10,The Big Gronkowski,6-7-0 | 9th,79.38,96.27,malle_dips_pouches,4-9-0 | 12th,79.32,86.84,The Big Gronkowski,malle_dips_pouches,team_1,0.06,False
2019,10,Malle ❤️ 🐸,4-9-0 | 8th,92.78,78.76,Big Sack Jack,7-6-0 | 6th,112.42,102.43,Big Sack Jack,Malle ❤️ 🐸,team_2,19.64,False
2019,10,Voldemort,12-1-0 | 1st,136.34,116.19,Ginger FC,4-9-0 | 7th,67.08,93.42,Voldemort,Ginger FC,team_1,69.26,False
2019,10,Joe Mantegna,4-9-0 | 10th,103.22,85.46,Post Mahomes,8-5-0 | 4th,90.26,94.2,Joe Mantegna,Post Mahomes,team_1,12.96,False
2019,10,Patty Primetimes,10-3-0 | 2nd,120.42,105.91,Pop Lockett Drop it,10-3-0 | 5th,84.98,111.34,Patty Primetimes,Pop Lockett Drop it,team_1,35.44,False
2019,11,Uncle Rico,2-11-0 | 11th,91.74,92.38,The Big Gronkowski,6-7-0 | 9th,109.92,96.92,The Big Gronkowski,Uncle Rico,team_2,18.18,False
2019,11,Malle ❤️ 🐸,4-9-0 | 8th,74.56,90.24,malle_dips_pouches,4-9-0 | 12th,89.82,96.39,malle_dips_pouches,Malle ❤️ 🐸,team_2,15.26,False
2019,11,Voldemort,12-1-0 | 1st,107.08,119.31,Big Sack Jack,7-6-0 | 6th,60.34,106.84,Voldemort,Big Sack Jack,team_1,46.74,False
2019,11,Joe Mantegna,4-9-0 | 10th,67.46,93.82,Ginger FC,4-9-0 | 7th,118.62,96.61,Ginger FC,Joe Mantegna,team_2,51.16,False
2019,11,Patty Primetimes,10-3-0 | 2nd,132.48,99.89,Post Mahomes,8-5-0 | 4th,75.26,100.03,Patty Primetimes,Post Mahomes,team_1,57.22,False
2019,11,ThreatLevelMidnight,7-6-0 | 3rd,67.88,86.82,Pop Lockett Drop it,10-3-0 | 5th,78.62,104.78,Pop Lockett Drop it,ThreatLevelMidnight,team_2,10.74,False
2019,12,Uncle Rico,2-11-0 | 11th,112.9,92.55,Pop Lockett Drop it,10-3-0 | 5th,55.4,107.4,Uncle Rico,Pop Lockett Drop it,team_1,57.5,False
2019,12,The Big Gronkowski,6-7-0 | 9th,105.72,101.96,Malle ❤️ 🐸,4-9-0 | 8th,69.58,68.95,The Big Gronkowski,Malle ❤️ 🐸,team_1,36.14,False
2019,12,Voldemort,12-1-0 | 1st,108.78,100.68,malle_dips_pouches,4-9-0 | 12th,66.56,91.91,Voldemort,malle_dips_pouches,team_1,42.22,False
2019,12,Joe Mantegna,4-9-0 | 10th,81.64,84.27,Big Sack Jack,7-6-0 | 6th,93.0,91.21,Big Sack Jack,Joe Mantegna,team_2,11.36,False
2019,12,Patty Primetimes,10-3-0 | 2nd,107.76,99.31,Ginger FC,4-9-0 | 7th,85.34,94.41,Patty Primetimes,Ginger FC,team_1,22.42,False
2019,12,ThreatLevelMidnight,7-6-0 | 3rd,97.18,94.8,Post Mahomes,8-5-0 | 4th,114.62,93.47,Post Mahomes,ThreatLevelMidnight,team_2,17.44,False
2019,13,Uncle Rico,2-11-0 | 11th,95.24,98.53,Malle ❤️ 🐸,4-9-0 | 8th,107.6,90.98,Malle ❤️ 🐸,Uncle Rico,team_2,12.36,False
2019,13,The Big Gronkowski,6-7-0 | 9th,59.4,97.54,Voldemort,12-1-0 | 1st,69.7,113.87,Voldemort,The Big Gronkowski,team_2,10.3,False
2019,13,Joe Mantegna,4-9-0 | 10th,99.34,92.68,malle_dips_pouches,4-9-0 | 12th,104.82,100.6,malle_dips_pouches,Joe Mantegna,team_2,5.48,False
2019,13,Patty Primetimes,10-3-0 | 2nd,81.9,105.74,Big Sack Jack,7-6-0 | 6th,86.14,102.4,Big Sack Jack,Patty Primetimes,team_2,4.24,False
2019,13,ThreatLevelMidnight,7-6-0 | 3rd,91.38,99.19,Ginger FC,4-9-0 | 7th,81.58,100.56,ThreatLevelMidnight,Ginger FC,team_1,9.8,False
2019,13,Pop Lockett Drop it,10-3-0 | 5th,105.6,108.97,Post Mahomes,8-5-0 | 4th,80.32,97.64,Pop Lockett Drop it,Post Mahomes,team_1,25.28,False
2019,14,ThreatLevelMidnight,7-6-0 | 3rd,144.14,92.49,Pop Lockett Drop it,10-3-0 | 5th,57.4,103.21,ThreatLevelMidnight,Pop Lockett Drop it,team_1,86.74,False
2019,14,Post Mahomes,8-5-0 | 4th,106.98,106.86,Big Sack Jack,7-6-0 | 6th,102.52,98.15,Post Mahomes,Big Sack Jack,team_1,4.46,False
2019,14,Uncle Rico,2-11-0 | 11th,64.74,98.13,Ginger FC,4-9-0 | 7th,81.18,97.14,Ginger FC,Uncle Rico,team_2,16.44,False
2019,14,Malle ❤️ 🐸,4-9-0 | 8th,117.26,91.94,malle_dips_pouches,4-9-0 | 12th,110.4,99.25,Malle ❤️ 🐸,malle_dips_pouches,team_1,6.86,False
2020,1,Uncle Rico,8-5-0 | 2nd,91.28,119.63,Voldemort,9-4-0 | 4th,91.14,118.25,Uncle Rico,Voldemort,team_1,0.14,False
2020,1,The Big Gronkowski,8-5-0 | 5th,85.4,122.86,Malle ❤️ 🐸,8-5-0 | 1st,147.86,117.75,Malle ❤️ 🐸,The Big Gronkowski,team_2,62.46,False
2020,1,Joe Mantegna,7-6-0 | 6th,124.72,124.73,malle_dips_pouches,5-8-0 | 11th,115.36,113.52,Joe Mantegna,malle_dips_pouches,team_1,9.36,False
2020,1,ThreatLevelMidnight,3-10-0 | 9th,135.8,117.59,Big Sack Jack,6-7-0 | 10th,115.44,123.23,ThreatLevelMidnight,Big Sack Jack,team_1,20.36,False
2020,1,Pop Lockett Drop it,10-3-0 | 3rd,149.56,115.59,Ginger FC,5-8-0 | 12th,137.88,114.87,Pop Lockett Drop it,Ginger FC,team_1,11.68,False
2020,1,Post Mahomes,6-7-0 | 8th,100.4,116.96,Patty Primetimes,3-10-0 | 7th,105.7,122.19,Patty Primetimes,Post Mahomes,team_2,5.3,False
2020,2,Uncle Rico,8-5-0 | 2nd,112.2,104.2,Joe Mantegna,7-6-0 | 6th,94.7,120.09,Uncle Rico,Joe Mantegna,team_1,17.5,False
2020,2,The Big Gronkowski,8-5-0 | 5th,96.88,120.37,Voldemort,9-4-0 | 4th,144.0,123.26,Voldemort,The Big Gronkowski,team_2,47.12,False
2020,2,Malle ❤️ 🐸,8-5-0 | 1st,151.48,122.59,Patty Primetimes,3-10-0 | 7th,110.96,122.81,Malle ❤️ 🐸,Patty Primetimes,team_1,40.52,False
2020,2,ThreatLevelMidnight,3-10-0 | 9th,97.02,117.07,malle_dips_pouches,5-8-0 | 11th,151.46,116.74,malle_dips_pouches,ThreatLevelMidnight,team_2,54.44,False
2020,2,Pop Lockett Drop it,10-3-0 | 3rd,89.9,119.72,Big Sack Jack,6-7-0 | 10th,131.38,121.33,Big Sack Jack,Pop Lockett Drop it,team_2,41.48,False
2020,2,Post Mahomes,6-7-0 | 8th,126.44,118.23,Ginger FC,5-8-0 | 12th,145.92,118.88,Ginger FC,Post Mahomes,team_2,19.48,False
2020,3,Uncle Rico,8-5-0 | 2nd,130.04,112.76,ThreatLevelMidnight,3-10-0 | 9th,119.62,107.42,Uncle Rico,ThreatLevelMidnight,team_1,10.42,False
2020,3,The Big Gronkowski,8-5-0 | 5th,160.22,123.34,Joe Mantegna,7-6-0 | 6th,112.36,121.31,The Big Gronkowski,Joe Mantegna,team_1,47.86,False
2020,3,Malle ❤️ 🐸,8-5-0 | 1st,133.28,127.27,Voldemort,9-4-0 | 4th,123.38,123.43,Malle ❤️ 🐸,Voldemort,team_1,9.9,False
2020,3,Pop Lockett Drop it,10-3-0 | 3rd,122.12,112.19,malle_dips_pouches,5-8-0 | 11th,109.24,119.63,Pop Lockett Drop it,malle_dips_pouches,team_1,12.88,False
2020,3,Post Mahomes,6-7-0 | 8th,113.4,120.34,Big Sack Jack,6-7-0 | 10th,121.8,124.27,Big Sack Jack,Post Mahomes,team_2,8.4,False
2020,3,Ginger FC,5-8-0 | 12th,122.0,115.74,Patty Primetimes,3-10-0 | 7th,147.48,126.44,Patty Primetimes,Ginger FC,team_2,25.48,False
2020,4,Uncle Rico,8-5-0 | 2nd,105.22,101.21,Pop Lockett Drop it,10-3-0 | 3rd,120.48,118.07,Pop Lockett Drop it,Uncle Rico,team_2,15.26,False
2020,4,The Big Gronkowski,8-5-0 | 5th,150.1,128.03,ThreatLevelMidnight,3-10-0 | 9th,119.1,113.0,The Big Gronkowski,ThreatLevelMidnight,team_1,31.0,False
2020,4,Malle ❤️ 🐸,8-5-0 | 1st,126.66,124.34,Joe Mantegna,7-6-0 | 6th,140.78,124.11,Joe Mantegna,Malle ❤️ 🐸,team_2,14.12,False
2020,4,Voldemort,9-4-0 | 4th,105.78,124.58,Patty Primetimes,3-10-0 | 7th,80.72,115.03,Voldemort,Patty Primetimes,team_1,25.06,False
2020,4,Post Mahomes,6-7-0 | 8th,102.72,121.86,malle_dips_pouches,5-8-0 | 11th,115.84,118.67,malle_dips_pouches,Post Mahomes,team_2,13.12,False
2020,4,Ginger FC,5-8-0 | 12th,108.4,111.34,Big Sack Jack,6-7-0 | 10th,97.8,120.39,Ginger FC,Big Sack Jack,team_1,10.6,False
2020,5,Uncle Rico,8-5-0 | 2nd,65.12,103.69,Post Mahomes,6-7-0 | 8th,102.1,117.08,Post Mahomes,Uncle Rico,team_2,36.98,False
2020,5,The Big Gronkowski,8-5-0 | 5th,113.62,127.0,Pop Lockett Drop it,10-3-0 | 3rd,121.74,115.6,Pop Lockett Drop it,The Big Gronkowski,team_2,8.12,False
2020,5,Malle ❤️ 🐸,8-5-0 | 1st,146.62,128.26,ThreatLevelMidnight,3-10-0 | 9th,109.62,110.66,Malle ❤️ 🐸,ThreatLevelMidnight,team_1,37.0,False
2020,5,Voldemort,9-4-0 | 4th,83.94,117.93,Joe Mantegna,7-6-0 | 6th,113.56,124.79,Joe Mantegna,Voldemort,team_2,29.62,False
2020,5,Ginger FC,5-8-0 | 12th,125.78,115.62,malle_dips_pouches,5-8-0 | 11th,104.98,99.93,Ginger FC,malle_dips_pouches,team_1,20.8,False
2020,5,Big Sack Jack,6-7-0 | 10th,155.5,123.87,Patty Primetimes,3-10-0 | 7th,77.3,99.81,Big Sack Jack,Patty Primetimes,team_1,78.2,False
2020,6,Uncle Rico,8-5-0 | 2nd,103.08,115.23,Ginger FC,5-8-0 | 12th,71.94,98.52,Uncle Rico,Ginger FC,team_1,31.14,False
2020,6,The Big Gronkowski,8-5-0 | 5th,89.42,118.12,Post Mahomes,6-7-0 | 8th,107.82,114.35,Post Mahomes,The Big Gronkowski,team_2,18.4,False
2020,6,Malle ❤️ 🐸,8-5-0 | 1st,112.44,115.77,Pop Lockett Drop it,10-3-0 | 3rd,119.3,110.53,Pop Lockett Drop it,Malle ❤️ 🐸,team_2,6.86,False
2020,6,Voldemort,9-4-0 | 4th,137.16,115.28,ThreatLevelMidnight,3-10-0 | 9th,85.34,123.16,Voldemort,ThreatLevelMidnight,team_1,51.82,False
2020,6,Joe Mantegna,7-6-0 | 6th,121.3,121.75,Patty Primetimes,3-10-0 | 7th,87.94,98.35,Joe Mantegna,Patty Primetimes,team_1,33.36,False
2020,6,Big Sack Jack,6-7-0 | 10th,79.82,116.89,malle_dips_pouches,5-8-0 | 11th,108.42,109.43,malle_dips_pouches,Big Sack Jack,team_2,28.6,False
2020,7,Uncle Rico,8-5-0 | 2nd,110.18,107.14,Big Sack Jack,6-7-0 | 10th,63.9,113.19,Uncle Rico,Big Sack Jack,team_1,46.28,False
2020,7,The Big Gronkowski,8-5-0 | 5th,103.5,116.39,Ginger FC,5-8-0 | 12th,101.02,112.96,The Big Gronkowski,Ginger FC,team_1,2.48,False
2020,7,Malle ❤️ 🐸,8-5-0 | 1st,135.56,122.3,Post Mahomes,6-7-0 | 8th,127.1,120.48,Malle ❤️ 🐸,Post Mahomes,team_1,8.46,False
2020,7,Voldemort,9-4-0 | 4th,121.88,108.45,Pop Lockett Drop it,10-3-0 | 3rd,97.62,118.6,Voldemort,Pop Lockett Drop it,team_1,24.26,False
2020,7,Joe Mantegna,7-6-0 | 6th,116.72,112.95,ThreatLevelMidnight,3-10-0 | 9th,137.46,112.19,ThreatLevelMidnight,Joe Mantegna,team_2,20.74,False
2020,7,malle_dips_pouches,5-8-0 | 11th,106.74,108.65,Patty Primetimes,3-10-0 | 7th,149.3,102.57,Patty Primetimes,malle_dips_pouches,team_2,42.56,False
2020,8,Uncle Rico,8-5-0 | 2nd,79.02,106.94,malle_dips_pouches,5-8-0 | 11th,86.36,105.45,malle_dips_pouches,Uncle Rico,team_2,7.34,False
2020,8,The Big Gronkowski,8-5-0 | 5th,133.3,117.0,Big Sack Jack,6-7-0 | 10th,113.74,115.12,The Big Gronkowski,Big Sack Jack,team_1,19.56,False
2020,8,Malle ❤️ 🐸,8-5-0 | 1st,96.56,124.69,Ginger FC,5-8-0 | 12th,162.94,109.36,Ginger FC,Malle ❤️ 🐸,team_2,66.38,False
2020,8,Voldemort,9-4-0 | 4th,89.52,109.22,Post Mahomes,6-7-0 | 8th,74.84,108.96,Voldemort,Post Mahomes,team_1,14.68,False
2020,8,Joe Mantegna,7-6-0 | 6th,64.36,109.56,Pop Lockett Drop it,10-3-0 | 3rd,102.84,117.01,Pop Lockett Drop it,Joe Mantegna,team_2,38.48,False
2020,8,ThreatLevelMidnight,3-10-0 | 9th,107.22,121.13,Patty Primetimes,3-10-0 | 7th,88.16,115.5,ThreatLevelMidnight,Patty Primetimes,team_1,19.06,False
2020,9,Uncle Rico,8-5-0 | 2nd,73.4,115.06,Patty Primetimes,3-10-0 | 7th,51.94,109.86,Uncle Rico,Patty Primetimes,team_1,21.46,False
2020,9,The Big Gronkowski,8-5-0 | 5th,116.08,117.61,malle_dips_pouches,5-8-0 | 11th,71.7,104.54,The Big Gronkowski,malle_dips_pouches,team_1,44.38,False
2020,9,Malle ❤️ 🐸,8-5-0 | 1st,81.76,112.28,Big Sack Jack,6-7-0 | 10th,113.68,111.69,Big Sack Jack,Malle ❤️ 🐸,team_2,31.92,False
2020,9,Voldemort,9-4-0 | 4th,136.74,116.48,Ginger FC,5-8-0 | 12th,119.2,128.41,Voldemort,Ginger FC,team_1,17.54,False
2020,9,Joe Mantegna,7-6-0 | 6th,118.34,105.57,Post Mahomes,6-7-0 | 8th,96.92,104.64,Joe Mantegna,Post Mahomes,team_1,21.42,False
2020,9,ThreatLevelMidnight,3-10-0 | 9th,125.96,102.45,Pop Lockett Drop it,10-3-0 | 3rd,155.3,124.14,Pop Lockett Drop it,ThreatLevelMidnight,team_2,29.34,False
2020,10,Uncle Rico,8-5-0 | 2nd,118.66,116.65,The Big Gronkowski,8-5-0 | 5th,88.24,125.13,Uncle Rico,The Big Gronkowski,team_1,30.42,False
2020,10,Malle ❤️ 🐸,8-5-0 | 1st,145.2,112.45,malle_dips_pouches,5-8-0 | 11th,98.52,115.59,Malle ❤️ 🐸,malle_dips_pouches,team_1,46.68,False
2020,10,Voldemort,9-4-0 | 4th,102.68,112.78,Big Sack Jack,6-7-0 | 10th,64.62,96.44,Voldemort,Big Sack Jack,team_1,38.06,False
2020,10,Joe Mantegna,7-6-0 | 6th,90.62,108.36,Ginger FC,5-8-0 | 12th,76.12,110.47,Joe Mantegna,Ginger FC,team_1,14.5,False
2020,10,ThreatLevelMidnight,3-10-0 | 9th,76.82,113.86,Post Mahomes,6-7-0 | 8th,138.2,108.63,Post Mahomes,ThreatLevelMidnight,team_2,61.38,False
2020,10,Pop Lockett Drop it,10-3-0 | 3rd,121.5,122.37,Patty Primetimes,3-10-0 | 7th,118.36,110.41,Pop Lockett Drop it,Patty Primetimes,team_1,3.14,False
2020,11,Uncle Rico,8-5-0 | 2nd,130.84,113.49,Malle ❤️ 🐸,8-5-0 | 1st,134.34,127.75,Malle ❤️ 🐸,Uncle Rico,team_2,3.5,False
2020,11,The Big Gronkowski,8-5-0 | 5th,115.6,115.98,Patty Primetimes,3-10-0 | 7th,75.52,103.17,The Big Gronkowski,Patty Primetimes,team_1,40.08,False
2020,11,Voldemort,9-4-0 | 4th,137.44,120.44,malle_dips_pouches,5-8-0 | 11th,94.62,111.85,Voldemort,malle_dips_pouches,team_1,42.82,False
2020,11,Joe Mantegna,7-6-0 | 6th,81.36,111.83,Big Sack Jack,6-7-0 | 10th,126.32,110.71,Big Sack Jack,Joe Mantegna,team_2,44.96,False
2020,11,ThreatLevelMidnight,3-10-0 | 9th,102.48,116.07,Ginger FC,5-8-0 | 12th,105.38,112.22,Ginger FC,ThreatLevelMidnight,team_2,2.9,False
2020,11,Pop Lockett Drop it,10-3-0 | 3rd,89.94,114.95,Post Mahomes,6-7-0 | 8th,121.16,117.56,Post Mahomes,Pop Lockett Drop it,team_2,31.22,False
2020,12,Uncle Rico,8-5-0 | 2nd,171.52,118.75,Voldemort,9-4-0 | 4th,176.74,119.53,Voldemort,Uncle Rico,team_2,5.22,False
2020,12,The Big Gronkowski,8-5-0 | 5th,85.82,121.33,Malle ❤️ 🐸,8-5-0 | 1st,82.04,125.57,The Big Gronkowski,Malle ❤️ 🐸,team_1,3.78,False
2020,12,Joe Mantegna,7-6-0 | 6th,121.34,110.54,malle_dips_pouches,5-8-0 | 11th,96.48,104.92,Joe Mantegna,malle_dips_pouches,team_1,24.86,False
2020,12,ThreatLevelMidnight,3-10-0 | 9th,102.6,117.71,Big Sack Jack,6-7-0 | 10th,106.58,117.44,Big Sack Jack,ThreatLevelMidnight,team_2,3.98,False
2020,12,Pop Lockett Drop it,10-3-0 | 3rd,118.94,119.14,Ginger FC,5-8-0 | 12th,112.7,110.21,Pop Lockett Drop it,Ginger FC,team_1,6.24,False
2020,12,Post Mahomes,6-7-0 | 8th,87.02,115.13,Patty Primetimes,3-10-0 | 7th,81.08,102.45,Post Mahomes,Patty Primetimes,team_1,5.94,False
2020,13,Uncle Rico,8-5-0 | 2nd,107.28,120.82,Joe Mantegna,7-6-0 | 6th,87.98,109.05,Uncle Rico,Joe Mantegna,team_1,19.3,False
2020,13,The Big Gronkowski,8-5-0 | 5th,118.32,119.72,Voldemort,9-4-0 | 4th,109.06,117.38,The Big Gronkowski,Voldemort,team_1,9.26,False
2020,13,Malle ❤️ 🐸,8-5-0 | 1st,120.0,118.91,Patty Primetimes,3-10-0 | 7th,89.9,88.33,Malle ❤️ 🐸,Patty Primetimes,team_1,30.1,False
2020,13,ThreatLevelMidnight,3-10-0 | 9th,124.96,119.32,malle_dips_pouches,5-8-0 | 11th,140.3,113.7,malle_dips_pouches,ThreatLevelMidnight,team_2,15.34,False
2020,13,Pop Lockett Drop it,10-3-0 | 3rd,115.6,113.55,Big Sack Jack,6-7-0 | 10th,80.12,109.91,Pop Lockett Drop it,Big Sack Jack,team_1,35.48,False
2020,13,Post Mahomes,6-7-0 | 8th,139.62,114.42,Ginger FC,5-8-0 | 12th,68.52,114.02,Post Mahomes,Ginger FC,team_1,71.1,False
2020,14,Uncle Rico,8-5-0 | 2nd,152.22,125.1,The Big Gronkowski,8-5-0 | 5th,99.56,119.84,Uncle Rico,The Big Gronkowski,team_1,52.66,False
2020,14,Malle ❤️ 🐸,8-5-0 | 1st,132.28,122.7,Joe Mantegna,7-6-0 | 6th,103.84,105.39,Malle ❤️ 🐸,Joe Mantegna,team_1,28.44,False
2020,14,ThreatLevelMidnight,3-10-0 | 9th,137.08,117.55,malle_dips_pouches,5-8-0 | 11th,62.7,110.26,ThreatLevelMidnight,malle_dips_pouches,team_1,74.38,False
2020,14,Ginger FC,5-8-0 | 12th,81.14,108.92,Patty Primetimes,3-10-0 | 7th,89.32,94.99,Patty Primetimes,Ginger FC,team_2,8.18,False
2021,1,Uncle Rico,4-10-0 | 7th,102.4,127.99,Voldemort,9-5-0 | 1st,127.66,130.08,Voldemort,Uncle Rico,team_2,25.26,False
2021,1,The Big Gronkowski,7-7-0 | 5th,139.34,120.69,Malle ❤️ 🐸,11-3-0 | 4th,140.56,128.72,Malle ❤️ 🐸,The Big Gronkowski,team_2,1.22,False
2021,1,Joe Mantegna,9-5-0 | 6th,107.28,131.39,malle_dips_pouches,4-10-0 | 12th,98.48,119.77,Joe Mantegna,malle_dips_pouches,team_1,8.8,False
2021,1,ThreatLevelMidnight,11-3-0 | 2nd,138.26,128.66,Big Sack Jack,3-11-0 | 10th,129.38,114.3,ThreatLevelMidnight,Big Sack Jack,team_1,8.88,False
2021,1,Pop Lockett Drop it,7-7-0 | 9th,103.44,122.59,Ginger FC,5-9-0 | 11th,120.32,125.17,Ginger FC,Pop Lockett Drop it,team_2,16.88,False
2021,1,Post Mahomes,8-6-0 | 3rd,109.06,119.73,Patty Primetimes,6-8-0 | 8th,103.1,131.05,Post Mahomes,Patty Primetimes,team_1,5.96,False
2021,2,Uncle Rico,4-10-0 | 7th,146.36,129.18,Joe Mantegna,9-5-0 | 6th,96.42,128.64,Uncle Rico,Joe Mantegna,team_1,49.94,False
2021,2,The Big Gronkowski,7-7-0 | 5th,137.42,123.62,Voldemort,9-5-0 | 1st,92.88,125.65,The Big Gronkowski,Voldemort,team_1,44.54,False
2021,2,Malle ❤️ 🐸,11-3-0 | 4th,127.84,125.11,Patty Primetimes,6-8-0 | 8th,91.36,129.4,Malle ❤️ 🐸,Patty Primetimes,team_1,36.48,False
2021,2,ThreatLevelMidnight,11-3-0 | 2nd,108.52,132.99,malle_dips_pouches,4-10-0 | 12th,121.28,118.18,malle_dips_pouches,ThreatLevelMidnight,team_2,12.76,False
2021,2,Pop Lockett Drop it,7-7-0 | 9th,116.82,119.03,Big Sack Jack,3-11-0 | 10th,109.02,108.78,Pop Lockett Drop it,Big Sack Jack,team_1,7.8,False
2021,2,Post Mahomes,8-6-0 | 3rd,119.6,119.82,Ginger FC,5-9-0 | 11th,129.6,129.65,Ginger FC,Post Mahomes,team_2,10.0,False
2021,3,Uncle Rico,4-10-0 | 7th,114.18,132.38,ThreatLevelMidnight,11-3-0 | 2nd,122.22,125.18,ThreatLevelMidnight,Uncle Rico,team_2,8.04,False
2021,3,The Big Gronkowski,7-7-0 | 5th,132.82,124.23,Joe Mantegna,9-5-0 | 6th,111.14,114.34,The Big Gronkowski,Joe Mantegna,team_1,21.68,False
2021,3,Malle ❤️ 🐸,11-3-0 | 4th,94.08,121.11,Voldemort,9-5-0 | 1st,99.62,124.82,Voldemort,Malle ❤️ 🐸,team_2,5.54,False
2021,3,Pop Lockett Drop it,7-7-0 | 9th,110.64,119.91,malle_dips_pouches,4-10-0 | 12th,123.88,118.52,malle_dips_pouches,Pop Lockett Drop it,team_2,13.24,False
2021,3,Post Mahomes,8-6-0 | 3rd,85.74,126.51,Big Sack Jack,3-11-0 | 10th,101.4,113.84,Big Sack Jack,Post Mahomes,team_2,15.66,False
2021,3,Ginger FC,5-9-0 | 11th,93.44,120.95,Patty Primetimes,6-8-0 | 8th,119.02,123.52,Patty Primetimes,Ginger FC,team_2,25.58,False
2021,4,Uncle Rico,4-10-0 | 7th,83.94,113.13,Pop Lockett Drop it,7-7-0 | 9th,89.7,119.94,Pop Lockett Drop it,Uncle Rico,team_2,5.76,False
2021,4,The Big Gronkowski,7-7-0 | 5th,92.3,129.67,ThreatLevelMidnight,11-3-0 | 2nd,115.96,131.24,ThreatLevelMidnight,The Big Gronkowski,team_2,23.66,False
2021,4,Malle ❤️ 🐸,11-3-0 | 4th,95.46,118.26,Joe Mantegna,9-5-0 | 6th,101.18,123.75,Joe Mantegna,Malle ❤️ 🐸,team_2,5.72,False
2021,4,Voldemort,9-5-0 | 1st,142.82,127.59,Patty Primetimes,6-8-0 | 8th,108.62,117.67,Voldemort,Patty Primetimes,team_1,34.2,False
2021,4,Post Mahomes,8-6-0 | 3rd,129.72,121.21,malle_dips_pouches,4-10-0 | 12th,105.64,123.91,Post Mahomes,malle_dips_pouches,team_1,24.08,False
2021,4,Ginger FC,5-9-0 | 11th,143.62,121.18,Big Sack Jack,3-11-0 | 10th,131.22,105.56,Ginger FC,Big Sack Jack,team_1,12.4,False
2021,5,Uncle Rico,4-10-0 | 7th,191.08,123.71,Post Mahomes,8-6-0 | 3rd,103.96,127.82,Uncle Rico,Post Mahomes,team_1,87.12,False
2021,5,The Big Gronkowski,7-7-0 | 5th,104.3,124.64,Pop Lockett Drop it,7-7-0 | 9th,124.24,116.35,Pop Lockett Drop it,The Big Gronkowski,team_2,19.94,False
2021,5,Malle ❤️ 🐸,11-3-0 | 4th,122.94,122.81,ThreatLevelMidnight,11-3-0 | 2nd,102.78,123.06,Malle ❤️ 🐸,ThreatLevelMidnight,team_1,20.16,False
2021,5,Voldemort,9-5-0 | 1st,142.98,124.5,Joe Mantegna,9-5-0 | 6th,101.52,106.27,Voldemort,Joe Mantegna,team_1,41.46,False
2021,5,Ginger FC,5-9-0 | 11th,160.66,124.21,malle_dips_pouches,4-10-0 | 12th,96.48,114.3,Ginger FC,malle_dips_pouches,team_1,64.18,False
2021,5,Big Sack Jack,3-11-0 | 10th,114.88,116.23,Patty Primetimes,6-8-0 | 8th,126.7,123.4,Patty Primetimes,Big Sack Jack,team_2,11.82,False
2021,6,Uncle Rico,4-10-0 | 7th,142.68,122.9,Ginger FC,5-9-0 | 11th,120.6,120.56,Uncle Rico,Ginger FC,team_1,22.08,False
2021,6,The Big Gronkowski,7-7-0 | 5th,119.74,124.28,Post Mahomes,8-6-0 | 3rd,171.26,105.84,Post Mahomes,The Big Gronkowski,team_2,51.52,False
2021,6,Malle ❤️ 🐸,11-3-0 | 4th,118.08,118.84,Pop Lockett Drop it,7-7-0 | 9th,93.26,124.35,Malle ❤️ 🐸,Pop Lockett Drop it,team_1,24.82,False
2021,6,Voldemort,9-5-0 | 1st,105.0,111.26,ThreatLevelMidnight,11-3-0 | 2nd,121.68,124.44,ThreatLevelMidnight,Voldemort,team_2,16.68,False
2021,6,Joe Mantegna,9-5-0 | 6th,79.8,109.5,Patty Primetimes,6-8-0 | 8th,97.32,108.64,Patty Primetimes,Joe Mantegna,team_2,17.52,False
2021,6,Big Sack Jack,3-11-0 | 10th,127.48,115.1,malle_dips_pouches,4-10-0 | 12th,101.84,118.89,Big Sack Jack,malle_dips_pouches,team_1,25.64,False
