year,week,avg_score,high_score,low_score,bad_beats,severe_bad_beats,brutal_bad_beats,lucky_wins
2017,1,81.50666666666667,132.38,48.22,1,0,0,1
2017,2,89.865,131.92,59.12,1,0,0,1
2017,3,89.34166666666665,141.02,66.76,2,0,0,2
2017,4,89.80333333333334,107.68,60.88,2,0,0,2
2017,5,84.515,115.64,59.94,1,0,0,1
2017,6,93.28500000000001,121.7,60.32,1,0,0,1
2017,7,92.63166666666666,132.32,60.26,2,0,0,2
2017,8,89.05666666666667,126.62,61.9,2,1,1,2
2017,9,85.88666666666667,107.52,68.86,1,0,0,1
2017,10,85.2,119.86,55.72,1,0,0,1
2017,11,98.38333333333333,126.06,43.9,1,0,0,1
2017,12,91.69,152.72,60.7,2,1,1,2
2017,13,91.84333333333335,130.86,67.98,1,0,0,1
2018,1,104.01333333333334,127.62,79.84,2,1,1,2
2018,2,101.00833333333333,127.1,83.04,0,0,0,0
2018,3,94.79666666666667,127.26,56.9,1,0,0,1
2018,4,116.49,158.96,77.46,1,0,0,1
2018,5,100.77833333333332,122.04,86.94,2,0,0,2
2018,6,103.12166666666667,125.6,70.24,1,0,0,1
2018,7,101.67,142.86,73.24,2,0,0,2
2018,8,102.38499999999999,121.96,83.2,1,0,0,1
2018,9,99.71499999999999,138.2,68.8,1,1,1,1
2018,10,105.39666666666666,122.9,83.4,1,0,0,1
2018,11,105.59666666666668,147.62,71.98,2,0,0,2
2018,12,103.24333333333334,153.22,61.04,2,0,0,2
2018,13,91.02,112.7,54.72,1,1,1,1
2019,1,104.13166666666666,130.52,70.6,1,0,0,1
2019,2,94.065,122.38,72.32,1,1,1,1
2019,3,107.315,139.34,77.84,1,0,0,1
2019,4,93.00333333333333,130.98,62.54,2,1,1,2
2019,5,108.88166666666666,153.04,64.86,1,1,1,1
2019,6,92.235,114.12,55.0,2,0,0,2
2019,7,90.34166666666665,118.52,63.46,1,0,0,1
2019,8,100.12666666666667,138.08,69.9,2,1,1,2
2019,9,98.45333333333333,154.32,58.04,1,0,0,1
2019,10,100.74666666666667,136.34,67.08,1,0,0,1
2019,11,89.48166666666667,132.48,60.34,1,0,0,1
2019,12,91.54,114.62,55.4,1,0,0,1
2019,13,88.585,107.6,59.4,2,0,0,2
2020,1,116.71166666666666,149.56,85.4,2,1,1,2
2020,2,121.02833333333332,151.48,89.9,1,0,0,1
2020,3,126.245,160.22,109.24,1,0,0,1
2020,4,114.46666666666665,150.1,80.72,2,1,1,2
2020,5,109.99000000000001,155.5,65.12,1,0,0,1
2020,6,101.99833333333333,137.16,71.94,1,0,0,1
2020,7,114.24833333333333,149.3,63.9,2,0,0,2
2020,8,99.90499999999999,162.94,64.36,2,1,1,2
2020,9,105.085,155.3,51.94,2,1,1,2
2020,10,103.295,145.2,64.62,1,0,0,1
2020,11,109.58333333333333,137.44,75.52,1,1,1,1
2020,12,111.90500000000002,176.74,81.08,2,1,1,2
2020,13,108.47166666666668,140.3,68.52,1,1,1,1
2021,1,118.27333333333333,140.56,98.48,2,1,1,2
2021,2,116.42666666666666,146.36,91.36,1,0,0,1
2021,3,109.015,132.82,85.74,2,0,0,2
2021,4,111.68166666666667,143.62,83.94,2,1,1,2
2021,5,124.37666666666667,191.08,96.48,0,0,0,0
2021,6,116.56166666666667,171.26,79.8,2,0,0,2
2021,7,112.98166666666667,140.66,89.44,1,0,0,1
2021,8,100.95666666666666,148.6,69.1,1,0,0,1
2021,9,98.68666666666667,126.58,72.1,2,0,0,2
2021,10,97.87833333333333,126.64,66.84,1,0,0,1
2021,11,108.46,161.38,71.4,1,0,0,1
2021,12,109.01166666666667,150.86,60.42,1,0,0,1
2021,13,109.645,149.1,49.72,1,0,0,1
2021,14,113.37166666666667,153.3,47.68,2,1,1,2
2022,1,110.245,156.38,66.36,0,0,0,0
2022,2,110.69,168.52,76.66,2,0,0,2
2022,3,97.83833333333332,157.92,61.54,2,0,0,2
2022,4,118.635,164.68,98.62,1,0,0,1
2022,5,112.29666666666667,182.3,75.16,1,0,0,1
2022,6,98.25,122.86,67.14,3,1,1,3
2022,7,104.09500000000001,132.12,80.5,2,0,0,2
2022,8,121.86333333333334,161.18,82.84,1,0,0,1
2022,9,105.69833333333334,153.1,82.72,1,0,0,1
2022,10,105.69500000000001,135.88,74.78,2,1,1,2
2022,11,105.23666666666666,156.2,76.72,2,0,0,2
2022,12,112.21999999999998,144.76,72.0,1,0,0,1
2022,13,110.97333333333334,147.24,80.62,1,1,1,1
2022,14,102.59833333333334,135.58,70.76,1,0,0,1
2023,1,100.42833333333334,148.36,52.38,2,0,0,2
2023,2,106.51666666666667,127.96,76.78,1,0,0,1
2023,3,117.20833333333333,139.88,55.28,1,1,1,1
2023,4,107.65666666666665,141.82,75.46,2,0,0,2
2023,5,102.10833333333333,139.52,66.72,1,0,0,1
2023,6,99.055,126.52,71.3,1,0,0,1
2023,7,106.03666666666668,150.68,67.48,1,0,0,1
2023,8,112.375,154.62,66.88,0,0,0,0
2023,9,95.22166666666668,121.5,69.44,1,0,0,1
2023,10,110.665,149.16,74.94,1,0,0,1
2023,11,109.045,156.98,60.44,1,0,0,1
2023,12,114.55333333333334,156.02,89.68,2,1,1,2
2023,13,113.76666666666667,146.82,91.06,2,0,0,2
2023,14,106.875,140.02,73.14,2,0,0,2
2024,1,107.125,156.68,71.34,2,0,0,2
2024,2,112.37333333333333,154.42,83.48,1,0,0,1
2024,3,103.05,133.52,68.5,0,0,0,0
2024,4,104.58166666666666,143.72,68.38,1,1,1,1
2024,5,113.67166666666667,173.32,76.86,2,0,0,2
2024,6,108.02166666666666,160.44,62.22,2,1,1,2
2024,7,107.235,156.64,79.54,2,0,0,2
2024,8,114.77833333333332,134.04,82.36,1,0,0,1
2024,9,110.51666666666667,156.54,69.06,1,0,0,1
2024,10,98.54166666666667,132.44,79.74,1,0,0,1
2024,11,107.175,145.68,81.64,1,0,0,1
2024,12,103.7,127.5,88.8,2,0,0,2
2024,13,115.35333333333334,158.18,81.22,2,1,1,2
2024,14,116.48,176.08,57.44,1,1,1,1
2025,1,101.16666666666667,140.36,72.68,0,0,0,0
2025,2,106.84166666666665,157.44,79.4,1,0,0,1
2025,3,103.11333333333333,141.02,76.28,1,0,0,1
2025,4,115.195,144.62,90.42,2,0,0,2
2025,5,114.18666666666667,154.78,66.12,2,0,0,2
2025,6,103.72500000000001,139.84,72.0,2,0,0,2
2025,7,115.46833333333335,165.7,57.74,1,0,0,1
2025,8,108.85333333333334,169.62,64.58,0,0,0,0
2025,9,106.08166666666666,154.28,78.02,2,0,0,2
2025,10,106.88499999999999,146.6,85.92,2,0,0,2
2025,11,104.99000000000001,133.78,81.54,1,0,0,1
2025,12,108.47166666666668,126.82,76.54,1,0,0,1
2025,13,103.46166666666666,133.68,50.62,2,1,1,2
2025,14,108.14,137.74,79.5,2,0,0,2
