year,week,fantasy_team,opponent,actual_score,yahoo_team_score,optimal_score,points_left_on_bench,lineup_efficiency_pct,avoidable_start_count,missed_start_count,should_have_benched,should_have_started,opponent_score,canonical_team,canonical_opponent,actual_win,actual_loss,actual_tie,optimal_win,optimal_loss,optimal_tie,manager_caused_loss,manager_caused_nonwin,actual_margin,optimal_margin,loss_margin,optimization_gain,would_have_won_by,bench_points_exceeded_loss_margin
2024,5,Ginger FC,Joe Mantegna,76.86,76.86,128.16,51.3,59.97,3,3,Jordan Love (QB) | Amari Cooper (WR) | Deebo Samuel Sr. (WR),Brandon Aiyuk (WR) | Brian Thomas Jr. (WR) | Kirk Cousins (QB),102.18,Ginger FC,Joe Mantegna,0,1,0,1,0,0,1,1,-25.320000000000007,25.97999999999999,25.320000000000007,51.3,25.97999999999999,1
2024,9,Pop Lockett Drop it,Voldemort,102.5,102.5,153.6,51.1,66.73,3,3,Kenneth Walker III (RB) | Jonathan Taylor (RB) | Puka Nacua (WR),Chase Brown (RB) | DeAndre Hopkins (WR) | J.K. Dobbins (RB),119.54,Pop Lockett Drop it,Voldemort,0,1,0,1,0,0,1,1,-17.040000000000006,34.05999999999999,17.040000000000006,51.099999999999994,34.05999999999999,1
2020,2,The Big Gronkowski,Voldemort,96.88,96.88,146.98,50.1,65.91,4,4,Drew Brees (QB) | Ronald Jones (RB) | Darius Slayton (WR) | Allen Robinson (WR),James Conner (RB) | Jared Goff (QB) | Jonnu Smith (TE) | Odell Beckham Jr. (WR),144.0,The Big Gronkowski,Voldemort,0,1,0,1,0,0,1,1,-47.120000000000005,2.9799999999999898,47.120000000000005,50.099999999999994,2.9799999999999898,1
2018,12,Joe Mantegna,Uncle Rico,67.8,67.8,117.4,49.6,57.75,3,3,Patrick Mahomes (QB) | Ito Smith (RB) | (Empty) (FLEX),Deshaun Watson (QB) | Frank Gore (RB) | Jared Cook (TE),83.2,Joe Mantegna,Uncle Rico,0,1,0,1,0,0,1,1,-15.400000000000006,34.2,15.400000000000006,49.60000000000001,34.2,1
2024,12,Voldemort,malle_dips_pouches,88.8,88.8,138.0,49.2,64.35,4,4,Brian Robinson (RB) | Sam LaPorta (TE) | Rhamondre Stevenson (RB) | Josh Downs (WR),Antonio Gibson (RB) | Courtland Sutton (WR) | Jaylen Waddle (WR) | Pat Freiermuth (TE),99.32,Voldemort,malle_dips_pouches,0,1,0,1,0,0,1,1,-10.519999999999996,38.68000000000001,10.519999999999996,49.2,38.68000000000001,1
2024,6,ThreatLevelMidnight,Ginger FC,77.46,77.46,125.8,48.34,61.57,2,2,Kyler Murray (QB) | James Conner (RB),Baker Mayfield (QB) | Chris Godwin Jr. (WR),103.52,ThreatLevelMidnight,Ginger FC,0,1,0,1,0,0,1,1,-26.060000000000002,22.28,26.060000000000002,48.34,22.28,1
2019,7,Joe Mantegna,Patty Primetimes,78.94,78.94,127.06,48.12,62.13,4,4,Carson Wentz (QB) | David Montgomery (RB) | Austin Hooper (TE) | Auden Tate (FLEX),Duke Johnson (RB) | Jimmy Graham (TE) | M. Valdes-Scantling (WR) | Matthew Stafford (QB),118.52,Joe Mantegna,Patty Primetimes,0,1,0,1,0,0,1,1,-39.58,8.540000000000006,39.58,48.120000000000005,8.540000000000006,1
2021,14,malle_dips_pouches,Pop Lockett Drop it,47.68,47.68,95.34,47.66,50.01,3,3,Taylor Heinicke (QB) | D'Andre Swift (RB) | Jerry Jeudy (WR),Aaron Jones Sr. (RB) | Ryan Tannehill (QB) | James Conner (RB),88.76,malle_dips_pouches,Pop Lockett Drop it,0,1,0,1,0,0,1,1,-41.080000000000005,6.579999999999998,41.080000000000005,47.660000000000004,6.579999999999998,1
2018,2,Joe Mantegna,Big Sack Jack,97.6,97.6,144.64,47.04,67.48,3,3,Deshaun Watson (QB) | Jamison Crowder (WR) | Corey Davis (WR),Keelan Cole Sr. (WR) | O.J. Howard (TE) | Patrick Mahomes (QB),107.4,Joe Mantegna,Big Sack Jack,0,1,0,1,0,0,1,1,-9.800000000000011,37.23999999999998,9.800000000000011,47.03999999999999,37.23999999999998,1
2017,3,Hello Harvard,Pop Lockett Drop it,69.86,69.86,116.56,46.7,59.93,3,3,Buccaneers - DEF (DEF) | Ty Montgomery II (RB) | Chris Johnson (FLEX),Jaguars - DEF (DEF) | Jordan Howard (RB) | Pierre Garcon (WR),71.26,Hello Harvard,Pop Lockett Drop it,0,1,0,1,0,0,1,1,-1.4000000000000057,45.3,1.4000000000000057,46.7,45.3,1
2017,12,Dillon Panthers,Ginger FC,80.8,80.8,125.4,44.6,64.43,3,3,C.J. Anderson (RB) | Dez Bryant (WR) | Emmanuel Sanders (WR),Derrick Henry (RB) | Nelson Agholor (WR) | Robbie Chosen (WR),81.56,Dillon Panthers,Ginger FC,0,1,0,1,0,0,1,1,-0.7600000000000051,43.84,0.7600000000000051,44.60000000000001,43.84,1
2018,10,Ginger FC,Voldemort,86.7,86.7,130.54,43.84,66.42,4,4,Colts - DEF (DEF) | Carson Wentz (QB) | Tyrell Williams (WR) | Devin Funchess (WR),Danny Amendola (WR) | Russell Wilson (QB) | Allen Robinson (WR) | Commanders - DEF (DEF),104.38,Ginger FC,Voldemort,0,1,0,1,0,0,1,1,-17.679999999999993,26.159999999999997,17.679999999999993,43.83999999999999,26.159999999999997,1
2023,8,Patty Primetimes,The Big Gronkowski,108.76,108.76,151.86,43.1,71.62,3,3,Ka'imi Fairbairn (K) | Dameon Pierce (RB) | Stefon Diggs (WR),Riley Patterson (K) | Royce Freeman (RB) | DeAndre Hopkins (WR),118.52,Patty Primetimes,The Big Gronkowski,0,1,0,1,0,0,1,1,-9.759999999999991,33.34000000000002,9.759999999999991,43.10000000000001,33.34000000000002,1
2020,8,Patty Primetimes,ThreatLevelMidnight,88.16,88.16,129.84,41.68,67.9,3,3,Josh Allen (QB) | D'Andre Swift (RB) | Tyler Lockett (WR),Matthew Stafford (QB) | Nyheim Miller-Hines (RB) | Phillip Lindsay (RB),107.22,Patty Primetimes,ThreatLevelMidnight,0,1,0,1,0,0,1,1,-19.060000000000002,22.620000000000005,19.060000000000002,41.68000000000001,22.620000000000005,1
2019,13,The Big Gronkowski,Voldemort,59.4,59.4,100.8,41.4,58.93,3,3,Browns - DEF (DEF) | Jimmy Garoppolo (QB) | Jamison Crowder (WR),Jaguars - DEF (DEF) | James White (RB) | Philip Rivers (QB),69.7,The Big Gronkowski,Voldemort,0,1,0,1,0,0,1,1,-10.300000000000004,31.099999999999994,10.300000000000004,41.4,31.099999999999994,1
2019,12,Malle ❤️ 🐸,The Big Gronkowski,69.58,69.58,110.6,41.02,62.91,4,4,Dak Prescott (QB) | T.J. Hockenson (TE) | Larry Fitzgerald (WR) | Amari Cooper (WR),Calvin Ridley (WR) | Devonta Freeman (RB) | Sam Darnold (QB) | Tyler Eifert (TE),105.72,Malle ❤️ 🐸,The Big Gronkowski,0,1,0,1,0,0,1,1,-36.14,4.8799999999999955,36.14,41.019999999999996,4.8799999999999955,1
2023,9,Pop Lockett Drop it,Malle ❤️ 🐸,94.04,94.04,134.8,40.76,69.76,2,2,Derek Carr (QB) | Josh Downs (WR),Brian Robinson (RB) | C.J. Stroud (QB),100.58,Pop Lockett Drop it,Malle ❤️ 🐸,0,1,0,1,0,0,1,1,-6.539999999999992,34.22000000000001,6.539999999999992,40.760000000000005,34.22000000000001,1
2023,5,Uncle Rico,Joe Mantegna,99.28,99.28,139.78,40.5,71.03,2,2,Jordan Love (QB) | Romeo Doubs (WR),Gabe Davis (WR) | Joe Burrow (QB),139.52,Uncle Rico,Joe Mantegna,0,1,0,1,0,0,1,1,-40.24000000000001,0.2599999999999909,40.24000000000001,40.5,0.2599999999999909,1
2023,12,Malle ❤️ 🐸,ThreatLevelMidnight,121.8,121.8,161.7,39.9,75.32,3,3,Browns - DEF (DEF) | Javonte Williams (RB) | Adam Thielen (WR),Deebo Samuel Sr. (WR) | Dolphins - DEF (DEF) | Gerald Everett (TE),125.36,Malle ❤️ 🐸,ThreatLevelMidnight,0,1,0,1,0,0,1,1,-3.5600000000000023,36.33999999999999,3.5600000000000023,39.89999999999999,36.33999999999999,1
2021,6,Joe Mantegna,Patty Primetimes,79.8,79.8,119.52,39.72,66.77,3,3,Justin Herbert (QB) | Myles Gaskin (RB) | Terry McLaurin (WR),Dalvin Cook (RB) | Hunter Renfrow (WR) | Kirk Cousins (QB),97.32,Joe Mantegna,Patty Primetimes,0,1,0,1,0,0,1,1,-17.519999999999996,22.200000000000003,17.519999999999996,39.72,22.200000000000003,1
2020,7,Pop Lockett Drop it,Voldemort,97.62,97.62,137.02,39.4,71.25,3,3,Darrell Henderson Jr. (RB) | Josh Jacobs (RB) | Stefon Diggs (WR),David Johnson (RB) | James Robinson (RB) | Tee Higgins (WR),121.88,Pop Lockett Drop it,Voldemort,0,1,0,1,0,0,1,1,-24.25999999999999,15.140000000000015,24.25999999999999,39.400000000000006,15.140000000000015,1
2020,12,Malle ❤️ 🐸,The Big Gronkowski,82.04,82.04,121.4,39.36,67.58,3,3,Ben Roethlisberger (QB) | Alvin Kamara (RB) | Damien Harris (RB),Latavius Murray (RB) | Mike Gesicki (TE) | Tom Brady (QB),85.82,Malle ❤️ 🐸,The Big Gronkowski,0,1,0,1,0,0,1,1,-3.779999999999987,35.58000000000001,3.779999999999987,39.36,35.58000000000001,1
2025,4,Patty Primetimes,Joe Mantegna,94.24,94.24,133.14,38.9,70.78,3,3,Jacory Croskey-Merritt (RB) | Ja'Marr Chase (WR) | Malik Nabers (WR),Quentin Johnston (WR) | RJ Harvey (RB) | Tyler Warren (TE),131.86,Patty Primetimes,Joe Mantegna,0,1,0,1,0,0,1,1,-37.62000000000002,1.2799999999999727,37.62000000000002,38.89999999999999,1.2799999999999727,1
2019,13,Ginger FC,ThreatLevelMidnight,81.58,81.58,120.26,38.68,67.84,4,4,Drew Brees (QB) | Jonnu Smith (TE) | Kenyan Drake (RB) | Michael Thomas (WR),Adrian Peterson (RB) | Jason Witten (TE) | Kirk Cousins (QB) | Mike Williams (WR),91.38,Ginger FC,ThreatLevelMidnight,0,1,0,1,0,0,1,1,-9.799999999999997,28.88000000000001,9.799999999999997,38.68000000000001,28.88000000000001,1
2020,9,Patty Primetimes,Uncle Rico,51.94,51.94,90.6,38.66,57.33,4,4,Matthew Stafford (QB) | Phillip Lindsay (RB) | Rob Gronkowski (TE) | J.K. Dobbins (RB),Adrian Peterson (RB) | Josh Allen (QB) | Noah Fant (TE) | Nyheim Miller-Hines (RB),73.4,Patty Primetimes,Uncle Rico,0,1,0,1,0,0,1,1,-21.460000000000008,17.19999999999999,21.460000000000008,38.66,17.19999999999999,1
2021,5,The Big Gronkowski,Pop Lockett Drop it,104.3,104.3,142.54,38.24,73.17,4,4,Matthew Stafford (QB) | Cole Beasley (WR) | Cooper Kupp (WR) | Tyler Lockett (WR),AJ Dillon (RB) | Chase Claypool (WR) | Joe Burrow (QB) | Michael Pittman Jr. (WR),124.24,The Big Gronkowski,Pop Lockett Drop it,0,1,0,1,0,0,1,1,-19.939999999999998,18.299999999999997,19.939999999999998,38.239999999999995,18.299999999999997,1
2022,7,malle_dips_pouches,Post Mahomes,96.0,96.0,133.8,37.8,71.75,3,3,Christian McCaffrey (RB) | Mark Andrews (TE) | Michael Gallup (WR),Michael Carter (RB) | Pat Freiermuth (TE) | Tyler Boyd (WR),100.72,malle_dips_pouches,Post Mahomes,0,1,0,1,0,0,1,1,-4.719999999999999,33.08000000000001,4.719999999999999,37.80000000000001,33.08000000000001,1
2022,4,Malle ❤️ 🐸,Joe Mantegna,114.66,114.66,152.26,37.6,75.31,2,2,James Robinson (RB) | Diontae Johnson (WR),J.K. Dobbins (RB) | Jamaal Williams (RB),118.9,Malle ❤️ 🐸,Joe Mantegna,0,1,0,1,0,0,1,1,-4.240000000000009,33.359999999999985,4.240000000000009,37.599999999999994,33.359999999999985,1
2023,12,Uncle Rico,malle_dips_pouches,89.68,89.68,127.12,37.44,70.55,3,3,Chiefs - DEF (DEF) | Justin Fields (QB) | Ja'Marr ChaseVideo Forecast (WR),Gabe Davis (WR) | Jordan LoveVideo Forecast (QB) | Seahawks - DEF (DEF),90.26,Uncle Rico,malle_dips_pouches,0,1,0,1,0,0,1,1,-0.5799999999999983,36.86,0.5799999999999983,37.44,36.86,1
2022,2,The Big Gronkowski,Big Sack Jack,109.84,109.84,146.54,36.7,74.96,3,3,Packers - DEF (DEF) | Jeff Wilson Jr. (RB) | JuJu Smith-Schuster (WR),Buccaneers - DEF (DEF) | Damien Harris (RB) | Tony Pollard (RB),145.66,The Big Gronkowski,Big Sack Jack,0,1,0,1,0,0,1,1,-35.81999999999999,0.8799999999999955,35.81999999999999,36.69999999999999,0.8799999999999955,1
2023,5,Pop Lockett Drop it,Post Mahomes,85.46,85.46,121.88,36.42,70.12,2,2,C.J. Stroud (QB) | Rashid Shaheed (WR),Jordan Addison (WR) | Justin Fields (QB),120.84,Pop Lockett Drop it,Post Mahomes,0,1,0,1,0,0,1,1,-35.38000000000001,1.039999999999992,35.38000000000001,36.42,1.039999999999992,1
2019,8,Pop Lockett Drop it,Voldemort,99.68,99.68,135.78,36.1,73.41,3,3,Josh Jacobs (RB) | Courtland Sutton (WR) | Alshon Jeffery (WR),Devin Singletary (RB) | Mike Evans (WR) | Tyrell Williams (WR),122.58,Pop Lockett Drop it,Voldemort,0,1,0,1,0,0,1,1,-22.89999999999999,13.200000000000003,22.89999999999999,36.099999999999994,13.200000000000003,1
2017,10,Big Sack Jack,The Big Gronkowski,98.78,98.78,134.38,35.6,73.51,2,2,Doug Martin (RB) | Marvin Jones Jr. (WR),Robert Woods (WR) | Stefon Diggs (WR),110.94,Big Sack Jack,The Big Gronkowski,0,1,0,1,0,0,1,1,-12.159999999999997,23.439999999999998,12.159999999999997,35.599999999999994,23.439999999999998,1
2019,12,ThreatLevelMidnight,Post Mahomes,97.18,97.18,132.56,35.38,73.31,2,2,Derek Carr (QB) | Aaron Jones Sr. (RB),Jamaal Williams (RB) | Ryan Tannehill (QB),114.62,ThreatLevelMidnight,Post Mahomes,0,1,0,1,0,0,1,1,-17.439999999999998,17.939999999999998,17.439999999999998,35.379999999999995,17.939999999999998,1
2019,13,Post Mahomes,Pop Lockett Drop it,80.32,80.32,115.46,35.14,69.57,3,3,Panthers - DEF (DEF) | Kyler Murray (QB) | Phillip Dorsett II (WR),Bills - DEF (DEF) | Deebo Samuel Sr. (WR) | Deshaun Watson (QB),105.6,Post Mahomes,Pop Lockett Drop it,0,1,0,1,0,0,1,1,-25.28,9.86,25.28,35.14,9.86,1
2021,4,malle_dips_pouches,Post Mahomes,105.64,105.64,140.64,35.0,75.11,4,4,Aaron Jones Sr. (RB) | D'Andre Swift (RB) | Logan Thomas (TE) | Mike Williams (WR),Evan Engram (TE) | James Conner (RB) | Kareem Hunt (RB) | Darrel Williams (RB),129.72,malle_dips_pouches,Post Mahomes,0,1,0,1,0,0,1,1,-24.08,10.919999999999987,24.08,34.999999999999986,10.919999999999987,1
2023,5,You Better Park It,Voldemort,66.72,66.72,101.44,34.72,65.77,2,2,Dak Prescott (QB) | JuJu Smith-Schuster (WR),Cole Kmet (TE) | Jared Goff (QB),78.54,Buttermilk Puuump,Voldemort,0,1,0,1,0,0,1,1,-11.820000000000007,22.89999999999999,11.820000000000007,34.72,22.89999999999999,1
2017,12,Voldemort,Big Sack Jack,91.48,91.48,125.98,34.5,72.61,2,2,Kareem Hunt (RB) | Jerick McKinnon (RB),Marshawn Lynch (RB) | Jamaal Williams (RB),99.28,Voldemort,Big Sack Jack,0,1,0,1,0,0,1,1,-7.799999999999997,26.700000000000003,7.799999999999997,34.5,26.700000000000003,1
2025,5,Joe Mantegna,Voldemort,121.9,121.9,156.24,34.34,78.02,3,3,Kyler Murray (QB) | Alvin Kamara (RB) | Chase Brown (RB),David Montgomery (RB) | Justin Fields (QB) | Michael Carter (RB),122.88,Joe Mantegna,Voldemort,0,1,0,1,0,0,1,1,-0.9799999999999898,33.360000000000014,0.9799999999999898,34.34,33.360000000000014,1
2017,1,Dillon Panthers,Ginger FC,65.24,65.24,99.54,34.3,65.54,3,3,Patriots - DEF (DEF) | Derrick Henry (RB) | Emmanuel Sanders (WR),James White (RB) | Ravens - DEF (DEF) | Theo Riddick (RB),71.94,Dillon Panthers,Ginger FC,0,1,0,1,0,0,1,1,-6.700000000000003,27.60000000000001,6.700000000000003,34.30000000000001,27.60000000000001,1
2019,1,Malle ❤️ 🐸,The Big Gronkowski,108.76,108.76,142.1,33.34,76.54,3,3,Matt Ryan (QB) | David Njoku (TE) | Allen Robinson (WR),Dak Prescott (QB) | Larry Fitzgerald (WR) | T.J. Hockenson (TE),128.42,Malle ❤️ 🐸,The Big Gronkowski,0,1,0,1,0,0,1,1,-19.659999999999982,13.680000000000007,19.659999999999982,33.33999999999999,13.680000000000007,1
2024,8,malle_dips_pouches,The Big Gronkowski,82.36,82.36,114.96,32.6,71.64,4,4,Brandon Aubrey (K) | Joe Burrow (QB) | Jake Ferguson (TE) | DJ Moore (WR),Chris Olave (WR) | Isaiah Likely (TE) | Matthew Stafford (QB) | Cameron Dicker (K),110.34,malle_dips_pouches,The Big Gronkowski,0,1,0,1,0,0,1,1,-27.980000000000004,4.61999999999999,27.980000000000004,32.599999999999994,4.61999999999999,1
2020,1,Big Sack Jack,ThreatLevelMidnight,115.44,115.44,147.94,32.5,78.03,2,2,Evan Engram (TE) | Odell Beckham Jr. (WR),Dallas Goedert (TE) | Sammy Watkins (WR),135.8,Big Sack Jack,ThreatLevelMidnight,0,1,0,1,0,0,1,1,-20.360000000000014,12.139999999999986,20.360000000000014,32.5,12.139999999999986,1
2024,4,Malle ❤️ 🐸,malle_dips_pouches,68.38,68.38,100.78,32.4,67.85,2,2,Kyle Pitts Sr. (TE) | Christian Watson (WR),Josh Downs (WR) | Pat Freiermuth (TE),96.82,Malle ❤️ 🐸,malle_dips_pouches,0,1,0,1,0,0,1,1,-28.439999999999998,3.960000000000008,28.439999999999998,32.400000000000006,3.960000000000008,1
2017,8,PickUpYourBratsMalle,Voldemort,113.12,113.12,145.28,32.16,77.86,3,3,Dak Prescott (QB) | Antonio Brown (WR) | Keenan Allen (WR),Alex Smith (QB) | JuJu Smith-Schuster (WR) | Tyler Lockett (WR),126.62,ThreatLevelMidnight,Voldemort,0,1,0,1,0,0,1,1,-13.5,18.659999999999997,13.5,32.16,18.659999999999997,1
2025,12,The Big Gronkowski,Post Mahomes,108.96,108.96,140.96,32.0,77.3,3,3,Matt Prater (K) | Drake Maye (QB) | Jameson Williams (WR),Dak Prescott (QB) | Darnell Mooney (WR) | Ka'imi Fairbairn (K),112.38,The Big Gronkowski,Post Mahomes,0,1,0,1,0,0,1,1,-3.4200000000000017,28.580000000000013,3.4200000000000017,32.000000000000014,28.580000000000013,1
2018,13,Malle ❤️ 🐸,malle_dips_pouches,54.72,54.72,86.64,31.92,63.16,4,4,Harrison Butker (K) | Andrew Luck (QB) | Tevin Coleman (RB) | Sterling Shepard (WR),Aldrick Rosas (K) | Ben Roethlisberger (QB) | Isaiah Crowell (RB) | Kenyan Drake (RB),72.58,Malle ❤️ 🐸,malle_dips_pouches,0,1,0,1,0,0,1,1,-17.86,14.060000000000002,17.86,31.92,14.060000000000002,1
2018,3,The Big Gronkowski,Joe Mantegna,87.74,87.74,119.4,31.66,73.48,2,2,Philip Rivers (QB) | Rex Burkhead (RB),Alex Smith (QB) | Calvin Ridley (WR),108.16,The Big Gronkowski,Joe Mantegna,0,1,0,1,0,0,1,1,-20.42,11.240000000000009,20.42,31.66000000000001,11.240000000000009,1
2022,6,Uncle Rico,Big Sack Jack,107.82,107.82,139.32,31.5,77.39,4,4,Eno Benjamin (RB) | Will Dissly (TE) | Jakobi Meyers (WR) | Christian Kirk (WR),Alec Pierce (WR) | Kyle Pitts Sr. (TE) | Najee Harris (RB) | Brandon Aiyuk (WR),115.0,Uncle Rico,Big Sack Jack,0,1,0,1,0,0,1,1,-7.180000000000007,24.319999999999993,7.180000000000007,31.5,24.319999999999993,1
2020,10,Ginger FC,Joe Mantegna,76.12,76.12,107.52,31.4,70.8,3,3,Brandin Cooks (WR) | Brandon Aiyuk (WR) | DK Metcalf (WR),Keelan Cole Sr. (WR) | Mike Evans (WR) | Cole Beasley (WR),90.62,Ginger FC,Joe Mantegna,0,1,0,1,0,0,1,1,-14.5,16.89999999999999,14.5,31.39999999999999,16.89999999999999,1
2024,10,Voldemort,The Big Gronkowski,86.6,86.6,117.8,31.2,73.51,2,2,J.K. Dobbins (RB) | DeAndre Hopkins (WR),Calvin Ridley (WR) | Chuba Hubbard (RB),102.62,Voldemort,The Big Gronkowski,0,1,0,1,0,0,1,1,-16.02000000000001,15.179999999999993,16.02000000000001,31.200000000000003,15.179999999999993,1
2019,6,ThreatLevelMidnight,Malle ❤️ 🐸,81.62,81.62,112.72,31.1,72.41,2,2,Aaron Jones Sr. (RB) | Josh Gordon (WR),Golden Tate (WR) | Jamaal Williams (RB),83.62,ThreatLevelMidnight,Malle ❤️ 🐸,0,1,0,1,0,0,1,1,-2.0,29.099999999999994,2.0,31.099999999999994,29.099999999999994,1
2023,11,Uncle Rico,Malle ❤️ 🐸,89.34,89.34,119.88,30.54,74.52,4,4,Seahawks - DEF (DEF) | Joe Burrow (QB) | Josh Jacobs (RB) | A.J. Brown (WR),Alexander Mattison (RB) | Chiefs - DEF (DEF) | Jordan Love (QB) | Romeo Doubs (WR),106.9,Uncle Rico,Malle ❤️ 🐸,0,1,0,1,0,0,1,1,-17.560000000000002,12.97999999999999,17.560000000000002,30.539999999999992,12.97999999999999,1
2021,8,Voldemort,Post Mahomes,99.38,99.38,129.88,30.5,76.52,2,2,Emmanuel Sanders (WR) | Justin Jefferson (WR),Chase Edmonds (RB) | Robert Woods (WR),100.36,Voldemort,Post Mahomes,0,1,0,1,0,0,1,1,-0.980000000000004,29.519999999999996,0.980000000000004,30.5,29.519999999999996,1
2017,13,PickUpYourBratsMalle,Little Red Fournette,97.58,97.58,127.94,30.36,76.27,2,2,Dak Prescott (QB) | Isaiah Crowell (RB),Aaron Jones Sr. (RB) | Alex Smith (QB),100.96,ThreatLevelMidnight,Post Mahomes,0,1,0,1,0,0,1,1,-3.3799999999999955,26.980000000000004,3.3799999999999955,30.36,26.980000000000004,1
2018,3,Voldemort,Malle ❤️ 🐸,82.22,82.22,112.44,30.22,73.12,3,3,Tom Brady (QB) | DeSean Jackson (WR) | Stefon Diggs (WR),Demaryius Thomas (WR) | Quincy Enunwa (WR) | Ryan Fitzpatrick (QB),96.5,Voldemort,Malle ❤️ 🐸,0,1,0,1,0,0,1,1,-14.280000000000001,15.939999999999998,14.280000000000001,30.22,15.939999999999998,1
2019,2,Uncle Rico,Malle ❤️ 🐸,84.12,84.12,114.32,30.2,73.58,4,4,Cam Newton (QB) | Damien Williams (RB) | Michael Gallup (WR) | Davante Adams (WR),Josh Allen (QB) | Matt Breida (RB) | Peyton Barber (RB) | Tyler Boyd (WR),96.4,Uncle Rico,Malle ❤️ 🐸,0,1,0,1,0,0,1,1,-12.280000000000001,17.919999999999987,12.280000000000001,30.19999999999999,17.919999999999987,1
2020,7,Ginger FC,The Big Gronkowski,101.02,101.02,131.02,30.0,77.1,3,3,Jerick McKinnon (RB) | DK Metcalf (WR) | Mike Evans (WR),Brandon Aiyuk (WR) | Cole Beasley (WR) | Duke Johnson (RB),103.5,Ginger FC,The Big Gronkowski,0,1,0,1,0,0,1,1,-2.480000000000004,27.52000000000001,2.480000000000004,30.000000000000014,27.52000000000001,1
2023,8,You Better Park It,Malle ❤️ 🐸,93.48,93.48,123.46,29.98,75.72,3,3,Jared Goff (QB) | Kenneth Walker III (RB) | Travis Kelce (TE),Cole Kmet (TE) | Dak Prescott (QB) | Jerry Jeudy (WR),120.66,Buttermilk Puuump,Malle ❤️ 🐸,0,1,0,1,0,0,1,1,-27.179999999999993,2.799999999999997,27.179999999999993,29.97999999999999,2.799999999999997,1
2024,13,Uncle Rico,Malle ❤️ 🐸,81.22,81.22,111.12,29.9,73.09,3,3,Vikings - DEF (DEF) | George Kittle (TE) | Tyler Lockett (WR),Chargers - DEF (DEF) | Jaleel McLaughlin (RB) | Ray-Ray McCloud III (WR),88.04,Uncle Rico,Malle ❤️ 🐸,0,1,0,1,0,0,1,1,-6.820000000000007,23.08,6.820000000000007,29.900000000000006,23.08,1
2021,2,Post Mahomes,Ginger FC,119.6,119.6,149.5,29.9,80.0,3,3,Jonathan Taylor (RB) | Saquon Barkley (RB) | Kenny Golladay (WR),Latavius Murray (RB) | Tony Pollard (RB) | J.D. McKissic (RB),129.6,Post Mahomes,Ginger FC,0,1,0,1,0,0,1,1,-10.0,19.900000000000006,10.0,29.900000000000006,19.900000000000006,1
2023,9,Joe Mantegna,malle_dips_pouches,86.8,86.8,116.56,29.76,74.47,4,4,Sam Howell (QB) | James Cook III (RB) | Hollywood Brown (WR) | Tyreek Hill (WR),Deshaun Watson (QB) | Jakobi Meyers (WR) | Rhamondre Stevenson (RB) | Nico Collins (WR),89.52,Joe Mantegna,malle_dips_pouches,0,1,0,1,0,0,1,1,-2.719999999999999,27.040000000000006,2.719999999999999,29.760000000000005,27.040000000000006,1
2018,1,Joe Mantegna,Uncle Rico,88.84,88.84,118.54,29.7,74.95,4,4,Jaguars - DEF (DEF) | Deshaun Watson (QB) | Zach Ertz (TE) | Jamison Crowder (WR),Keelan Cole Sr. (WR) | Patrick Mahomes (QB) | Bears - DEF (DEF) | George Kittle (TE),101.54,Joe Mantegna,Uncle Rico,0,1,0,1,0,0,1,1,-12.700000000000003,17.0,12.700000000000003,29.700000000000003,17.0,1
2018,2,The Big Gronkowski,Voldemort,94.74,94.74,123.84,29.1,76.5,4,4,Dalvin Cook (RB) | David Njoku (TE) | Rex Burkhead (RB) | Larry Fitzgerald (WR),Brandin Cooks (WR) | Calvin Ridley (WR) | Corey Clement (RB) | Jack Doyle (TE),103.96,The Big Gronkowski,Voldemort,0,1,0,1,0,0,1,1,-9.219999999999999,19.88000000000001,9.219999999999999,29.10000000000001,19.88000000000001,1
2023,3,ThreatLevelMidnight,malle_dips_pouches,121.06,121.06,150.06,29.0,80.67,2,2,Derrick Henry (RB) | Mark Andrews (TE),Jerome Ford (RB) | Sam LaPorta (TE),125.22,ThreatLevelMidnight,malle_dips_pouches,0,1,0,1,0,0,1,1,-4.159999999999997,24.840000000000003,4.159999999999997,29.0,24.840000000000003,1
2024,4,Voldemort,Ginger FC,98.4,98.4,127.4,29.0,77.24,2,2,Jonathan Taylor (RB) | Travis Etienne Jr. (RB),Chase Brown (RB) | Kenneth Walker III (RB),110.56,Voldemort,Ginger FC,0,1,0,1,0,0,1,1,-12.159999999999997,16.840000000000003,12.159999999999997,29.0,16.840000000000003,1
2018,3,Big Sack Jack,Dillon Panthers,106.58,106.58,135.48,28.9,78.67,3,3,Latavius Murray (RB) | Jarvis Landry (WR) | Tyreek Hill (WR),Jordy Nelson (WR) | LeGarrette Blount (RB) | Mike Williams (WR),120.84,Big Sack Jack,Dillon Panthers,0,1,0,1,0,0,1,1,-14.260000000000005,14.639999999999986,14.260000000000005,28.89999999999999,14.639999999999986,1
2020,12,Patty Primetimes,Post Mahomes,81.08,81.08,109.9,28.82,73.78,3,3,Josh Allen (QB) | D'Andre Swift (RB) | Travis Fulgham (WR),Adrian Peterson (RB) | Jamaal Williams (RB) | Matthew Stafford (QB),87.02,Patty Primetimes,Post Mahomes,0,1,0,1,0,0,1,1,-5.939999999999998,22.88000000000001,5.939999999999998,28.820000000000007,22.88000000000001,1
2023,5,Patty Primetimes,malle_dips_pouches,110.92,110.92,139.72,28.8,79.39,2,2,Anthony Richardson Sr. (QB) | Michael Pittman Jr. (WR),DeAndre Hopkins (WR) | Tua TagovailoaVideo Forecast (QB),112.96,Patty Primetimes,malle_dips_pouches,0,1,0,1,0,0,1,1,-2.039999999999992,26.760000000000005,2.039999999999992,28.799999999999997,26.760000000000005,1
2019,1,Uncle Rico,Pop Lockett Drop it,92.76,92.76,121.26,28.5,76.5,3,3,Cam Newton (QB) | Matt Breida (RB) | Davante Adams (WR),Christian Kirk (WR) | Josh Allen (QB) | Michael Gallup (WR),115.3,Uncle Rico,Pop Lockett Drop it,0,1,0,1,0,0,1,1,-22.539999999999992,5.960000000000008,22.539999999999992,28.5,5.960000000000008,1
2025,4,ThreatLevelMidnight,Voldemort,125.1,125.1,153.34,28.24,81.58,3,3,Kyler Murray (QB) | Chase Brown (RB) | David Njoku (TE),Harold Fannin Jr. (TE) | Justin Fields (QB) | Kenny Gainwell (RB),144.26,ThreatLevelMidnight,Voldemort,0,1,0,1,0,0,1,1,-19.159999999999997,9.080000000000013,19.159999999999997,28.24000000000001,9.080000000000013,1
2024,9,Malle ❤️ 🐸,Joe Mantegna,99.72,99.72,127.94,28.22,77.94,3,3,Bengals - DEF (DEF) | Dak Prescott (QB) | Wan'Dale Robinson (WR),Hunter Henry (TE) | Tua Tagovailoa (QB) | Demarcus Robinson (DEF),124.4,Malle ❤️ 🐸,Joe Mantegna,0,1,0,1,0,0,1,1,-24.680000000000007,3.539999999999992,24.680000000000007,28.22,3.539999999999992,1
2021,10,Big Sack Jack,Voldemort,99.64,99.64,127.84,28.2,77.94,3,3,Cardinals - DEF (DEF) | Dalton Schultz (TE) | DJ Moore (WR),Cowboys - DEF (DEF) | Dallas Goedert (TE) | Marquez Callaway (WR),126.64,Big Sack Jack,Voldemort,0,1,0,1,0,0,1,1,-27.0,1.2000000000000028,27.0,28.200000000000003,1.2000000000000028,1
2017,12,Hello Harvard,Ur The Best Bellows,60.7,60.7,88.8,28.1,68.36,4,4,Nick Novak (K) | Corey Clement (RB) | Jordan Howard (RB) | Michael Thomas (WR),Danny Woodhead (RB) | Jake Elliott (K) | Joe Mixon (RB) | Ted Ginn Jr. (WR),65.0,Hello Harvard,Joe Mantegna,0,1,0,1,0,0,1,1,-4.299999999999997,23.799999999999997,4.299999999999997,28.099999999999994,23.799999999999997,1
2020,3,Ginger FC,Patty Primetimes,122.0,122.0,150.1,28.1,81.28,3,3,Chris Thompson (RB) | DeVante Parker (WR) | Mike Evans (WR),Sony Michel (RB) | Allen Lazard (WR) | Brandon Aiyuk (WR),147.48,Ginger FC,Patty Primetimes,0,1,0,1,0,0,1,1,-25.47999999999999,2.6200000000000045,25.47999999999999,28.099999999999994,2.6200000000000045,1
2017,1,malle_dips_pouches,PickUpYourBratsMalle,68.68,68.68,96.38,27.7,71.26,3,3,Tevin Coleman (RB) | Rob Gronkowski (TE) | Jamison Crowder (WR),Charles Clay (TE) | Jonathan Stewart (RB) | LeGarrette Blount (RB),82.12,malle_dips_pouches,ThreatLevelMidnight,0,1,0,1,0,0,1,1,-13.439999999999998,14.259999999999991,13.439999999999998,27.69999999999999,14.259999999999991,1
2025,1,Voldemort,Uncle Rico,93.92,93.92,121.42,27.5,77.35,3,3,Joe Burrow (QB) | Jaylen Waddle (WR) | Terry McLaurin (WR),J.J. McCarthy (QB) | Jerry Jeudy (WR) | Zach Charbonnet (RB),117.12,Voldemort,Uncle Rico,0,1,0,1,0,0,1,1,-23.200000000000003,4.299999999999997,23.200000000000003,27.5,4.299999999999997,1
2021,1,Uncle Rico,Voldemort,102.4,102.4,129.68,27.28,78.96,3,3,Lamar Jackson (QB) | Allen Robinson (WR) | Sammy Watkins (WR),Antonio Brown (WR) | DJ Chark (WR) | Trevor Lawrence (QB),127.66,Uncle Rico,Voldemort,0,1,0,1,0,0,1,1,-25.25999999999999,2.0200000000000102,25.25999999999999,27.28,2.0200000000000102,1
2022,3,Patty Primetimes,Uncle Rico,89.66,89.66,116.9,27.24,76.7,4,4,Matthew Stafford (QB) | Javonte Williams (RB) | Darren Waller (TE) | Michael Thomas (WR),Robert Tonyan (TE) | Travis Etienne Jr. (RB) | Aaron Rodgers (QB) | Chris Olave (WR),114.08,Patty Primetimes,Uncle Rico,0,1,0,1,0,0,1,1,-24.42,2.8200000000000074,24.42,27.24000000000001,2.8200000000000074,1
2022,1,Post Mahomes,Joe Mantegna,96.58,96.58,123.78,27.2,78.03,2,2,Cam Akers (RB) | Ezekiel Elliott (RB),Brandin Cooks (WR) | Clyde Edwards-Helaire (RB),118.46,Post Mahomes,Joe Mantegna,0,1,0,1,0,0,1,1,-21.879999999999995,5.320000000000007,21.879999999999995,27.200000000000003,5.320000000000007,1
2023,2,You Better Park It,Joe Mantegna,98.0,98.0,125.12,27.12,78.32,2,2,Dak Prescott (QB) | Najee Harris (RB),D'Andre Swift (RB) | Jared Goff (QB),110.0,Buttermilk Puuump,Joe Mantegna,0,1,0,1,0,0,1,1,-12.0,15.120000000000005,12.0,27.120000000000005,15.120000000000005,1
2019,4,Ginger FC,Post Mahomes,62.54,62.54,89.42,26.88,69.94,3,3,Andy Dalton (QB) | Sammy Watkins (WR) | Mike Williams (WR),Gardner Minshew II (QB) | John Brown (WR) | Kenyan Drake (RB),81.4,Ginger FC,Post Mahomes,0,1,0,1,0,0,1,1,-18.860000000000007,8.019999999999996,18.860000000000007,26.880000000000003,8.019999999999996,1
2022,11,Post Mahomes,Big Sack Jack,77.48,77.48,104.28,26.8,74.3,3,3,Dameon Pierce (RB) | A.J. Brown (WR) | Garrett Wilson (WR),Drake London (WR) | Joshua Palmer (WR) | Kyren Williams (RB),89.8,Post Mahomes,Big Sack Jack,0,1,0,1,0,0,1,1,-12.319999999999993,14.480000000000004,12.319999999999993,26.799999999999997,14.480000000000004,1
2021,1,malle_dips_pouches,Joe Mantegna,98.48,98.48,124.98,26.5,78.8,2,2,Aaron Jones Sr. (RB) | Tyler Boyd (WR),Marvin Jones Jr. (WR) | Mike Williams (WR),107.28,malle_dips_pouches,Joe Mantegna,0,1,0,1,0,0,1,1,-8.799999999999997,17.700000000000003,8.799999999999997,26.5,17.700000000000003,1
2025,10,Voldemort,Buttermilk Puuump,87.94,87.94,114.4,26.46,76.87,2,2,Jordan Love (QB) | Deebo Samuel Sr. (WR),Aaron Jones Sr. (RB) | Jared Goff (QB),91.12,Voldemort,Buttermilk Puuump,0,1,0,1,0,0,1,1,-3.180000000000007,23.28,3.180000000000007,26.460000000000008,23.28,1
2024,13,Pop Lockett Drop it,Buttermilk Puuump,139.74,139.74,165.94,26.2,84.21,1,1,Amon-Ra St. Brown (WR),Jerry Jeudy (WR),158.18,Pop Lockett Drop it,Buttermilk Puuump,0,1,0,1,0,0,1,1,-18.439999999999998,7.759999999999991,18.439999999999998,26.19999999999999,7.759999999999991,1
2024,4,The Big Gronkowski,Uncle Rico,91.4,91.4,117.5,26.1,77.79,2,2,Devin Singletary (RB) | Zay Flowers (WR),D'Andre Swift (RB) | Romeo Doubs (WR),114.98,The Big Gronkowski,Uncle Rico,0,1,0,1,0,0,1,1,-23.58,2.519999999999996,23.58,26.099999999999994,2.519999999999996,1
2018,13,Joe Mantegna,Big Sack Jack,90.4,90.4,116.2,25.8,77.8,2,2,Bears - DEF (DEF) | Ito Smith (RB),Jaguars - DEF (DEF) | Jared Cook (TE),95.1,Joe Mantegna,Big Sack Jack,0,1,0,1,0,0,1,1,-4.699999999999989,21.10000000000001,4.699999999999989,25.799999999999997,21.10000000000001,1
2020,4,Big Sack Jack,Ginger FC,97.8,97.8,123.54,25.74,79.16,2,2,Kirk Cousins (QB) | Sammy Watkins (WR),CeeDee Lamb (WR) | Patrick Mahomes (QB),108.4,Big Sack Jack,Ginger FC,0,1,0,1,0,0,1,1,-10.600000000000009,15.14,10.600000000000009,25.74000000000001,15.14,1
2025,4,Malle ❤️ 🐸,Buttermilk Puuump,123.26,123.26,148.96,25.7,82.75,3,3,Dalton Schultz (TE) | Rashid Shaheed (WR) | Brian Thomas Jr. (WR),Dallas Goedert (TE) | Jordan Addison (WR) | Khalil Shakir (WR),144.62,Malle ❤️ 🐸,Buttermilk Puuump,0,1,0,1,0,0,1,1,-21.36,4.340000000000003,21.36,25.700000000000003,4.340000000000003,1
2019,9,Uncle Rico,malle_dips_pouches,73.2,73.2,98.7,25.5,74.16,2,2,LeSean McCoy (RB) | Christian Kirk (WR),Damien Williams (RB) | Matt Breida (RB),75.54,Uncle Rico,malle_dips_pouches,0,1,0,1,0,0,1,1,-2.3400000000000034,23.159999999999997,2.3400000000000034,25.5,23.159999999999997,1
2019,8,Uncle Rico,Patty Primetimes,69.9,69.9,95.36,25.46,73.3,2,2,Teddy Bridgewater (QB) | Matt Breida (RB),Damien Williams (RB) | Josh Allen (QB),94.16,Uncle Rico,Patty Primetimes,0,1,0,1,0,0,1,1,-24.25999999999999,1.2000000000000028,24.25999999999999,25.459999999999994,1.2000000000000028,1
2024,13,Patty Primetimes,malle_dips_pouches,122.14,122.14,147.48,25.34,82.82,3,3,Jayden Daniels (QB) | CeeDee Lamb (WR) | Cooper Kupp (WR),Xavier Worthy (WR) | Jameis Winston (QB) | Ladd McConkey (WR),137.1,Patty Primetimes,malle_dips_pouches,0,1,0,1,0,0,1,1,-14.959999999999994,10.379999999999995,14.959999999999994,25.33999999999999,10.379999999999995,1
2018,8,Malle ❤️ 🐸,Post Mahomes,89.06,89.06,114.36,25.3,77.88,4,4,Cardinals - DEF (DEF) | Ricky Seals-Jones (TE) | Sterling Shepard (WR) | T.Y. Hilton (WR),Alshon Jeffery (WR) | Cameron Brate (TE) | Kenyan Drake (RB) | Saints - DEF (DEF),107.34,Malle ❤️ 🐸,Post Mahomes,0,1,0,1,0,0,1,1,-18.28,7.019999999999996,18.28,25.299999999999997,7.019999999999996,1
2019,8,Ginger FC,The Big Gronkowski,71.7,71.7,96.92,25.22,73.98,2,2,Kirk Cousins (QB) | John Brown (WR),Adrian Peterson (RB) | Drew Brees (QB),83.3,Ginger FC,The Big Gronkowski,0,1,0,1,0,0,1,1,-11.599999999999994,13.620000000000005,11.599999999999994,25.22,13.620000000000005,1
2025,13,Joe Mantegna,Ginger FC,104.54,104.54,129.74,25.2,80.58,2,2,Tony Pollard (RB) | Zay Flowers (WR),Devin Singletary (RB) | Jauan Jennings (WR),105.54,Joe Mantegna,Ginger FC,0,1,0,1,0,0,1,1,-1.0,24.200000000000003,1.0,25.200000000000003,24.200000000000003,1
2023,4,Ginger FC,Uncle Rico,95.66,95.66,120.72,25.06,79.24,2,2,Kirk Cousins (QB) | Tee Higgins (WR),Brock Purdy (QB) | Khalil Herbert (RB),120.14,Ginger FC,Uncle Rico,0,1,0,1,0,0,1,1,-24.480000000000004,0.5799999999999983,24.480000000000004,25.060000000000002,0.5799999999999983,1
2020,1,Voldemort,Uncle Rico,91.14,91.14,116.14,25.0,78.47,3,3,Mark Ingram II (RB) | Tyler Higbee (TE) | Terry McLaurin (WR),Jerick McKinnon (RB) | John Brown (WR) | T.J. Hockenson (TE),91.28,Voldemort,Uncle Rico,0,1,0,1,0,0,1,1,-0.14000000000000057,24.86,0.14000000000000057,25.0,24.86,1
2021,3,Malle ❤️ 🐸,Voldemort,94.08,94.08,118.88,24.8,79.14,2,2,Damien Harris (RB) | Tyreek Hill (WR),Adam Thielen (WR) | Alexander Mattison (RB),99.62,Malle ❤️ 🐸,Voldemort,0,1,0,1,0,0,1,1,-5.540000000000006,19.25999999999999,5.540000000000006,24.799999999999997,19.25999999999999,1
2020,10,Patty Primetimes,Pop Lockett Drop it,118.36,118.36,143.06,24.7,82.73,1,1,Travis Fulgham (WR),Nyheim Miller-Hines (RB),121.5,Patty Primetimes,Pop Lockett Drop it,0,1,0,1,0,0,1,1,-3.1400000000000006,21.560000000000002,3.1400000000000006,24.700000000000003,21.560000000000002,1
2024,4,Buttermilk Puuump,Post Mahomes,97.04,97.04,121.74,24.7,79.71,2,2,Carson Steele (FLEX) | Rashee Rice (WR),Kareem Hunt (RB) | Michael Pittman Jr. (WR),120.36,Buttermilk Puuump,Post Mahomes,0,1,0,1,0,0,1,1,-23.319999999999993,1.3799999999999955,23.319999999999993,24.69999999999999,1.3799999999999955,1
2025,13,Buttermilk Puuump,malle_dips_pouches,94.94,94.94,119.46,24.52,79.47,3,3,Jared Goff (QB) | Deebo Samuel Sr. (WR) | Amon-Ra St. Brown (WR),Darius Slayton (WR) | Evan Engram (TE) | Jordan Love (QB),95.0,Buttermilk Puuump,malle_dips_pouches,0,1,0,1,0,0,1,1,-0.060000000000002274,24.459999999999994,0.060000000000002274,24.519999999999996,24.459999999999994,1
2018,4,Big Sack Jack,PickUpYourBratsMalle,130.98,130.98,154.98,24.0,84.51,2,2,Matthew Stafford (QB) | Tyreek Hill (WR),Derek Carr (QB) | Jordy Nelson (WR),154.38,Big Sack Jack,ThreatLevelMidnight,0,1,0,1,0,0,1,1,-23.400000000000006,0.5999999999999943,23.400000000000006,24.0,0.5999999999999943,1
2017,4,Dillon Panthers,The Big Gronkowski,71.06,71.06,94.94,23.88,74.85,4,4,Aaron Rodgers (QB) | Derrick Henry (RB) | Jason Witten (TE) | Jeremy Maclin (WR),Cam Newton (QB) | Eric Ebron (TE) | James White (RB) | Jaron Brown (WR),90.24,Dillon Panthers,The Big Gronkowski,0,1,0,1,0,0,1,1,-19.179999999999993,4.700000000000003,19.179999999999993,23.879999999999995,4.700000000000003,1
2021,4,Malle ❤️ 🐸,Joe Mantegna,95.46,95.46,119.28,23.82,80.03,2,2,Tom Brady (QB) | T.J. Hockenson (TE),Jalen Hurts (QB) | Jonnu Smith (TE),101.18,Malle ❤️ 🐸,Joe Mantegna,0,1,0,1,0,0,1,1,-5.720000000000013,18.099999999999994,5.720000000000013,23.820000000000007,18.099999999999994,1
2018,11,PickUpYourBratsMalle,Pop Lockett Drop it,81.08,81.08,104.88,23.8,77.31,3,3,Zach Ertz (TE) | John Brown (WR) | Corey Davis (WR),Christian Kirk (WR) | O.J. Howard (TE) | Royce Freeman (RB),100.74,ThreatLevelMidnight,Pop Lockett Drop it,0,1,0,1,0,0,1,1,-19.659999999999997,4.140000000000001,19.659999999999997,23.799999999999997,4.140000000000001,1
2023,14,You Better Park It,The Big Gronkowski,87.34,87.34,110.94,23.6,78.73,4,4,Najee Harris (RB) | D'Andre Swift (RB) | Amon-Ra St. Brown (WR) | Chris Godwin Jr. (WR),Cole Kmet (TE) | JuJu Smith-Schuster (WR) | Kenneth Walker III (RB) | Odell Beckham Jr. (WR),103.74,Buttermilk Puuump,The Big Gronkowski,0,1,0,1,0,0,1,1,-16.39999999999999,7.200000000000003,16.39999999999999,23.599999999999994,7.200000000000003,1
2018,3,Post Mahomes,malle_dips_pouches,72.76,72.76,96.36,23.6,75.51,2,2,Phillip Lindsay (RB) | T.Y. Hilton (WR),Isaiah Crowell (RB) | Sammy Watkins (WR),93.16,Post Mahomes,malle_dips_pouches,0,1,0,1,0,0,1,1,-20.39999999999999,3.200000000000003,20.39999999999999,23.599999999999994,3.200000000000003,1
2017,5,The Big Gronkowski,Pop Lockett Drop it,80.48,80.48,104.02,23.54,77.37,2,2,Ben Roethlisberger (QB) | Golden Tate (WR),Andy Dalton (QB) | Davante Adams (WR),89.9,The Big Gronkowski,Pop Lockett Drop it,0,1,0,1,0,0,1,1,-9.420000000000002,14.11999999999999,9.420000000000002,23.539999999999992,14.11999999999999,1
2018,2,Uncle Rico,Dillon Panthers,98.54,98.54,122.04,23.5,80.74,1,1,Aaron Rodgers (QB),Blake Bortles (QB),100.02,Uncle Rico,Dillon Panthers,0,1,0,1,0,0,1,1,-1.4799999999999898,22.02000000000001,1.4799999999999898,23.5,22.02000000000001,1
2020,5,The Big Gronkowski,Pop Lockett Drop it,113.62,113.62,136.96,23.34,82.96,4,4,Drew Brees (QB) | Darren Waller (TE) | Odell Beckham Jr. (WR) | Cooper Kupp (WR),Darius Slayton (WR) | Jared Goff (QB) | Jonnu Smith (TE) | Ronald Jones (RB),121.74,The Big Gronkowski,Pop Lockett Drop it,0,1,0,1,0,0,1,1,-8.11999999999999,15.220000000000013,8.11999999999999,23.340000000000003,15.220000000000013,1
2023,2,Pop Lockett Drop it,Ginger FC,103.24,103.24,126.34,23.1,81.72,1,1,Tyler Allgeier (RB),Brian Robinson (RB),107.16,Pop Lockett Drop it,Ginger FC,0,1,0,1,0,0,1,1,-3.9200000000000017,19.180000000000007,3.9200000000000017,23.10000000000001,19.180000000000007,1
2021,5,Big Sack Jack,Patty Primetimes,114.88,114.88,137.88,23.0,83.32,2,2,Melvin Gordon III (RB) | DJ Moore (WR),Marquez Callaway (WR) | Mecole Hardman Jr. (WR),126.7,Big Sack Jack,Patty Primetimes,0,1,0,1,0,0,1,1,-11.820000000000007,11.179999999999993,11.820000000000007,23.0,11.179999999999993,1
2022,3,Ginger FC,Pop Lockett Drop it,79.36,79.36,102.34,22.98,77.55,4,4,Kyler Murray (QB) | Alvin Kamara (RB) | Kareem Hunt (RB) | Jerry Jeudy (WR),Devin Duvernay (WR) | Rhamondre Stevenson (RB) | Tua Tagovailoa (QB) | Tyler Lockett (WR),89.18,Ginger FC,Pop Lockett Drop it,0,1,0,1,0,0,1,1,-9.820000000000007,13.159999999999997,9.820000000000007,22.980000000000004,13.159999999999997,1
2021,14,Uncle Rico,ThreatLevelMidnight,95.08,95.08,118.04,22.96,80.55,1,1,Lamar Jackson (QB),Jimmy Garoppolo (QB),118.0,Uncle Rico,ThreatLevelMidnight,0,1,0,1,0,0,1,1,-22.92,0.04000000000000625,22.92,22.960000000000008,0.04000000000000625,1
2023,14,Post Mahomes,Voldemort,119.74,119.74,142.64,22.9,83.95,2,2,Packers - DEF (DEF) | Chuba Hubbard (RB),Jayden Reed (WR) | Saints - DEF (DEF),138.04,Post Mahomes,Voldemort,0,1,0,1,0,0,1,1,-18.299999999999997,4.599999999999994,18.299999999999997,22.89999999999999,4.599999999999994,1
2017,5,PickUpYourBratsMalle,Big Sack Jack,89.64,89.64,112.24,22.6,79.86,2,2,Martellus Bennett (TE) | Rishard Matthews (FLEX),Cameron Brate (TE) | Will Fuller V (WR),92.12,ThreatLevelMidnight,Big Sack Jack,0,1,0,1,0,0,1,1,-2.480000000000004,20.11999999999999,2.480000000000004,22.599999999999994,20.11999999999999,1
2024,8,Voldemort,Malle ❤️ 🐸,103.92,103.92,126.52,22.6,82.14,2,2,Kenneth Walker III (RB) | DeAndre Hopkins (WR),Calvin Ridley (WR) | Khalil Shakir (WR),122.74,Voldemort,Malle ❤️ 🐸,0,1,0,1,0,0,1,1,-18.819999999999993,3.780000000000001,18.819999999999993,22.599999999999994,3.780000000000001,1
2020,5,malle_dips_pouches,Ginger FC,104.98,104.98,127.58,22.6,82.29,2,2,Devin Singletary (RB) | Amari Cooper (WR),Justin Jackson (RB) | Myles Gaskin (RB),125.78,malle_dips_pouches,Ginger FC,0,1,0,1,0,0,1,1,-20.799999999999997,1.7999999999999972,20.799999999999997,22.599999999999994,1.7999999999999972,1
2020,1,Post Mahomes,Patty Primetimes,100.4,100.4,122.5,22.1,81.96,3,3,Carson Wentz (QB) | Hayden Hurst (TE) | DJ Moore (WR),Kyler Murray (QB) | Noah Fant (TE) | David Montgomery (RB),105.7,Post Mahomes,Patty Primetimes,0,1,0,1,0,0,1,1,-5.299999999999997,16.799999999999997,5.299999999999997,22.099999999999994,16.799999999999997,1
2020,13,Joe Mantegna,Uncle Rico,87.98,87.98,110.08,22.1,79.92,2,2,Clyde Edwards-Helaire (RB) | Trey Burton (TE),Logan Thomas (TE) | Mark Ingram II (RB),107.28,Joe Mantegna,Uncle Rico,0,1,0,1,0,0,1,1,-19.299999999999997,2.799999999999997,19.299999999999997,22.099999999999994,2.799999999999997,1
2018,9,malle_dips_pouches,Big Sack Jack,88.24,88.24,110.24,22.0,80.04,3,3,Lamar Miller (RB) | Ed Dickson (TE) | Michael Crabtree (WR),Amari Cooper (WR) | Dion Lewis (RB) | Eric Ebron (TE),104.76,malle_dips_pouches,Big Sack Jack,0,1,0,1,0,0,1,1,-16.52000000000001,5.47999999999999,16.52000000000001,22.0,5.47999999999999,1
2021,13,Ginger FC,Post Mahomes,117.96,117.96,139.86,21.9,84.34,3,3,Ezekiel Elliott (RB) | Amari Cooper (WR) | DK Metcalf (WR),DeAndre Hopkins (WR) | Van Jefferson (WR) | Deonte Harty (WR),138.32,Ginger FC,Post Mahomes,0,1,0,1,0,0,1,1,-20.36,1.5400000000000205,20.36,21.90000000000002,1.5400000000000205,1
2018,10,Joe Mantegna,Post Mahomes,110.56,110.56,132.26,21.7,83.59,2,2,Ito Smith (RB) | M. Valdes-Scantling (WR),Frank Gore (RB) | Corey Davis (WR),120.62,Joe Mantegna,Post Mahomes,0,1,0,1,0,0,1,1,-10.060000000000002,11.639999999999986,10.060000000000002,21.69999999999999,11.639999999999986,1
2017,13,Malle ❤️ 🐸,malle_dips_pouches,67.98,67.98,89.68,21.7,75.8,2,2,Chiefs - DEF (DEF) | Corey Davis (WR),Packers - DEF (DEF) | Torrey Smith (WR),87.58,Malle ❤️ 🐸,malle_dips_pouches,0,1,0,1,0,0,1,1,-19.599999999999994,2.1000000000000085,19.599999999999994,21.700000000000003,2.1000000000000085,1
2025,1,Joe Mantegna,ThreatLevelMidnight,83.04,83.04,104.62,21.58,79.37,4,4,Lions - DEF (DEF) | Bo Nix (QB) | Omarion Hampton (RB) | Ja'Marr Chase (WR),Jacory Croskey-Merritt (RB) | Jayden Higgins (DEF) | Trevor Lawrence (QB) | Tyler Warren (TE),100.88,Joe Mantegna,ThreatLevelMidnight,0,1,0,1,0,0,1,1,-17.83999999999999,3.740000000000009,17.83999999999999,21.58,3.740000000000009,1
2020,12,ThreatLevelMidnight,Big Sack Jack,102.6,102.6,124.14,21.54,82.65,2,2,Joey Slye (K) | Derek Carr (QB),Jason Myers (K) | Ryan Tannehill (QB),106.58,ThreatLevelMidnight,Big Sack Jack,0,1,0,1,0,0,1,1,-3.980000000000004,17.560000000000002,3.980000000000004,21.540000000000006,17.560000000000002,1
2024,11,Ginger FC,Malle ❤️ 🐸,106.84,106.84,128.24,21.4,83.31,2,2,Blake Grupe (K) | Kareem Hunt (RB),Chris Boswell (K) | Alexander Mattison (RB),113.24,Ginger FC,Malle ❤️ 🐸,0,1,0,1,0,0,1,1,-6.3999999999999915,15.000000000000014,6.3999999999999915,21.400000000000006,15.000000000000014,1
2022,4,Pop Lockett Drop it,Post Mahomes,98.62,98.62,119.82,21.2,82.31,2,2,Dalton Schultz (TE) | Michael Pittman Jr. (WR),Gerald Everett (TE) | Romeo Doubs (WR),105.2,Pop Lockett Drop it,Post Mahomes,0,1,0,1,0,0,1,1,-6.579999999999998,14.61999999999999,6.579999999999998,21.19999999999999,14.61999999999999,1
2024,7,Joe Mantegna,Uncle Rico,86.86,86.86,107.98,21.12,80.44,2,2,Patrick Mahomes (QB) | Tank Dell (FLEX),Geno Smith (QB) | Romeo Doubs (WR),102.56,Joe Mantegna,Uncle Rico,0,1,0,1,0,0,1,1,-15.700000000000003,5.420000000000002,15.700000000000003,21.120000000000005,5.420000000000002,1
2022,8,Uncle Rico,Ginger FC,122.64,122.64,143.64,21.0,85.38,2,2,Eno Benjamin (RB) | Christian Kirk (WR),Jakobi Meyers (WR) | Kyle Pitts Sr. (TE),142.54,Uncle Rico,Ginger FC,0,1,0,1,0,0,1,1,-19.89999999999999,1.0999999999999943,19.89999999999999,20.999999999999986,1.0999999999999943,1
2023,13,The Big Gronkowski,Voldemort,114.08,114.08,135.06,20.98,84.47,1,1,Justin Herbert (QB),Matthew Stafford (QB),132.88,The Big Gronkowski,Voldemort,0,1,0,1,0,0,1,1,-18.799999999999997,2.180000000000007,18.799999999999997,20.980000000000004,2.180000000000007,1
2023,4,Patty Primetimes,ThreatLevelMidnight,98.18,98.18,119.1,20.92,82.43,2,2,Tua Tagovailoa (QB) | Michael Pittman Jr. (WR),Anthony Richardson Sr. (QB) | DeAndre Hopkins (WR),100.56,Patty Primetimes,ThreatLevelMidnight,0,1,0,1,0,0,1,1,-2.3799999999999955,18.539999999999992,2.3799999999999955,20.919999999999987,18.539999999999992,1
2020,4,Malle ❤️ 🐸,Joe Mantegna,126.66,126.66,147.46,20.8,85.89,1,1,Calvin Ridley (WR),Latavius Murray (RB),140.78,Malle ❤️ 🐸,Joe Mantegna,0,1,0,1,0,0,1,1,-14.120000000000005,6.680000000000007,14.120000000000005,20.80000000000001,6.680000000000007,1
2022,12,Post Mahomes,Joe Mantegna,92.06,92.06,112.86,20.8,81.57,1,1,Dameon Pierce (RB),Garrett Wilson (WR),108.76,Post Mahomes,Joe Mantegna,0,1,0,1,0,0,1,1,-16.700000000000003,4.099999999999994,16.700000000000003,20.799999999999997,4.099999999999994,1
2025,1,Ginger FC,Buttermilk Puuump,93.7,93.7,114.32,20.62,81.96,2,2,Jared Goff (QB) | George Pickens (WR),Deebo Samuel Sr. (WR) | Jordan Love (QB),102.82,Ginger FC,Buttermilk Puuump,0,1,0,1,0,0,1,1,-9.11999999999999,11.5,9.11999999999999,20.61999999999999,11.5,1
2021,3,Post Mahomes,Big Sack Jack,85.74,85.74,106.14,20.4,80.78,3,3,Jonathan Taylor (RB) | CeeDee Lamb (WR) | Rondale Moore (WR),Zack Moss (RB) | Brandon Aiyuk (WR) | Kenny Golladay (WR),101.4,Post Mahomes,Big Sack Jack,0,1,0,1,0,0,1,1,-15.66000000000001,4.739999999999995,15.66000000000001,20.400000000000006,4.739999999999995,1
2019,11,Malle ❤️ 🐸,malle_dips_pouches,74.56,74.56,94.86,20.3,78.6,2,2,T.J. Hockenson (TE) | Allen Robinson (WR),Calvin Ridley (WR) | Tyler Eifert (TE),89.82,Malle ❤️ 🐸,malle_dips_pouches,0,1,0,1,0,0,1,1,-15.259999999999991,5.040000000000006,15.259999999999991,20.299999999999997,5.040000000000006,1
2018,4,Dillon Panthers,The Big Gronkowski,93.18,93.18,113.38,20.2,82.18,2,2,Alex Collins (RB) | Emmanuel Sanders (WR),Kerryon Johnson (RB) | Tarik Cohen (RB),98.5,Dillon Panthers,The Big Gronkowski,0,1,0,1,0,0,1,1,-5.319999999999993,14.879999999999995,5.319999999999993,20.19999999999999,14.879999999999995,1
2022,10,Patty Primetimes,The Big Gronkowski,88.04,88.04,108.06,20.02,81.47,2,2,Jared Goff (QB) | Chris Olave (WR),Kadarius Toney (WR) | Aaron Rodgers (QB),98.18,Patty Primetimes,The Big Gronkowski,0,1,0,1,0,0,1,1,-10.14,9.879999999999995,10.14,20.019999999999996,9.879999999999995,1
2020,8,Big Sack Jack,The Big Gronkowski,113.74,113.74,133.74,20.0,85.05,2,2,Dallas Goedert (TE) | CeeDee Lamb (WR),Evan Engram (TE) | Mecole Hardman Jr. (WR),133.3,Big Sack Jack,The Big Gronkowski,0,1,0,1,0,0,1,1,-19.560000000000016,0.4399999999999977,19.560000000000016,20.000000000000014,0.4399999999999977,1
2022,10,Joe Mantegna,ThreatLevelMidnight,103.74,103.74,123.64,19.9,83.9,2,2,Justin Herbert (QB) | Chase Claypool (WR),M. Valdes-Scantling (WR) | Marcus Mariota (QB),108.0,Joe Mantegna,ThreatLevelMidnight,0,1,0,1,0,0,1,1,-4.260000000000005,15.64,4.260000000000005,19.900000000000006,15.64,1
2017,9,Little Red Fournette,Voldemort,83.92,83.92,103.82,19.9,80.83,3,3,Aaron Jones Sr. (RB) | DeMarco Murray (RB) | Mike Evans (WR),Kenyan Drake (RB) | Bilal Powell (RB) | Devin Funchess (WR),98.54,Post Mahomes,Voldemort,0,1,0,1,0,0,1,1,-14.620000000000005,5.279999999999987,14.620000000000005,19.89999999999999,5.279999999999987,1
2017,3,Ginger FC,PickUpYourBratsMalle,66.76,66.76,86.6,19.84,77.09,3,3,Broncos - DEF (DEF) | Trevor Siemian (QB) | Jacquizz Rodgers (FLEX),Jimmy Graham (TE) | Marcus Mariota (QB) | Rams - DEF (DEF),76.72,Ginger FC,ThreatLevelMidnight,0,1,0,1,0,0,1,1,-9.959999999999994,9.879999999999995,9.959999999999994,19.83999999999999,9.879999999999995,1
2022,13,Patty Primetimes,ThreatLevelMidnight,87.44,87.44,107.1,19.66,81.64,2,2,Deshaun Watson (QB) | Derrick Henry (RB),Jared Goff (QB) | Tyler Allgeier (RB),88.2,Patty Primetimes,ThreatLevelMidnight,0,1,0,1,0,0,1,1,-0.7600000000000051,18.89999999999999,0.7600000000000051,19.659999999999997,18.89999999999999,1
2019,4,malle_dips_pouches,ThreatLevelMidnight,93.68,93.68,113.18,19.5,82.77,4,4,Joe Mixon (RB) | Delanie Walker (TE) | Brandin Cooks (WR) | Julian Edelman (WR),Emmanuel Sanders (WR) | Jack Doyle (TE) | Sterling Shepard (WR) | Tarik Cohen (RB),104.1,malle_dips_pouches,ThreatLevelMidnight,0,1,0,1,0,0,1,1,-10.419999999999987,9.080000000000013,10.419999999999987,19.5,9.080000000000013,1
2018,11,Ginger FC,Joe Mantegna,104.94,104.94,124.4,19.46,84.36,2,2,Carson Wentz (QB) | Tyrell Williams (WR),Devin Funchess (WR) | Russell Wilson (QB),119.92,Ginger FC,Joe Mantegna,0,1,0,1,0,0,1,1,-14.980000000000004,4.480000000000004,14.980000000000004,19.460000000000008,4.480000000000004,1
2022,14,Malle ❤️ 🐸,Big Sack Jack,94.98,94.98,114.32,19.34,83.08,2,2,Jalen Hurts (QB) | Jamaal Williams (RB),Trevor Lawrence (QB) | J.K. Dobbins (RB),113.26,Malle ❤️ 🐸,Big Sack Jack,0,1,0,1,0,0,1,1,-18.28,1.059999999999988,18.28,19.33999999999999,1.059999999999988,1
2023,7,Ginger FC,malle_dips_pouches,67.48,67.48,86.72,19.24,77.81,2,2,Brock Purdy (QB) | Curtis Samuel (WR),Kirk Cousins (QB) | Rashee Rice (WR),76.1,Ginger FC,malle_dips_pouches,0,1,0,1,0,0,1,1,-8.61999999999999,10.620000000000005,8.61999999999999,19.239999999999995,10.620000000000005,1
2022,4,malle_dips_pouches,Big Sack Jack,102.36,102.36,121.58,19.22,84.19,3,3,Mark Andrews (TE) | Amari Cooper (WR) | Jaylen Waddle (WR),Michael Gallup (WR) | Pat Freiermuth (TE) | Tyler Boyd (WR),120.68,malle_dips_pouches,Big Sack Jack,0,1,0,1,0,0,1,1,-18.320000000000007,0.8999999999999915,18.320000000000007,19.22,0.8999999999999915,1
2021,9,Uncle Rico,Patty Primetimes,102.94,102.94,121.94,19.0,84.42,3,3,Khalil Herbert (RB) | Ja'Marr Chase (WR) | Van Jefferson (WR),Allen Robinson (WR) | Randall Cobb (WR) | Tim Patrick (WR),110.76,Uncle Rico,Patty Primetimes,0,1,0,1,0,0,1,1,-7.820000000000007,11.179999999999993,7.820000000000007,19.0,11.179999999999993,1
2021,11,Ginger FC,ThreatLevelMidnight,94.8,94.8,113.8,19.0,83.3,1,1,Devin Singletary (RB),Zach Ertz (TE),107.08,Ginger FC,ThreatLevelMidnight,0,1,0,1,0,0,1,1,-12.280000000000001,6.719999999999999,12.280000000000001,19.0,6.719999999999999,1
2022,14,malle_dips_pouches,Voldemort,102.22,102.22,121.12,18.9,84.4,2,2,Mark Andrews (TE) | Jaylen Waddle (WR),DeVonta Smith (WR) | Pat Freiermuth (TE),114.38,malle_dips_pouches,Voldemort,0,1,0,1,0,0,1,1,-12.159999999999997,6.740000000000009,12.159999999999997,18.900000000000006,6.740000000000009,1
2018,8,The Big Gronkowski,Ginger FC,83.2,83.2,102.1,18.9,81.49,2,2,Corey Clement (RB) | JuJu Smith-Schuster (WR),Chris Ivory (RB) | Larry Fitzgerald (WR),95.94,The Big Gronkowski,Ginger FC,0,1,0,1,0,0,1,1,-12.739999999999995,6.159999999999997,12.739999999999995,18.89999999999999,6.159999999999997,1
2022,2,Post Mahomes,Ginger FC,80.3,80.3,99.1,18.8,81.03,3,3,Jonathan Taylor (RB) | Ezekiel Elliott (RB) | Brandin Cooks (WR),Cam Akers (RB) | Drake London (WR) | Tyler Higbee (TE),88.18,Post Mahomes,Ginger FC,0,1,0,1,0,0,1,1,-7.88000000000001,10.919999999999987,7.88000000000001,18.799999999999997,10.919999999999987,1
2021,1,Patty Primetimes,Post Mahomes,103.1,103.1,121.8,18.7,84.65,2,2,Clyde Edwards-Helaire (RB) | Julio Jones (WR),Nelson Agholor (WR) | DeVonta Smith (WR),109.06,Patty Primetimes,Post Mahomes,0,1,0,1,0,0,1,1,-5.960000000000008,12.739999999999995,5.960000000000008,18.700000000000003,12.739999999999995,1
2024,9,Buttermilk Puuump,malle_dips_pouches,77.7,77.7,96.04,18.34,80.9,2,2,Jared Goff (QB) | Tyreek Hill (WR),Aaron Rodgers (QB) | Jordan Addison (WR),88.58,Buttermilk Puuump,malle_dips_pouches,0,1,0,1,0,0,1,1,-10.879999999999995,7.460000000000008,10.879999999999995,18.340000000000003,7.460000000000008,1
2025,11,malle_dips_pouches,Voldemort,81.54,81.54,99.84,18.3,81.67,1,1,Jaylen Warren (RB),Kenny Gainwell (RB),85.7,malle_dips_pouches,Voldemort,0,1,0,1,0,0,1,1,-4.159999999999997,14.14,4.159999999999997,18.299999999999997,14.14,1
2024,6,Post Mahomes,Patty Primetimes,101.56,101.56,118.86,17.3,85.45,1,1,Tank Bigsby (RB),Tyrone Tracy Jr. (RB),107.62,Post Mahomes,Patty Primetimes,0,1,0,1,0,0,1,1,-6.060000000000002,11.239999999999995,6.060000000000002,17.299999999999997,11.239999999999995,1
2019,13,Joe Mantegna,malle_dips_pouches,99.34,99.34,116.54,17.2,85.24,2,2,Odell Beckham Jr. (WR) | Hollywood Brown (WR),Stefon Diggs (WR) | Duke Johnson (RB),104.82,Joe Mantegna,malle_dips_pouches,0,1,0,1,0,0,1,1,-5.47999999999999,11.720000000000013,5.47999999999999,17.200000000000003,11.720000000000013,1
2018,6,Voldemort,Dillon Panthers,95.7,95.7,112.7,17.0,84.92,2,2,Mike Davis (RB) | Stefon Diggs (WR),Demaryius Thomas (WR) | Matt Breida (RB),106.52,Voldemort,Dillon Panthers,0,1,0,1,0,0,1,1,-10.819999999999993,6.180000000000007,10.819999999999993,17.0,6.180000000000007,1
2018,10,Uncle Rico,Malle ❤️ 🐸,102.96,102.96,119.7,16.74,86.02,3,3,Aaron Rodgers (QB) | Chris Carson (RB) | Doug Baldwin (WR),Blake Bortles (QB) | Duke Johnson (RB) | Tyler Boyd (WR),117.52,Uncle Rico,Malle ❤️ 🐸,0,1,0,1,0,0,1,1,-14.560000000000002,2.180000000000007,14.560000000000002,16.74000000000001,2.180000000000007,1
2021,3,Pop Lockett Drop it,malle_dips_pouches,110.64,110.64,127.34,16.7,86.89,2,2,Courtland Sutton (WR) | Robbie Chosen (WR),Henry Ruggs III (WR) | Jamaal Williams (RB),123.88,Pop Lockett Drop it,malle_dips_pouches,0,1,0,1,0,0,1,1,-13.239999999999995,3.460000000000008,13.239999999999995,16.700000000000003,3.460000000000008,1
2022,2,Voldemort,Malle ❤️ 🐸,122.68,122.68,139.28,16.6,88.08,2,2,Joe Mixon (RB) | Justin Jefferson (WR),Curtis Samuel (WR) | James Robinson (RB),124.82,Voldemort,Malle ❤️ 🐸,0,1,0,1,0,0,1,1,-2.1399999999999864,14.460000000000008,2.1399999999999864,16.599999999999994,14.460000000000008,1
2018,9,Uncle Rico,The Big Gronkowski,87.26,87.26,103.86,16.6,84.02,1,1,Chris Carson (RB),Duke Johnson (RB),102.4,Uncle Rico,The Big Gronkowski,0,1,0,1,0,0,1,1,-15.14,1.4599999999999937,15.14,16.599999999999994,1.4599999999999937,1
2022,11,Patty Primetimes,Malle ❤️ 🐸,84.96,84.96,101.54,16.58,83.67,2,2,Jared Goff (QB) | Kadarius Toney (WR),Aaron Rodgers (QB) | DK Metcalf (WR),90.2,Patty Primetimes,Malle ❤️ 🐸,0,1,0,1,0,0,1,1,-5.240000000000009,11.340000000000003,5.240000000000009,16.580000000000013,11.340000000000003,1
2023,2,Voldemort,The Big Gronkowski,116.28,116.28,132.68,16.4,87.64,1,1,Miles Sanders (RB),Puka Nacua (WR),119.7,Voldemort,The Big Gronkowski,0,1,0,1,0,0,1,1,-3.4200000000000017,12.980000000000004,3.4200000000000017,16.400000000000006,12.980000000000004,1
2020,3,malle_dips_pouches,Pop Lockett Drop it,109.24,109.24,125.64,16.4,86.95,3,3,Ryan Tannehill (QB) | Hunter Henry (TE) | Robbie Chosen (WR),Derek Carr (QB) | Eric Ebron (TE) | Myles Gaskin (RB),122.12,malle_dips_pouches,Pop Lockett Drop it,0,1,0,1,0,0,1,1,-12.88000000000001,3.519999999999996,12.88000000000001,16.400000000000006,3.519999999999996,1
2020,8,Post Mahomes,Voldemort,74.84,74.84,91.14,16.3,82.12,2,2,La'Mical Perine (RB) | Kenny Golladay (WR),Hayden Hurst (TE) | Wayne Gallman (RB),89.52,Post Mahomes,Voldemort,0,1,0,1,0,0,1,1,-14.679999999999993,1.6200000000000045,14.679999999999993,16.299999999999997,1.6200000000000045,1
2022,11,Joe Mantegna,Ginger FC,120.5,120.5,136.5,16.0,88.28,2,2,Darrell Henderson Jr. (RB) | Chase Claypool (WR),Brandin Cooks (WR) | Courtland Sutton (WR),126.34,Joe Mantegna,Ginger FC,0,1,0,1,0,0,1,1,-5.840000000000003,10.159999999999997,5.840000000000003,16.0,10.159999999999997,1
2021,9,Big Sack Jack,Malle ❤️ 🐸,75.24,75.24,91.24,16.0,82.46,3,3,Cowboys - DEF (DEF) | Dallas Goedert (TE) | Mecole Hardman Jr. (WR),Cardinals - DEF (DEF) | Kenny Gainwell (RB) | Marquez Callaway (WR),82.98,Big Sack Jack,Malle ❤️ 🐸,0,1,0,1,0,0,1,1,-7.740000000000009,8.259999999999991,7.740000000000009,16.0,8.259999999999991,1
2018,3,Uncle Rico,PickUpYourBratsMalle,86.6,86.6,102.6,16.0,84.41,1,1,Keenan Allen (WR),Chris Carson (RB),98.84,Uncle Rico,ThreatLevelMidnight,0,1,0,1,0,0,1,1,-12.240000000000009,3.759999999999991,12.240000000000009,16.0,3.759999999999991,1
2017,4,malle_dips_pouches,Voldemort,96.12,96.12,111.92,15.8,85.88,2,2,Rob Gronkowski (TE) | Julio Jones (WR),Charles Clay (TE) | LeGarrette Blount (RB),107.68,malle_dips_pouches,Voldemort,0,1,0,1,0,0,1,1,-11.560000000000002,4.239999999999995,11.560000000000002,15.799999999999997,4.239999999999995,1
2018,6,PickUpYourBratsMalle,Malle ❤️ 🐸,92.92,92.92,108.66,15.74,85.51,4,4,Kirk Cousins (QB) | Jordan Howard (RB) | John Brown (WR) | Will Fuller V (WR),Andy Dalton (QB) | Austin Ekeler (RB) | Dede Westbrook (WR) | LeSean McCoy (RB),95.06,ThreatLevelMidnight,Malle ❤️ 🐸,0,1,0,1,0,0,1,1,-2.1400000000000006,13.599999999999994,2.1400000000000006,15.739999999999995,13.599999999999994,1
2021,4,Uncle Rico,Pop Lockett Drop it,83.94,83.94,99.54,15.6,84.33,2,2,Peyton Barber (RB) | Odell Beckham Jr. (WR),Antonio Brown (WR) | Michael Carter (RB),89.7,Uncle Rico,Pop Lockett Drop it,0,1,0,1,0,0,1,1,-5.760000000000005,9.840000000000003,5.760000000000005,15.600000000000009,9.840000000000003,1
2018,10,Big Sack Jack,The Big Gronkowski,97.26,97.26,112.86,15.6,86.18,1,1,Jarvis Landry (WR),Derrick Henry (RB),111.72,Big Sack Jack,The Big Gronkowski,0,1,0,1,0,0,1,1,-14.459999999999994,1.1400000000000006,14.459999999999994,15.599999999999994,1.1400000000000006,1
2019,2,Joe Mantegna,malle_dips_pouches,76.74,76.74,92.04,15.3,83.38,3,3,Bears - DEF (DEF) | Duke Johnson (RB) | DeAndre Hopkins (WR),David Montgomery (RB) | Hollywood Brown (WR) | Vikings - DEF (DEF),89.66,Joe Mantegna,malle_dips_pouches,0,1,0,1,0,0,1,1,-12.920000000000002,2.3800000000000097,12.920000000000002,15.300000000000011,2.3800000000000097,1
2022,7,Malle ❤️ 🐸,Pop Lockett Drop it,80.5,80.5,95.7,15.2,84.12,1,1,James Robinson (RB),Antonio Gibson (RB),81.52,Malle ❤️ 🐸,Pop Lockett Drop it,0,1,0,1,0,0,1,1,-1.019999999999996,14.180000000000007,1.019999999999996,15.200000000000003,14.180000000000007,1
2024,11,Voldemort,Post Mahomes,110.78,110.78,125.88,15.1,88.0,2,2,Jonathan Taylor (RB) | Calvin Ridley (WR),J.K. Dobbins (RB) | Khalil Shakir (WR),122.68,Voldemort,Post Mahomes,0,1,0,1,0,0,1,1,-11.900000000000006,3.1999999999999886,11.900000000000006,15.099999999999994,3.1999999999999886,1
2020,7,Post Mahomes,Malle ❤️ 🐸,127.1,127.1,141.8,14.7,89.63,2,2,Devonta Freeman (RB) | Robert Woods (WR),A.J. Green (WR) | Joshua Kelley (RB),135.56,Post Mahomes,Malle ❤️ 🐸,0,1,0,1,0,0,1,1,-8.460000000000008,6.240000000000009,8.460000000000008,14.700000000000017,6.240000000000009,1
2017,13,The Big Gronkowski,Voldemort,92.2,92.2,106.16,13.96,86.85,3,3,Steelers - DEF (DEF) | Ben Roethlisberger (QB) | Davante Adams (WR),Andy Dalton (QB) | Bills - DEF (DEF) | Evan Engram (TE),94.12,The Big Gronkowski,Voldemort,0,1,0,1,0,0,1,1,-1.9200000000000017,12.039999999999992,1.9200000000000017,13.959999999999994,12.039999999999992,1
2022,5,Big Sack Jack,Patty Primetimes,101.58,101.58,115.54,13.96,87.92,3,3,Joe Burrow (QB) | Khalil Herbert (RB) | Amon-Ra St. Brown (WR),Derek Carr (QB) | Nico Collins (WR) | DJ Moore (WR),107.38,Big Sack Jack,Patty Primetimes,0,1,0,1,0,0,1,1,-5.799999999999997,8.16000000000001,5.799999999999997,13.960000000000008,8.16000000000001,1
2025,4,The Big Gronkowski,Ginger FC,90.42,90.42,104.36,13.94,86.64,2,2,Drake Maye (QB) | A.J. Brown (WR),Dak Prescott (QB) | T.J. Hockenson (TE),97.52,The Big Gronkowski,Ginger FC,0,1,0,1,0,0,1,1,-7.099999999999994,6.840000000000003,7.099999999999994,13.939999999999998,6.840000000000003,1
2025,14,Ginger FC,malle_dips_pouches,79.5,79.5,93.4,13.9,85.12,2,2,Ashton Jeanty (RB) | DJ Moore (WR),Jakobi Meyers (WR) | Rachaad White (RB),87.56,Ginger FC,malle_dips_pouches,0,1,0,1,0,0,1,1,-8.060000000000002,5.840000000000003,8.060000000000002,13.900000000000006,5.840000000000003,1
2021,1,Big Sack Jack,ThreatLevelMidnight,129.38,129.38,143.28,13.9,90.3,1,1,James Robinson (RB),Sterling Shepard (WR),138.26,Big Sack Jack,ThreatLevelMidnight,0,1,0,1,0,0,1,1,-8.879999999999995,5.02000000000001,8.879999999999995,13.900000000000006,5.02000000000001,1
2018,7,Joe Mantegna,Dillon Panthers,101.32,101.32,114.82,13.5,88.24,2,2,Jaguars - DEF (DEF) | Frank Gore (RB),Bears - DEF (DEF) | George Kittle (TE),104.6,Joe Mantegna,Dillon Panthers,0,1,0,1,0,0,1,1,-3.280000000000001,10.219999999999999,3.280000000000001,13.5,10.219999999999999,1
2018,2,Post Mahomes,Pop Lockett Drop it,98.56,98.56,112.04,13.48,87.97,3,3,Andrew Luck (QB) | Joe Mixon (RB) | Isaiah Crowell (RB),Phillip Lindsay (RB) | Tyrod Taylor (QB) | Kenny Golladay (WR),101.08,Post Mahomes,Pop Lockett Drop it,0,1,0,1,0,0,1,1,-2.519999999999996,10.960000000000008,2.519999999999996,13.480000000000004,10.960000000000008,1
2025,9,Buttermilk Puuump,Patty Primetimes,88.62,88.62,101.96,13.34,86.92,1,1,Jordan Love (QB),Jared Goff (QB),98.52,Buttermilk Puuump,Patty Primetimes,0,1,0,1,0,0,1,1,-9.899999999999991,3.4399999999999977,9.899999999999991,13.33999999999999,3.4399999999999977,1
2017,12,Little Red Fournette,Pop Lockett Drop it,76.24,76.24,89.54,13.3,85.15,2,2,Leonard Fournette (RB) | Doug Baldwin (WR),Devin Funchess (WR) | Kenyan Drake (RB),88.18,Post Mahomes,Pop Lockett Drop it,0,1,0,1,0,0,1,1,-11.940000000000012,1.3599999999999994,11.940000000000012,13.300000000000011,1.3599999999999994,1
2023,6,The Big Gronkowski,Uncle Rico,81.88,81.88,94.98,13.1,86.21,2,2,Dallas Goedert (TE) | DeVonta Smith (WR),Courtland Sutton (WR) | Dalton Schultz (TE),92.2,The Big Gronkowski,Uncle Rico,0,1,0,1,0,0,1,1,-10.320000000000007,2.780000000000001,10.320000000000007,13.100000000000009,2.780000000000001,1
2018,1,Malle ❤️ 🐸,The Big Gronkowski,79.84,79.84,92.74,12.9,86.09,2,2,Saints - DEF (DEF) | Cameron Brate (TE),Ricky Seals-Jones (TE) | Falcons - DEF (DEF),83.66,Malle ❤️ 🐸,The Big Gronkowski,0,1,0,1,0,0,1,1,-3.819999999999993,9.079999999999998,3.819999999999993,12.899999999999991,9.079999999999998,1
2024,5,Pop Lockett Drop it,Malle ❤️ 🐸,109.04,109.04,121.94,12.9,89.42,2,2,C.J. Stroud (QB) | Rome Odunze (WR),Justin Fields (QB) | Rico Dowdle (RB),114.86,Pop Lockett Drop it,Malle ❤️ 🐸,0,1,0,1,0,0,1,1,-5.819999999999993,7.079999999999998,5.819999999999993,12.899999999999991,7.079999999999998,1
2018,6,Post Mahomes,Big Sack Jack,118.9,118.9,131.3,12.4,90.56,1,1,Cam Newton (QB),Jameis Winston (QB),122.68,Post Mahomes,Big Sack Jack,0,1,0,1,0,0,1,1,-3.780000000000001,8.620000000000005,3.780000000000001,12.400000000000006,8.620000000000005,1
2017,7,Voldemort,Pop Lockett Drop it,98.06,98.06,110.36,12.3,88.85,2,2,Melvin Gordon III (RB) | Jordy Nelson (WR),Alvin Kamara (RB) | DeSean Jackson (WR),98.72,Voldemort,Pop Lockett Drop it,0,1,0,1,0,0,1,1,-0.6599999999999966,11.64,0.6599999999999966,12.299999999999997,11.64,1
2018,2,Malle ❤️ 🐸,malle_dips_pouches,97.8,97.8,109.88,12.08,89.01,2,2,Cam Newton (QB) | Cameron Brate (TE),Ben Roethlisberger (QB) | Ricky Seals-Jones (TE),102.26,Malle ❤️ 🐸,malle_dips_pouches,0,1,0,1,0,0,1,1,-4.460000000000008,7.61999999999999,4.460000000000008,12.079999999999998,7.61999999999999,1
2024,4,Joe Mantegna,ThreatLevelMidnight,92.54,92.54,104.54,12.0,88.52,2,2,Breece Hall (RB) | Garrett Wilson (WR),Bucky Irving (RB) | Jakobi Meyers (WR),103.78,Joe Mantegna,ThreatLevelMidnight,0,1,0,1,0,0,1,1,-11.239999999999995,0.7600000000000051,11.239999999999995,12.0,0.7600000000000051,1
2019,13,Patty Primetimes,Big Sack Jack,81.9,81.9,93.7,11.8,87.41,3,3,Brett Maher (K) | Nick Chubb (RB) | Tyler Lockett (WR),Benny Snell Jr. (RB) | Dan Bailey (K) | Josh Gordon (WR),86.14,Patty Primetimes,Big Sack Jack,0,1,0,1,0,0,1,1,-4.239999999999995,7.560000000000002,4.239999999999995,11.799999999999997,7.560000000000002,1
2018,12,Post Mahomes,PickUpYourBratsMalle,109.14,109.14,120.74,11.6,90.39,2,2,Evan Engram (TE) | Michael Thomas (WR),John Ross (WR) | Kyle Rudolph (TE),118.88,Post Mahomes,ThreatLevelMidnight,0,1,0,1,0,0,1,1,-9.739999999999995,1.8599999999999994,9.739999999999995,11.599999999999994,1.8599999999999994,1
2021,14,Ginger FC,Patty Primetimes,136.14,136.14,147.64,11.5,92.21,2,2,DK Metcalf (WR) | DeAndre Hopkins (WR),Devin Singletary (RB) | Van Jefferson (WR),138.52,Ginger FC,Patty Primetimes,0,1,0,1,0,0,1,1,-2.380000000000024,9.119999999999976,2.380000000000024,11.5,9.119999999999976,1
2017,2,Big Sack Jack,Ur The Best Bellows,73.54,73.54,85.04,11.5,86.48,1,1,Brandin Cooks (WR),Martavis Bryant (WR),80.08,Big Sack Jack,Joe Mantegna,0,1,0,1,0,0,1,1,-6.539999999999992,4.960000000000008,6.539999999999992,11.5,4.960000000000008,1
2017,9,The Big Gronkowski,Hello Harvard,78.14,78.14,89.64,11.5,87.17,2,2,Bills - DEF (DEF) | A.J. Green (WR),Damien Williams (RB) | Steelers - DEF (DEF),87.84,The Big Gronkowski,Hello Harvard,0,1,0,1,0,0,1,1,-9.700000000000003,1.7999999999999972,9.700000000000003,11.5,1.7999999999999972,1
2020,11,Uncle Rico,Malle ❤️ 🐸,130.84,130.84,142.16,11.32,92.04,1,1,Robert Tonyan (TE),Taysom Hill (TE),134.34,Uncle Rico,Malle ❤️ 🐸,0,1,0,1,0,0,1,1,-3.5,7.819999999999993,3.5,11.319999999999993,7.819999999999993,1
2025,3,Patty Primetimes,ThreatLevelMidnight,105.82,105.82,117.12,11.3,90.35,2,2,James Conner (RB) | Marvin Harrison Jr. (WR),Darnell Mooney (WR) | Quinshon Judkins (RB),115.02,Patty Primetimes,ThreatLevelMidnight,0,1,0,1,0,0,1,1,-9.200000000000003,2.1000000000000085,9.200000000000003,11.300000000000011,2.1000000000000085,1
2023,6,Post Mahomes,Malle ❤️ 🐸,98.84,98.84,109.94,11.1,89.9,2,2,Jonathan Taylor (RB) | Christian Kirk (WR),Chuba Hubbard (RB) | Drake London (WR),99.9,Post Mahomes,Malle ❤️ 🐸,0,1,0,1,0,0,1,1,-1.0600000000000023,10.039999999999992,1.0600000000000023,11.099999999999994,10.039999999999992,1
2024,7,Patty Primetimes,Voldemort,89.92,89.92,101.02,11.1,89.01,2,2,DeMario Douglas (WR) | Diontae Johnson (WR),Calvin Ridley (WR) | Khalil Shakir (WR),94.04,Patty Primetimes,Voldemort,0,1,0,1,0,0,1,1,-4.1200000000000045,6.97999999999999,4.1200000000000045,11.099999999999994,6.97999999999999,1
2024,1,ThreatLevelMidnight,The Big Gronkowski,94.86,94.86,105.78,10.92,89.68,3,3,Joe Burrow (QB) | Javonte Williams (RB) | Chris Olave (WR),Gus Edwards (RB) | Jaxon Smith-Njigba (WR) | Matthew Stafford (QB),95.38,ThreatLevelMidnight,The Big Gronkowski,0,1,0,1,0,0,1,1,-0.519999999999996,10.400000000000006,0.519999999999996,10.920000000000002,10.400000000000006,1
2020,3,ThreatLevelMidnight,Uncle Rico,119.62,119.62,130.52,10.9,91.65,1,1,Marvin Jones Jr. (WR),Tyler Boyd (WR),130.04,ThreatLevelMidnight,Uncle Rico,0,1,0,1,0,0,1,1,-10.419999999999987,0.4800000000000182,10.419999999999987,10.900000000000006,0.4800000000000182,1
2022,7,Voldemort,Big Sack Jack,106.98,106.98,117.58,10.6,90.98,2,2,Chris Godwin Jr. (WR) | Deebo Samuel Sr. (WR),Curtis Samuel (WR) | George Pickens (WR),117.34,Voldemort,Big Sack Jack,0,1,0,1,0,0,1,1,-10.36,0.23999999999999488,10.36,10.599999999999994,0.23999999999999488,1
2018,13,The Big Gronkowski,Voldemort,91.76,91.76,102.16,10.4,89.82,2,2,David Njoku (TE) | Calvin Ridley (WR),Jalen Richard (RB) | Vance McDonald (TE),93.0,The Big Gronkowski,Voldemort,0,1,0,1,0,0,1,1,-1.2399999999999949,9.159999999999997,1.2399999999999949,10.399999999999991,9.159999999999997,1
2021,14,The Big Gronkowski,Joe Mantegna,148.08,148.08,158.48,10.4,93.44,1,1,Antonio Gibson (RB),Chase Claypool (WR),153.3,The Big Gronkowski,Joe Mantegna,0,1,0,1,0,0,1,1,-5.219999999999999,5.179999999999978,5.219999999999999,10.399999999999977,5.179999999999978,1
2023,9,Patty Primetimes,Post Mahomes,88.92,88.92,99.32,10.4,89.53,2,2,Royce Freeman (RB) | Jaylen Waddle (WR),Antonio Gibson (RB) | Michael Pittman Jr. (WR),97.62,Patty Primetimes,Post Mahomes,0,1,0,1,0,0,1,1,-8.700000000000003,1.6999999999999886,8.700000000000003,10.399999999999991,1.6999999999999886,1
2020,13,Voldemort,The Big Gronkowski,109.06,109.06,119.46,10.4,91.29,1,1,Terry McLaurin (WR),J.D. McKissic (RB),118.32,Voldemort,The Big Gronkowski,0,1,0,1,0,0,1,1,-9.259999999999991,1.1400000000000006,9.259999999999991,10.399999999999991,1.1400000000000006,1
2018,5,PickUpYourBratsMalle,The Big Gronkowski,86.94,86.94,97.24,10.3,89.41,2,2,John Brown (WR) | Will Fuller V (WR),LeSean McCoy (RB) | Marvin Jones Jr. (WR),93.86,ThreatLevelMidnight,The Big Gronkowski,0,1,0,1,0,0,1,1,-6.920000000000002,3.3799999999999955,6.920000000000002,10.299999999999997,3.3799999999999955,1
2025,2,Patty Primetimes,Post Mahomes,92.58,92.58,102.48,9.9,90.34,2,2,Broncos - DEF (DEF) | Garrett Wilson (WR),Buccaneers - DEF (DEF) | Cam Skattebo (RB),95.22,Patty Primetimes,Post Mahomes,0,1,0,1,0,0,1,1,-2.6400000000000006,7.260000000000005,2.6400000000000006,9.900000000000006,7.260000000000005,1
2023,3,Uncle Rico,Patty Primetimes,116.06,116.06,125.96,9.9,92.14,1,1,Gus Edwards (RB),Alexander Mattison (RB),122.66,Uncle Rico,Patty Primetimes,0,1,0,1,0,0,1,1,-6.599999999999994,3.299999999999997,6.599999999999994,9.899999999999991,3.299999999999997,1
2021,9,Pop Lockett Drop it,ThreatLevelMidnight,89.56,89.56,99.16,9.6,90.32,1,1,Courtland Sutton (WR),Kenyan Drake (RB),91.36,Pop Lockett Drop it,ThreatLevelMidnight,0,1,0,1,0,0,1,1,-1.7999999999999972,7.799999999999997,1.7999999999999972,9.599999999999994,7.799999999999997,1
2022,7,Patty Primetimes,Ginger FC,102.76,102.76,112.06,9.3,91.7,1,1,DK Metcalf (WR),Tyler Allgeier (RB),109.46,Patty Primetimes,Ginger FC,0,1,0,1,0,0,1,1,-6.699999999999989,2.6000000000000085,6.699999999999989,9.299999999999997,2.6000000000000085,1
2018,9,Post Mahomes,Voldemort,97.48,97.48,106.58,9.1,91.46,1,1,Mark Ingram II (RB),Mike Davis (RB),98.74,Post Mahomes,Voldemort,0,1,0,1,0,0,1,1,-1.259999999999991,7.840000000000003,1.259999999999991,9.099999999999994,7.840000000000003,1
2023,13,Malle ❤️ 🐸,Patty Primetimes,127.72,127.72,136.82,9.1,93.35,3,3,Jahmyr Gibbs (RB) | Pat Freiermuth (TE) | Devin Singletary (RB),Elijah Moore (WR) | Gerald Everett (TE) | Kenny Gainwell (RB),134.9,Malle ❤️ 🐸,Patty Primetimes,0,1,0,1,0,0,1,1,-7.180000000000007,1.9199999999999875,7.180000000000007,9.099999999999994,1.9199999999999875,1
2018,7,Voldemort,PickUpYourBratsMalle,111.38,111.38,120.18,8.8,92.68,3,3,Matt Breida (RB) | Taylor Gabriel (FLEX) | Stefon Diggs (WR),DeSean Jackson (WR) | Doug Martin (RB) | Demaryius Thomas (WR),119.34,Voldemort,ThreatLevelMidnight,0,1,0,1,0,0,1,1,-7.960000000000008,0.8400000000000034,7.960000000000008,8.800000000000011,0.8400000000000034,1
2021,11,The Big Gronkowski,Patty Primetimes,96.52,96.52,105.12,8.6,91.82,1,1,Michael Pittman Jr. (WR),Chase Claypool (WR),103.96,The Big Gronkowski,Patty Primetimes,0,1,0,1,0,0,1,1,-7.439999999999998,1.1600000000000108,7.439999999999998,8.600000000000009,1.1600000000000108,1
2021,3,Uncle Rico,ThreatLevelMidnight,114.18,114.18,122.78,8.6,93.0,1,1,Allen Robinson (WR),Tim Patrick (WR),122.22,Uncle Rico,ThreatLevelMidnight,0,1,0,1,0,0,1,1,-8.039999999999992,0.5600000000000023,8.039999999999992,8.599999999999994,0.5600000000000023,1
2019,3,Big Sack Jack,ThreatLevelMidnight,85.64,85.64,94.14,8.5,90.97,2,2,Chris Godwin Jr. (WR) | John Ross (WR),Dede Westbrook (WR) | Mohamed Sanu (WR),93.12,Big Sack Jack,ThreatLevelMidnight,0,1,0,1,0,0,1,1,-7.480000000000004,1.019999999999996,7.480000000000004,8.5,1.019999999999996,1
2025,13,The Big Gronkowski,ThreatLevelMidnight,128.34,128.34,136.74,8.4,93.86,2,2,Rico Dowdle (RB) | Michael Wilson (WR),Marvin Harrison Jr. (WR) | Tyler Allgeier (RB),133.68,The Big Gronkowski,ThreatLevelMidnight,0,1,0,1,0,0,1,1,-5.340000000000003,3.0600000000000023,5.340000000000003,8.400000000000006,3.0600000000000023,1
2019,3,malle_dips_pouches,Patty Primetimes,103.2,103.2,111.5,8.3,92.56,2,2,Brandin Cooks (WR) | Julian Edelman (WR),DJ Moore (WR) | Sterling Shepard (WR),106.18,malle_dips_pouches,Patty Primetimes,0,1,0,1,0,0,1,1,-2.980000000000004,5.319999999999993,2.980000000000004,8.299999999999997,5.319999999999993,1
2022,6,malle_dips_pouches,Ginger FC,106.7,106.7,114.9,8.2,92.86,1,1,Phillip Lindsay (RB),DeVonta Smith (WR),111.08,malle_dips_pouches,Ginger FC,0,1,0,1,0,0,1,1,-4.3799999999999955,3.8200000000000074,4.3799999999999955,8.200000000000003,3.8200000000000074,1
2019,6,Ginger FC,Big Sack Jack,87.2,87.2,95.26,8.06,91.54,2,2,Jameis Winston (QB) | Gerald Everett (TE),Baker Mayfield (QB) | Kyle Rudolph (TE),92.36,Ginger FC,Big Sack Jack,0,1,0,1,0,0,1,1,-5.159999999999997,2.9000000000000057,5.159999999999997,8.060000000000002,2.9000000000000057,1
2022,1,Pop Lockett Drop it,Big Sack Jack,100.0,100.0,107.9,7.9,92.68,2,2,Dameon Pierce (RB) | Keenan Allen (WR),Christian Kirk (WR) | Melvin Gordon III (RB),105.02,Pop Lockett Drop it,Big Sack Jack,0,1,0,1,0,0,1,1,-5.019999999999996,2.8800000000000097,5.019999999999996,7.900000000000006,2.8800000000000097,1
2021,1,The Big Gronkowski,Malle ❤️ 🐸,139.34,139.34,146.64,7.3,95.02,2,2,Najee Harris (RB) | Chase Claypool (WR),Cole Beasley (WR) | Nyheim Miller-Hines (RB),140.56,The Big Gronkowski,Malle ❤️ 🐸,0,1,0,1,0,0,1,1,-1.2199999999999989,6.079999999999984,1.2199999999999989,7.299999999999983,6.079999999999984,1
2018,5,Pop Lockett Drop it,Big Sack Jack,100.88,100.88,108.18,7.3,93.25,2,2,Adrian Peterson (RB) | Golden Tate (WR),Josh Gordon (WR) | Royce Freeman (RB),102.22,Pop Lockett Drop it,Big Sack Jack,0,1,0,1,0,0,1,1,-1.3400000000000034,5.960000000000008,1.3400000000000034,7.300000000000011,5.960000000000008,1
2023,10,The Big Gronkowski,Joe Mantegna,116.52,116.52,123.82,7.3,94.1,1,1,DJ Moore (WR),Tyler Boyd (WR),118.46,The Big Gronkowski,Joe Mantegna,0,1,0,1,0,0,1,1,-1.9399999999999977,5.359999999999999,1.9399999999999977,7.299999999999997,5.359999999999999,1
2022,6,Patty Primetimes,Joe Mantegna,67.14,67.14,73.72,6.58,91.07,2,2,Aaron Rodgers (QB) | Garrett Wilson (WR),Latavius Murray (RB) | Matthew Stafford (QB),69.22,Patty Primetimes,Joe Mantegna,0,1,0,1,0,0,1,1,-2.0799999999999983,4.5,2.0799999999999983,6.579999999999998,4.5,1
2024,2,Patty Primetimes,malle_dips_pouches,83.86,83.86,90.36,6.5,92.81,2,2,Travis Kelce (TE) | Xavier Worthy (WR),Dalton Schultz (TE) | Khalil Herbert (RB),89.0,Patty Primetimes,malle_dips_pouches,0,1,0,1,0,0,1,1,-5.140000000000001,1.3599999999999994,5.140000000000001,6.5,1.3599999999999994,1
2019,7,malle_dips_pouches,Ginger FC,104.96,104.96,111.26,6.3,94.34,3,3,Delanie Walker (TE) | Carlos Hyde (RB) | Brandin Cooks (WR),Emmanuel Sanders (WR) | Jack Doyle (TE) | LeSean McCoy (RB),109.32,malle_dips_pouches,Ginger FC,0,1,0,1,0,0,1,1,-4.359999999999999,1.940000000000012,4.359999999999999,6.300000000000011,1.940000000000012,1
2024,7,Ginger FC,malle_dips_pouches,112.46,112.46,118.56,6.1,94.85,1,1,Courtland Sutton (WR),Pat Freiermuth (TE),113.3,Ginger FC,malle_dips_pouches,0,1,0,1,0,0,1,1,-0.8400000000000034,5.260000000000005,0.8400000000000034,6.1000000000000085,5.260000000000005,1
2024,5,Buttermilk Puuump,Voldemort,79.04,79.04,84.94,5.9,93.05,1,1,Travis Etienne Jr. (RB),Chase Brown (RB),79.26,Buttermilk Puuump,Voldemort,0,1,0,1,0,0,1,1,-0.21999999999999886,5.679999999999993,0.21999999999999886,5.8999999999999915,5.679999999999993,1
2019,4,Big Sack Jack,Pop Lockett Drop it,107.7,107.7,113.2,5.5,95.14,1,1,John Ross (WR),Mohamed Sanu (WR),110.4,Big Sack Jack,Pop Lockett Drop it,0,1,0,1,0,0,1,1,-2.700000000000003,2.799999999999997,2.700000000000003,5.5,2.799999999999997,1
2021,10,malle_dips_pouches,Malle ❤️ 🐸,91.32,91.32,96.62,5.3,94.51,1,1,A.J. Brown (WR),Jerry Jeudy (WR),95.6,malle_dips_pouches,Malle ❤️ 🐸,0,1,0,1,0,0,1,1,-4.280000000000001,1.0200000000000102,4.280000000000001,5.300000000000011,1.0200000000000102,1
2018,13,Post Mahomes,Pop Lockett Drop it,109.0,109.0,114.26,5.26,95.4,2,2,Cam Newton (QB) | Mark Ingram II (RB),Giovani Bernard (RB) | Jameis Winston (QB),112.7,Post Mahomes,Pop Lockett Drop it,0,1,0,1,0,0,1,1,-3.700000000000003,1.5600000000000023,3.700000000000003,5.260000000000005,1.5600000000000023,1
2023,1,Ginger FC,You Better Park It,85.26,85.26,90.26,5.0,94.46,1,1,Tee Higgins (WR),Rashod Bateman (WR),85.42,Ginger FC,Buttermilk Puuump,0,1,0,1,0,0,1,1,-0.1599999999999966,4.840000000000003,0.1599999999999966,5.0,4.840000000000003,1
2017,11,Voldemort,Hello Harvard,97.3,97.3,102.2,4.9,95.21,2,2,Kareem Hunt (RB) | Jerick McKinnon (RB),Alfred Morris (RB) | Jamaal Williams (RB),101.56,Voldemort,Hello Harvard,0,1,0,1,0,0,1,1,-4.260000000000005,0.6400000000000006,4.260000000000005,4.900000000000006,0.6400000000000006,1
2022,13,Malle ❤️ 🐸,Voldemort,130.6,130.6,135.4,4.8,96.45,1,1,Adam Thielen (WR),Diontae Johnson (WR),134.72,Malle ❤️ 🐸,Voldemort,0,1,0,1,0,0,1,1,-4.1200000000000045,0.6800000000000068,4.1200000000000045,4.800000000000011,0.6800000000000068,1
2017,10,malle_dips_pouches,Pop Lockett Drop it,65.74,65.74,70.34,4.6,93.46,1,1,Jermaine Kearse (WR),Jamison Crowder (WR),66.5,malle_dips_pouches,Pop Lockett Drop it,0,1,0,1,0,0,1,1,-0.7600000000000051,3.8400000000000034,0.7600000000000051,4.6000000000000085,3.8400000000000034,1
2019,10,malle_dips_pouches,The Big Gronkowski,79.32,79.32,83.72,4.4,94.74,1,1,Ezekiel Elliott (RB),Peyton Barber (RB),79.38,malle_dips_pouches,The Big Gronkowski,0,1,0,1,0,0,1,1,-0.060000000000002274,4.340000000000003,0.060000000000002274,4.400000000000006,4.340000000000003,1
2025,5,Buttermilk Puuump,Post Mahomes,120.02,120.02,124.02,4.0,96.77,1,1,Vikings - DEF (DEF),Broncos - DEF (DEF),122.32,Buttermilk Puuump,Post Mahomes,0,1,0,1,0,0,1,1,-2.299999999999997,1.7000000000000028,2.299999999999997,4.0,1.7000000000000028,1
2023,13,You Better Park It,Joe Mantegna,91.06,91.06,94.66,3.6,96.2,1,1,D'Andre Swift (RB),Jerry Jeudy (WR),92.88,Buttermilk Puuump,Joe Mantegna,0,1,0,1,0,0,1,1,-1.8199999999999932,1.7800000000000011,1.8199999999999932,3.5999999999999943,1.7800000000000011,1
2023,12,Voldemort,Joe Mantegna,126.08,126.08,129.38,3.3,97.45,1,1,Puka Nacua (WR),Zack Moss (RB),126.54,Voldemort,Joe Mantegna,0,1,0,1,0,0,1,1,-0.46000000000000796,2.839999999999989,0.46000000000000796,3.299999999999997,2.839999999999989,1
2018,12,Dillon Panthers,Ginger FC,92.24,92.24,95.54,3.3,96.55,2,2,Trey Burton (TE) | Antonio Brown (WR),Austin Hooper (TE) | Mohamed Sanu (WR),95.26,Dillon Panthers,Ginger FC,0,1,0,1,0,0,1,1,-3.0200000000000102,0.28000000000000114,3.0200000000000102,3.3000000000000114,0.28000000000000114,1
2018,7,Post Mahomes,The Big Gronkowski,86.66,86.66,89.86,3.2,96.44,1,1,Mark Ingram II (RB),Sammy Watkins (WR),87.64,Post Mahomes,The Big Gronkowski,0,1,0,1,0,0,1,1,-0.980000000000004,2.219999999999999,0.980000000000004,3.200000000000003,2.219999999999999,1
2018,1,Voldemort,Big Sack Jack,121.58,121.58,123.48,1.9,98.46,1,1,Devonta Freeman (RB),Peyton Barber (RB),123.04,Voldemort,Big Sack Jack,0,1,0,1,0,0,1,1,-1.460000000000008,0.4399999999999977,1.460000000000008,1.9000000000000057,0.4399999999999977,1
