year,week,table_index,row_index,side,fantasy_team,opponent,matchup_id,player,player_position,lineup_slot,is_starter,is_bench,is_ir,projected_points,fantasy_points,stat_summary,raw_player_text,raw_position,raw_cells,matchup_number,yahoo_team_id_used,team_score,opponent_score
2018,12,1,0,left,Malle ❤️ 🐸,The Big Gronkowski,2018-W12-M01,Philip Rivers,QB,QB,True,False,False,24.24,26.66,,Philip Rivers,QB,"["""", ""Philip Rivers"", ""24.24"", ""26.66"", ""QB"", ""QB"", ""QB"", ""24.28"", ""24.42"", ""Ben Roethlisberger"", """"]",1,1,148.46,96.18
2018,12,1,0,right,The Big Gronkowski,Malle ❤️ 🐸,2018-W12-M01,Ben Roethlisberger,QB,QB,True,False,False,24.42,24.28,,Ben Roethlisberger,QB,"["""", ""Philip Rivers"", ""24.24"", ""26.66"", ""QB"", ""QB"", ""QB"", ""24.28"", ""24.42"", ""Ben Roethlisberger"", """"]",1,1,96.18,148.46
2018,12,1,1,left,Malle ❤️ 🐸,The Big Gronkowski,2018-W12-M01,JuJu Smith-Schuster,WR,WR,True,False,False,10.31,24.9,,JuJu Smith-Schuster,WR,"["""", ""JuJu Smith-Schuster"", ""10.31"", ""24.90"", ""WR"", ""WR"", ""WR"", ""11.60"", ""11.42"", ""Mike Evans"", """"]",1,1,148.46,96.18
2018,12,1,1,right,The Big Gronkowski,Malle ❤️ 🐸,2018-W12-M01,Mike Evans,WR,WR,True,False,False,11.42,11.6,,Mike Evans,WR,"["""", ""JuJu Smith-Schuster"", ""10.31"", ""24.90"", ""WR"", ""WR"", ""WR"", ""11.60"", ""11.42"", ""Mike Evans"", """"]",1,1,96.18,148.46
2018,12,1,2,left,Malle ❤️ 🐸,The Big Gronkowski,2018-W12-M01,Larry Fitzgerald,WR,WR,True,False,False,7.02,9.0,,Larry Fitzgerald,WR,"["""", ""Larry Fitzgerald"", ""7.02"", ""9.00"", ""WR"", ""WR"", ""WR"", ""3.90"", ""7.87"", ""Alshon Jeffery"", """"]",1,1,148.46,96.18
2018,12,1,2,right,The Big Gronkowski,Malle ❤️ 🐸,2018-W12-M01,Alshon Jeffery,WR,WR,True,False,False,7.87,3.9,,Alshon Jeffery,WR,"["""", ""Larry Fitzgerald"", ""7.02"", ""9.00"", ""WR"", ""WR"", ""WR"", ""3.90"", ""7.87"", ""Alshon Jeffery"", """"]",1,1,96.18,148.46
2018,12,1,3,left,Malle ❤️ 🐸,The Big Gronkowski,2018-W12-M01,Christian McCaffrey,RB,RB,True,False,False,16.91,35.7,,Christian McCaffrey,RB,"["""", ""Christian McCaffrey"", ""16.91"", ""35.70"", ""RB"", ""RB"", ""RB"", ""8.30"", ""10.77"", ""Tevin Coleman"", """"]",1,1,148.46,96.18
2018,12,1,3,right,The Big Gronkowski,Malle ❤️ 🐸,2018-W12-M01,Tevin Coleman,RB,RB,True,False,False,10.77,8.3,,Tevin Coleman,RB,"["""", ""Christian McCaffrey"", ""16.91"", ""35.70"", ""RB"", ""RB"", ""RB"", ""8.30"", ""10.77"", ""Tevin Coleman"", """"]",1,1,96.18,148.46
2018,12,1,4,left,Malle ❤️ 🐸,The Big Gronkowski,2018-W12-M01,Dalvin Cook,RB,RB,True,False,False,13.14,13.6,,Dalvin Cook,RB,"["""", ""Dalvin Cook"", ""13.14"", ""13.60"", ""RB"", ""RB"", ""RB"", ""7.90"", ""13.36"", ""David Johnson"", """"]",1,1,148.46,96.18
2018,12,1,4,right,The Big Gronkowski,Malle ❤️ 🐸,2018-W12-M01,David Johnson,RB,RB,True,False,False,13.36,7.9,,David Johnson,RB,"["""", ""Dalvin Cook"", ""13.14"", ""13.60"", ""RB"", ""RB"", ""RB"", ""7.90"", ""13.36"", ""David Johnson"", """"]",1,1,96.18,148.46
2018,12,1,5,left,Malle ❤️ 🐸,The Big Gronkowski,2018-W12-M01,David Njoku,TE,TE,True,False,False,6.26,12.3,,David Njoku,TE,"["""", ""David Njoku"", ""6.26"", ""12.30"", ""TE"", ""TE"", ""TE"", ""16.50"", ""5.67"", ""Eric Ebron"", """"]",1,1,148.46,96.18
2018,12,1,5,right,The Big Gronkowski,Malle ❤️ 🐸,2018-W12-M01,Eric Ebron,TE,TE,True,False,False,5.67,16.5,,Eric Ebron,TE,"["""", ""David Njoku"", ""6.26"", ""12.30"", ""TE"", ""TE"", ""TE"", ""16.50"", ""5.67"", ""Eric Ebron"", """"]",1,1,96.18,148.46
2018,12,1,6,left,Malle ❤️ 🐸,The Big Gronkowski,2018-W12-M01,Calvin Ridley,,W/R/T,True,False,False,7.01,13.3,,Calvin Ridley,W/R/T,"["""", ""Calvin Ridley"", ""7.01"", ""13.30"", ""W/R/T"", ""W/R/T"", ""W/R/T"", ""3.70"", ""7.56"", ""Sterling Shepard"", """"]",1,1,148.46,96.18
2018,12,1,6,right,The Big Gronkowski,Malle ❤️ 🐸,2018-W12-M01,Sterling Shepard,,W/R/T,True,False,False,7.56,3.7,,Sterling Shepard,W/R/T,"["""", ""Calvin Ridley"", ""7.01"", ""13.30"", ""W/R/T"", ""W/R/T"", ""W/R/T"", ""3.70"", ""7.56"", ""Sterling Shepard"", """"]",1,1,96.18,148.46
2018,12,1,7,left,Malle ❤️ 🐸,The Big Gronkowski,2018-W12-M01,Matt Bryant,K,K,True,False,False,9.99,5.0,,Matt Bryant,K,"["""", ""Matt Bryant"", ""9.99"", ""5.00"", ""K"", ""K"", ""K"", ""12.00"", ""9.47"", ""Aldrick Rosas"", """"]",1,1,148.46,96.18
2018,12,1,7,right,The Big Gronkowski,Malle ❤️ 🐸,2018-W12-M01,Aldrick Rosas,K,K,True,False,False,9.47,12.0,,Aldrick Rosas,K,"["""", ""Matt Bryant"", ""9.99"", ""5.00"", ""K"", ""K"", ""K"", ""12.00"", ""9.47"", ""Aldrick Rosas"", """"]",1,1,96.18,148.46
2018,12,1,8,left,Malle ❤️ 🐸,The Big Gronkowski,2018-W12-M01,Browns - DEF,DEF,DEF,True,False,False,6.62,8.0,,Browns - DEF,DEF,"["""", ""Browns - DEF"", ""6.62"", ""8.00"", ""DEF"", ""DEF"", ""DEF"", ""8.00"", ""9.60"", ""Chargers - DEF"", """"]",1,1,148.46,96.18
2018,12,1,8,right,The Big Gronkowski,Malle ❤️ 🐸,2018-W12-M01,Chargers - DEF,DEF,DEF,True,False,False,9.6,8.0,,Chargers - DEF,DEF,"["""", ""Browns - DEF"", ""6.62"", ""8.00"", ""DEF"", ""DEF"", ""DEF"", ""8.00"", ""9.60"", ""Chargers - DEF"", """"]",1,1,96.18,148.46
2018,12,2,0,left,Malle ❤️ 🐸,The Big Gronkowski,2018-W12-M01,Vance McDonald,,BN,False,True,False,5.68,2.7,,Vance McDonald,BN,"["""", ""Vance McDonald"", ""5.68"", ""2.70"", ""BN"", ""BN"", ""BN"", ""8.60"", ""6.66"", ""Cameron Brate"", """"]",1,1,148.46,96.18
2018,12,2,0,right,The Big Gronkowski,Malle ❤️ 🐸,2018-W12-M01,Cameron Brate,,BN,False,True,False,6.66,8.6,,Cameron Brate,BN,"["""", ""Vance McDonald"", ""5.68"", ""2.70"", ""BN"", ""BN"", ""BN"", ""8.60"", ""6.66"", ""Cameron Brate"", """"]",1,1,96.18,148.46
2018,12,2,1,left,Malle ❤️ 🐸,The Big Gronkowski,2018-W12-M01,Brandin Cooks,,BN,False,True,False,0.0,0.0,,Brandin Cooks,BN,"["""", ""Brandin Cooks"", ""0.00"", ""0.00"", ""BN"", ""BN"", ""BN"", ""21.60"", ""7.70"", ""Kenyan Drake"", """"]",1,1,148.46,96.18
2018,12,2,1,right,The Big Gronkowski,Malle ❤️ 🐸,2018-W12-M01,Kenyan Drake,,BN,False,True,False,7.7,21.6,,Kenyan Drake,BN,"["""", ""Brandin Cooks"", ""0.00"", ""0.00"", ""BN"", ""BN"", ""BN"", ""21.60"", ""7.70"", ""Kenyan Drake"", """"]",1,1,96.18,148.46
2018,12,2,2,left,Malle ❤️ 🐸,The Big Gronkowski,2018-W12-M01,Jalen Richard,,BN,False,True,False,4.21,1.6,,Jalen Richard,BN,"["""", ""Jalen Richard"", ""4.21"", ""1.60"", ""BN"", ""BN"", ""BN"", ""6.00"", ""7.35"", ""Isaiah Crowell"", """"]",1,1,148.46,96.18
2018,12,2,2,right,The Big Gronkowski,Malle ❤️ 🐸,2018-W12-M01,Isaiah Crowell,,BN,False,True,False,7.35,6.0,,Isaiah Crowell,BN,"["""", ""Jalen Richard"", ""4.21"", ""1.60"", ""BN"", ""BN"", ""BN"", ""6.00"", ""7.35"", ""Isaiah Crowell"", """"]",1,1,96.18,148.46
2018,12,2,3,left,Malle ❤️ 🐸,The Big Gronkowski,2018-W12-M01,Mitchell Trubisky,,BN,False,True,False,0.0,0.0,,Mitchell Trubisky,BN,"["""", ""Mitchell Trubisky"", ""0.00"", ""0.00"", ""BN"", ""BN"", ""BN"", ""0.50"", ""4.72"", ""Ricky Seals-Jones"", """"]",1,1,148.46,96.18
2018,12,2,3,right,The Big Gronkowski,Malle ❤️ 🐸,2018-W12-M01,Ricky Seals-Jones,,BN,False,True,False,4.72,0.5,,Ricky Seals-Jones,BN,"["""", ""Mitchell Trubisky"", ""0.00"", ""0.00"", ""BN"", ""BN"", ""BN"", ""0.50"", ""4.72"", ""Ricky Seals-Jones"", """"]",1,1,96.18,148.46
2018,12,2,4,left,Malle ❤️ 🐸,The Big Gronkowski,2018-W12-M01,Wendell Smallwood,,BN,False,True,False,1.7,0.0,,Wendell Smallwood,BN,"["""", ""Wendell Smallwood"", ""1.70"", ""0.00"", ""BN"", ""BN"", ""BN"", ""30.62"", ""26.31"", ""Andrew Luck"", """"]",1,1,148.46,96.18
2018,12,2,4,right,The Big Gronkowski,Malle ❤️ 🐸,2018-W12-M01,Andrew Luck,,BN,False,True,False,26.31,30.62,,Andrew Luck,BN,"["""", ""Wendell Smallwood"", ""1.70"", ""0.00"", ""BN"", ""BN"", ""BN"", ""30.62"", ""26.31"", ""Andrew Luck"", """"]",1,1,96.18,148.46
2018,12,2,5,left,Malle ❤️ 🐸,The Big Gronkowski,2018-W12-M01,Saints - DEF,,BN,False,True,False,5.9,15.0,,Saints - DEF,BN,"["""", ""Saints - DEF"", ""5.90"", ""15.00"", ""BN"", ""BN"", ""BN"", ""–"", ""0.00"", ""Harrison Butker"", """"]",1,1,148.46,96.18
2018,12,2,5,right,The Big Gronkowski,Malle ❤️ 🐸,2018-W12-M01,Harrison Butker,,BN,False,True,False,0.0,,,Harrison Butker,BN,"["""", ""Saints - DEF"", ""5.90"", ""15.00"", ""BN"", ""BN"", ""BN"", ""–"", ""0.00"", ""Harrison Butker"", """"]",1,1,96.18,148.46
2018,12,1,0,left,Week 12 Recap (Won),Voldemort,2018-W12-M02,Tom Brady,QB,QB,True,False,False,24.61,23.22,,Tom Brady,QB,"["""", ""Tom Brady"", ""24.61"", ""23.22"", ""QB"", ""QB"", ""QB"", ""7.44"", ""20.12"", ""Matthew Stafford"", """"]",2,3,106.22,61.04
2018,12,1,0,right,Voldemort,Week 12 Recap (Won),2018-W12-M02,Matthew Stafford,QB,QB,True,False,False,20.12,7.44,,Matthew Stafford,QB,"["""", ""Tom Brady"", ""24.61"", ""23.22"", ""QB"", ""QB"", ""QB"", ""7.44"", ""20.12"", ""Matthew Stafford"", """"]",2,3,61.04,106.22
2018,12,1,1,left,Week 12 Recap (Won),Voldemort,2018-W12-M02,Stefon Diggs,WR,WR,True,False,False,12.47,14.9,,Stefon Diggs,WR,"["""", ""Stefon Diggs"", ""12.47"", ""14.90"", ""WR"", ""WR"", ""WR"", ""3.00"", ""9.01"", ""Jarvis Landry"", """"]",2,3,106.22,61.04
2018,12,1,1,right,Voldemort,Week 12 Recap (Won),2018-W12-M02,Jarvis Landry,WR,WR,True,False,False,9.01,3.0,,Jarvis Landry,WR,"["""", ""Stefon Diggs"", ""12.47"", ""14.90"", ""WR"", ""WR"", ""WR"", ""3.00"", ""9.01"", ""Jarvis Landry"", """"]",2,3,61.04,106.22
2018,12,1,2,left,Week 12 Recap (Won),Voldemort,2018-W12-M02,Julian Edelman,WR,WR,True,False,False,9.5,14.4,,Julian Edelman,WR,"["""", ""Julian Edelman"", ""9.50"", ""14.40"", ""WR"", ""WR"", ""WR"", ""4.20"", ""6.95"", ""Chris Godwin Jr."", """"]",2,3,106.22,61.04
2018,12,1,2,right,Voldemort,Week 12 Recap (Won),2018-W12-M02,Chris Godwin Jr.,WR,WR,True,False,False,6.95,4.2,,Chris Godwin Jr.,WR,"["""", ""Julian Edelman"", ""9.50"", ""14.40"", ""WR"", ""WR"", ""WR"", ""4.20"", ""6.95"", ""Chris Godwin Jr."", """"]",2,3,61.04,106.22
2018,12,1,3,left,Week 12 Recap (Won),Voldemort,2018-W12-M02,James Conner,RB,RB,True,False,False,15.99,7.5,,James Conner,RB,"["""", ""James Conner"", ""15.99"", ""7.50"", ""RB"", ""RB"", ""RB"", ""9.80"", ""17.98"", ""Alvin Kamara"", """"]",2,3,106.22,61.04
2018,12,1,3,right,Voldemort,Week 12 Recap (Won),2018-W12-M02,Alvin Kamara,RB,RB,True,False,False,17.98,9.8,,Alvin Kamara,RB,"["""", ""James Conner"", ""15.99"", ""7.50"", ""RB"", ""RB"", ""RB"", ""9.80"", ""17.98"", ""Alvin Kamara"", """"]",2,3,61.04,106.22
2018,12,1,4,left,Week 12 Recap (Won),Voldemort,2018-W12-M02,Marlon Mack,RB,RB,True,False,False,13.29,9.6,,Marlon Mack,RB,"["""", ""Marlon Mack"", ""13.29"", ""9.60"", ""RB"", ""RB"", ""RB"", ""2.90"", ""5.17"", ""Derrick Henry"", """"]",2,3,106.22,61.04
2018,12,1,4,right,Voldemort,Week 12 Recap (Won),2018-W12-M02,Derrick Henry,RB,RB,True,False,False,5.17,2.9,,Derrick Henry,RB,"["""", ""Marlon Mack"", ""13.29"", ""9.60"", ""RB"", ""RB"", ""RB"", ""2.90"", ""5.17"", ""Derrick Henry"", """"]",2,3,61.04,106.22
2018,12,1,5,left,Week 12 Recap (Won),Voldemort,2018-W12-M02,Rob Gronkowski,TE,TE,True,False,False,8.6,11.6,,Rob Gronkowski,TE,"["""", ""Rob Gronkowski"", ""8.60"", ""11.60"", ""TE"", ""TE"", ""TE"", ""2.20"", ""4.16"", ""Nick Vannett"", """"]",2,3,106.22,61.04
2018,12,1,5,right,Voldemort,Week 12 Recap (Won),2018-W12-M02,Nick Vannett,TE,TE,True,False,False,4.16,2.2,,Nick Vannett,TE,"["""", ""Rob Gronkowski"", ""8.60"", ""11.60"", ""TE"", ""TE"", ""TE"", ""2.20"", ""4.16"", ""Nick Vannett"", """"]",2,3,61.04,106.22
2018,12,1,6,left,Week 12 Recap (Won),Voldemort,2018-W12-M02,Matt Breida,,W/R/T,True,False,False,13.78,14.0,,Matt Breida,W/R/T,"["""", ""Matt Breida"", ""13.78"", ""14.00"", ""W/R/T"", ""W/R/T"", ""W/R/T"", ""20.50"", ""11.24"", ""Sony Michel"", """"]",2,3,106.22,61.04
2018,12,1,6,right,Voldemort,Week 12 Recap (Won),2018-W12-M02,Sony Michel,,W/R/T,True,False,False,11.24,20.5,,Sony Michel,W/R/T,"["""", ""Matt Breida"", ""13.78"", ""14.00"", ""W/R/T"", ""W/R/T"", ""W/R/T"", ""20.50"", ""11.24"", ""Sony Michel"", """"]",2,3,61.04,106.22
2018,12,1,7,left,Week 12 Recap (Won),Voldemort,2018-W12-M02,Robbie Gould,K,K,True,False,False,9.19,3.0,,Robbie Gould,K,"["""", ""Robbie Gould"", ""9.19"", ""3.00"", ""K"", ""K"", ""K"", ""4.00"", ""9.46"", ""Matt Prater"", """"]",2,3,106.22,61.04
2018,12,1,7,right,Voldemort,Week 12 Recap (Won),2018-W12-M02,Matt Prater,K,K,True,False,False,9.46,4.0,,Matt Prater,K,"["""", ""Robbie Gould"", ""9.19"", ""3.00"", ""K"", ""K"", ""K"", ""4.00"", ""9.46"", ""Matt Prater"", """"]",2,3,61.04,106.22
2018,12,1,8,left,Week 12 Recap (Won),Voldemort,2018-W12-M02,Patriots - DEF,DEF,DEF,True,False,False,9.24,8.0,,Patriots - DEF,DEF,"["""", ""Patriots - DEF"", ""9.24"", ""8.00"", ""DEF"", ""DEF"", ""DEF"", ""7.00"", ""6.15"", ""Vikings - DEF"", """"]",2,3,106.22,61.04
2018,12,1,8,right,Voldemort,Week 12 Recap (Won),2018-W12-M02,Vikings - DEF,DEF,DEF,True,False,False,6.15,7.0,,Vikings - DEF,DEF,"["""", ""Patriots - DEF"", ""9.24"", ""8.00"", ""DEF"", ""DEF"", ""DEF"", ""7.00"", ""6.15"", ""Vikings - DEF"", """"]",2,3,61.04,106.22
2018,12,2,0,left,Week 12 Recap (Won),Voldemort,2018-W12-M02,Greg Olsen,,BN,False,True,False,7.04,1.1,,Greg Olsen,BN,"["""", ""Greg Olsen"", ""7.04"", ""1.10"", ""BN"", ""BN"", ""BN"", ""–"", ""0.00"", ""Travis Kelce"", """"]",2,3,106.22,61.04
2018,12,2,0,right,Voldemort,Week 12 Recap (Won),2018-W12-M02,Travis Kelce,,BN,False,True,False,0.0,,,Travis Kelce,BN,"["""", ""Greg Olsen"", ""7.04"", ""1.10"", ""BN"", ""BN"", ""BN"", ""–"", ""0.00"", ""Travis Kelce"", """"]",2,3,61.04,106.22
2018,12,2,1,left,Week 12 Recap (Won),Voldemort,2018-W12-M02,Dak Prescott,,BN,False,True,False,20.63,31.36,,Dak Prescott,BN,"["""", ""Dak Prescott"", ""20.63"", ""31.36"", ""BN"", ""BN"", ""BN"", ""3.30"", ""4.16"", ""Latavius Murray"", """"]",2,3,106.22,61.04
2018,12,2,1,right,Voldemort,Week 12 Recap (Won),2018-W12-M02,Latavius Murray,,BN,False,True,False,4.16,3.3,,Latavius Murray,BN,"["""", ""Dak Prescott"", ""20.63"", ""31.36"", ""BN"", ""BN"", ""BN"", ""3.30"", ""4.16"", ""Latavius Murray"", """"]",2,3,61.04,106.22
2018,12,2,2,left,Week 12 Recap (Won),Voldemort,2018-W12-M02,Gus Edwards,,BN,False,True,False,11.55,11.8,,Gus Edwards,BN,"["""", ""Gus Edwards"", ""11.55"", ""11.80"", ""BN"", ""BN"", ""BN"", ""0.00"", ""0.00"", ""Robert Woods"", """"]",2,3,106.22,61.04
2018,12,2,2,right,Voldemort,Week 12 Recap (Won),2018-W12-M02,Robert Woods,,BN,False,True,False,0.0,0.0,,Robert Woods,BN,"["""", ""Gus Edwards"", ""11.55"", ""11.80"", ""BN"", ""BN"", ""BN"", ""0.00"", ""0.00"", ""Robert Woods"", """"]",2,3,61.04,106.22
2018,12,2,3,left,Week 12 Recap (Won),Voldemort,2018-W12-M02,Lamar Jackson,,BN,False,True,False,22.53,24.22,,Lamar Jackson,BN,"["""", ""Lamar Jackson"", ""22.53"", ""24.22"", ""BN"", ""BN"", ""BN"", ""0.00"", ""0.00"", ""Tyreek Hill"", """"]",2,3,106.22,61.04
2018,12,2,3,right,Voldemort,Week 12 Recap (Won),2018-W12-M02,Tyreek Hill,,BN,False,True,False,0.0,0.0,,Tyreek Hill,BN,"["""", ""Lamar Jackson"", ""22.53"", ""24.22"", ""BN"", ""BN"", ""BN"", ""0.00"", ""0.00"", ""Tyreek Hill"", """"]",2,3,61.04,106.22
2018,12,2,4,left,Week 12 Recap (Won),Voldemort,2018-W12-M02,Greg Zuerlein,,BN,False,True,False,0.0,0.0,,Greg Zuerlein,BN,"["""", ""Greg Zuerlein"", ""0.00"", ""0.00"", ""BN"", ""BN"", ""BN"", ""11.76"", ""17.29"", ""Derek Carr"", """"]",2,3,106.22,61.04
2018,12,2,4,right,Voldemort,Week 12 Recap (Won),2018-W12-M02,Derek Carr,,BN,False,True,False,17.29,11.76,,Derek Carr,BN,"["""", ""Greg Zuerlein"", ""0.00"", ""0.00"", ""BN"", ""BN"", ""BN"", ""11.76"", ""17.29"", ""Derek Carr"", """"]",2,3,61.04,106.22
2018,12,2,5,left,Week 12 Recap (Won),Voldemort,2018-W12-M02,Packers - DEF,,BN,False,True,False,5.53,2.0,,Packers - DEF,BN,"["""", ""Packers - DEF"", ""5.53"", ""2.00"", ""BN"", ""BN"", ""BN"", ""22.30"", ""6.86"", ""LeGarrette Blount"", """"]",2,3,106.22,61.04
2018,12,2,5,right,Voldemort,Week 12 Recap (Won),2018-W12-M02,LeGarrette Blount,,BN,False,True,False,6.86,22.3,,LeGarrette Blount,BN,"["""", ""Packers - DEF"", ""5.53"", ""2.00"", ""BN"", ""BN"", ""BN"", ""22.30"", ""6.86"", ""LeGarrette Blount"", """"]",2,3,61.04,106.22
2018,12,1,0,left,Joe Mantegna,Uncle Rico,2018-W12-M03,Aaron Rodgers,QB,QB,True,False,False,24.71,13.92,,Aaron Rodgers,QB,"["""", ""Aaron Rodgers"", ""24.71"", ""13.92"", ""QB"", ""QB"", ""QB"", ""–"", ""0.00"", ""Patrick Mahomes"", """"]",3,4,83.2,67.8
2018,12,1,0,right,Uncle Rico,Joe Mantegna,2018-W12-M03,Patrick Mahomes,QB,QB,True,False,False,0.0,,,Patrick Mahomes,QB,"["""", ""Aaron Rodgers"", ""24.71"", ""13.92"", ""QB"", ""QB"", ""QB"", ""–"", ""0.00"", ""Patrick Mahomes"", """"]",3,4,67.8,83.2
2018,12,1,1,left,Joe Mantegna,Uncle Rico,2018-W12-M03,Keenan Allen,WR,WR,True,False,False,10.9,13.2,,Keenan Allen,WR,"["""", ""Keenan Allen"", ""10.90"", ""13.20"", ""WR"", ""WR"", ""WR"", ""12.80"", ""13.96"", ""Julio Jones"", """"]",3,4,83.2,67.8
2018,12,1,1,right,Uncle Rico,Joe Mantegna,2018-W12-M03,Julio Jones,WR,WR,True,False,False,13.96,12.8,,Julio Jones,WR,"["""", ""Keenan Allen"", ""10.90"", ""13.20"", ""WR"", ""WR"", ""WR"", ""12.80"", ""13.96"", ""Julio Jones"", """"]",3,4,67.8,83.2
2018,12,1,2,left,Joe Mantegna,Uncle Rico,2018-W12-M03,Tyler Boyd,WR,WR,True,False,False,9.58,14.5,,Tyler Boyd,WR,"["""", ""Tyler Boyd"", ""9.58"", ""14.50"", ""WR"", ""WR"", ""WR"", ""0.30"", ""7.02"", ""M. Valdes-Scantling"", """"]",3,4,83.2,67.8
2018,12,1,2,right,Uncle Rico,Joe Mantegna,2018-W12-M03,M. Valdes-Scantling,WR,WR,True,False,False,7.02,0.3,,M. Valdes-Scantling,WR,"["""", ""Tyler Boyd"", ""9.58"", ""14.50"", ""WR"", ""WR"", ""WR"", ""0.30"", ""7.02"", ""M. Valdes-Scantling"", """"]",3,4,67.8,83.2
2018,12,1,3,left,Joe Mantegna,Uncle Rico,2018-W12-M03,Aaron Jones Sr.,RB,RB,True,False,False,12.13,15.3,,Aaron Jones Sr.,RB,"["""", ""Aaron Jones Sr."", ""12.13"", ""15.30"", ""RB"", ""RB"", ""RB"", ""0.70"", ""6.85"", ""Ito Smith"", """"]",3,4,83.2,67.8
2018,12,1,3,right,Uncle Rico,Joe Mantegna,2018-W12-M03,Ito Smith,RB,RB,True,False,False,6.85,0.7,,Ito Smith,RB,"["""", ""Aaron Jones Sr."", ""12.13"", ""15.30"", ""RB"", ""RB"", ""RB"", ""0.70"", ""6.85"", ""Ito Smith"", """"]",3,4,67.8,83.2
2018,12,1,4,left,Joe Mantegna,Uncle Rico,2018-W12-M03,Chris Carson,RB,RB,True,False,False,10.59,12.3,,Chris Carson,RB,"["""", ""Chris Carson"", ""10.59"", ""12.30"", ""RB"", ""RB"", ""RB"", ""26.20"", ""18.90"", ""Saquon Barkley"", """"]",3,4,83.2,67.8
2018,12,1,4,right,Uncle Rico,Joe Mantegna,2018-W12-M03,Saquon Barkley,RB,RB,True,False,False,18.9,26.2,,Saquon Barkley,RB,"["""", ""Chris Carson"", ""10.59"", ""12.30"", ""RB"", ""RB"", ""RB"", ""26.20"", ""18.90"", ""Saquon Barkley"", """"]",3,4,67.8,83.2
2018,12,1,5,left,Joe Mantegna,Uncle Rico,2018-W12-M03,Ben Watson,TE,TE,True,False,False,4.92,2.0,,Ben Watson,TE,"["""", ""Ben Watson"", ""4.92"", ""2.00"", ""TE"", ""TE"", ""TE"", ""5.80"", ""8.95"", ""George Kittle"", """"]",3,4,83.2,67.8
2018,12,1,5,right,Uncle Rico,Joe Mantegna,2018-W12-M03,George Kittle,TE,TE,True,False,False,8.95,5.8,,George Kittle,TE,"["""", ""Ben Watson"", ""4.92"", ""2.00"", ""TE"", ""TE"", ""TE"", ""5.80"", ""8.95"", ""George Kittle"", """"]",3,4,67.8,83.2
2018,12,1,6,left,Joe Mantegna,Uncle Rico,2018-W12-M03,Doug Baldwin,,W/R/T,True,False,False,6.76,3.9,,Doug Baldwin,W/R/T,"["""", ""Doug Baldwin"", ""6.76"", ""3.90"", ""W/R/T"", ""W/R/T"", ""W/R/T"", ""–"", ""0.00"", ""(Empty)"", """"]",3,4,83.2,67.8
2018,12,1,6,right,Uncle Rico,Joe Mantegna,2018-W12-M03,(Empty),,W/R/T,True,False,False,0.0,,,(Empty),W/R/T,"["""", ""Doug Baldwin"", ""6.76"", ""3.90"", ""W/R/T"", ""W/R/T"", ""W/R/T"", ""–"", ""0.00"", ""(Empty)"", """"]",3,4,67.8,83.2
2018,12,1,7,left,Joe Mantegna,Uncle Rico,2018-W12-M03,Chris Boswell,K,K,True,False,False,9.3,12.08,,Chris Boswell,K,"["""", ""Chris Boswell"", ""9.30"", ""12.08"", ""K"", ""K"", ""K"", ""9.00"", ""11.31"", ""Stephen Gostkowski"", """"]",3,4,83.2,67.8
2018,12,1,7,right,Uncle Rico,Joe Mantegna,2018-W12-M03,Stephen Gostkowski,K,K,True,False,False,11.31,9.0,,Stephen Gostkowski,K,"["""", ""Chris Boswell"", ""9.30"", ""12.08"", ""K"", ""K"", ""K"", ""9.00"", ""11.31"", ""Stephen Gostkowski"", """"]",3,4,67.8,83.2
2018,12,1,8,left,Joe Mantegna,Uncle Rico,2018-W12-M03,Bengals - DEF,DEF,DEF,True,False,False,6.58,-4.0,,Bengals - DEF,DEF,"["""", ""Bengals - DEF"", ""6.58"", ""-4.00"", ""DEF"", ""DEF"", ""DEF"", ""13.00"", ""8.14"", ""Bears - DEF"", """"]",3,4,83.2,67.8
2018,12,1,8,right,Uncle Rico,Joe Mantegna,2018-W12-M03,Bears - DEF,DEF,DEF,True,False,False,8.14,13.0,,Bears - DEF,DEF,"["""", ""Bengals - DEF"", ""6.58"", ""-4.00"", ""DEF"", ""DEF"", ""DEF"", ""13.00"", ""8.14"", ""Bears - DEF"", """"]",3,4,67.8,83.2
2018,12,2,0,left,Joe Mantegna,Uncle Rico,2018-W12-M03,Todd Gurley,,BN,False,True,False,0.0,0.0,,Todd Gurley,BN,"["""", ""Todd Gurley"", ""0.00"", ""0.00"", ""BN"", ""BN"", ""BN"", ""9.20"", ""5.75"", ""Jared Cook"", """"]",3,4,83.2,67.8
2018,12,2,0,right,Uncle Rico,Joe Mantegna,2018-W12-M03,Jared Cook,,BN,False,True,False,5.75,9.2,,Jared Cook,BN,"["""", ""Todd Gurley"", ""0.00"", ""0.00"", ""BN"", ""BN"", ""BN"", ""9.20"", ""5.75"", ""Jared Cook"", """"]",3,4,67.8,83.2
2018,12,2,1,left,Joe Mantegna,Uncle Rico,2018-W12-M03,Chris Hogan,,BN,False,True,False,4.37,4.7,,Chris Hogan,BN,"["""", ""Chris Hogan"", ""4.37"", ""4.70"", ""BN"", ""BN"", ""BN"", ""7.70"", ""4.49"", ""Frank Gore"", """"]",3,4,83.2,67.8
2018,12,2,1,right,Uncle Rico,Joe Mantegna,2018-W12-M03,Frank Gore,,BN,False,True,False,4.49,7.7,,Frank Gore,BN,"["""", ""Chris Hogan"", ""4.37"", ""4.70"", ""BN"", ""BN"", ""BN"", ""7.70"", ""4.49"", ""Frank Gore"", """"]",3,4,67.8,83.2
2018,12,2,2,left,Joe Mantegna,Uncle Rico,2018-W12-M03,Javorius Allen,,BN,False,True,False,2.79,0.2,,Javorius Allen,BN,"["""", ""Javorius Allen"", ""2.79"", ""0.20"", ""BN"", ""BN"", ""BN"", ""0.00"", ""4.84"", ""Keelan Cole Sr."", """"]",3,4,83.2,67.8
2018,12,2,2,right,Uncle Rico,Joe Mantegna,2018-W12-M03,Keelan Cole Sr.,,BN,False,True,False,4.84,0.0,,Keelan Cole Sr.,BN,"["""", ""Javorius Allen"", ""2.79"", ""0.20"", ""BN"", ""BN"", ""BN"", ""0.00"", ""4.84"", ""Keelan Cole Sr."", """"]",3,4,67.8,83.2
2018,12,2,3,left,Joe Mantegna,Uncle Rico,2018-W12-M03,Blake Bortles,,BN,False,True,False,17.43,12.98,,Blake Bortles,BN,"["""", ""Blake Bortles"", ""17.43"", ""12.98"", ""BN"", ""BN"", ""BN"", ""33.40"", ""23.68"", ""Deshaun Watson"", """"]",3,4,83.2,67.8
2018,12,2,3,right,Uncle Rico,Joe Mantegna,2018-W12-M03,Deshaun Watson,,BN,False,True,False,23.68,33.4,,Deshaun Watson,BN,"["""", ""Blake Bortles"", ""17.43"", ""12.98"", ""BN"", ""BN"", ""BN"", ""33.40"", ""23.68"", ""Deshaun Watson"", """"]",3,4,67.8,83.2
2018,12,2,4,left,Joe Mantegna,Uncle Rico,2018-W12-M03,Kenny Stills,,BN,False,True,False,6.99,0.6,,Kenny Stills,BN,"["""", ""Kenny Stills"", ""6.99"", ""0.60"", ""BN"", ""BN"", ""BN"", ""1.50"", ""10.47"", ""Jordan Howard"", """"]",3,4,83.2,67.8
2018,12,2,4,right,Uncle Rico,Joe Mantegna,2018-W12-M03,Jordan Howard,,BN,False,True,False,10.47,1.5,,Jordan Howard,BN,"["""", ""Kenny Stills"", ""6.99"", ""0.60"", ""BN"", ""BN"", ""BN"", ""1.50"", ""10.47"", ""Jordan Howard"", """"]",3,4,67.8,83.2
2018,12,2,5,left,Joe Mantegna,Uncle Rico,2018-W12-M03,Duke Johnson,,BN,False,True,False,7.5,3.9,,Duke Johnson,BN,"["""", ""Duke Johnson"", ""7.50"", ""3.90"", ""BN"", ""BN"", ""BN"", ""0.00"", ""0.00"", ""Marvin Jones Jr."", """"]",3,4,83.2,67.8
2018,12,2,5,right,Uncle Rico,Joe Mantegna,2018-W12-M03,Marvin Jones Jr.,,BN,False,True,False,0.0,0.0,,Marvin Jones Jr.,BN,"["""", ""Duke Johnson"", ""7.50"", ""3.90"", ""BN"", ""BN"", ""BN"", ""0.00"", ""0.00"", ""Marvin Jones Jr."", """"]",3,4,67.8,83.2
2018,12,2,6,left,Joe Mantegna,Uncle Rico,2018-W12-M03,(Empty),,BN,False,True,False,0.0,,,(Empty),BN,"["""", ""(Empty)"", ""0.00"", ""–"", ""BN"", ""BN"", ""BN"", ""0.00"", ""8.60"", ""Jaguars - DEF"", """"]",3,4,83.2,67.8
2018,12,2,6,right,Uncle Rico,Joe Mantegna,2018-W12-M03,Jaguars - DEF,,BN,False,True,False,8.6,0.0,,Jaguars - DEF,BN,"["""", ""(Empty)"", ""0.00"", ""–"", ""BN"", ""BN"", ""BN"", ""0.00"", ""8.60"", ""Jaguars - DEF"", """"]",3,4,67.8,83.2
2018,12,1,0,left,Week 12 Recap (Lost),Dillon Panthers,2018-W12-M04,Drew Brees,QB,QB,True,False,False,29.36,29.44,,Drew Brees,QB,"["""", ""Drew Brees"", ""29.36"", ""29.44"", ""QB"", ""QB"", ""QB"", ""25.96"", ""22.73"", ""Russell Wilson"", """"]",4,5,92.24,95.26
2018,12,1,0,right,Dillon Panthers,Week 12 Recap (Lost),2018-W12-M04,Russell Wilson,QB,QB,True,False,False,22.73,25.96,,Russell Wilson,QB,"["""", ""Drew Brees"", ""29.36"", ""29.44"", ""QB"", ""QB"", ""QB"", ""25.96"", ""22.73"", ""Russell Wilson"", """"]",4,5,95.26,92.24
2018,12,1,1,left,Week 12 Recap (Lost),Dillon Panthers,2018-W12-M04,Antonio Brown,WR,WR,True,False,False,12.94,6.7,,Antonio Brown,WR,"["""", ""Antonio Brown"", ""12.94"", ""6.70"", ""WR"", ""WR"", ""WR"", ""9.00"", ""9.99"", ""Kenny Golladay"", """"]",4,5,92.24,95.26
2018,12,1,1,right,Dillon Panthers,Week 12 Recap (Lost),2018-W12-M04,Kenny Golladay,WR,WR,True,False,False,9.99,9.0,,Kenny Golladay,WR,"["""", ""Antonio Brown"", ""12.94"", ""6.70"", ""WR"", ""WR"", ""WR"", ""9.00"", ""9.99"", ""Kenny Golladay"", """"]",4,5,95.26,92.24
2018,12,1,2,left,Week 12 Recap (Lost),Dillon Panthers,2018-W12-M04,Tyler Lockett,WR,WR,True,False,False,7.28,16.5,,Tyler Lockett,WR,"["""", ""Tyler Lockett"", ""7.28"", ""16.50"", ""WR"", ""WR"", ""WR"", ""3.70"", ""7.91"", ""Allen Robinson"", """"]",4,5,92.24,95.26
2018,12,1,2,right,Dillon Panthers,Week 12 Recap (Lost),2018-W12-M04,Allen Robinson,WR,WR,True,False,False,7.91,3.7,,Allen Robinson,WR,"["""", ""Tyler Lockett"", ""7.28"", ""16.50"", ""WR"", ""WR"", ""WR"", ""3.70"", ""7.91"", ""Allen Robinson"", """"]",4,5,95.26,92.24
2018,12,1,3,left,Week 12 Recap (Lost),Dillon Panthers,2018-W12-M04,Tarik Cohen,RB,RB,True,False,False,9.84,11.9,,Tarik Cohen,RB,"["""", ""Tarik Cohen"", ""9.84"", ""11.90"", ""RB"", ""RB"", ""RB"", ""12.30"", ""9.88"", ""Peyton Barber"", """"]",4,5,92.24,95.26
2018,12,1,3,right,Dillon Panthers,Week 12 Recap (Lost),2018-W12-M04,Peyton Barber,RB,RB,True,False,False,9.88,12.3,,Peyton Barber,RB,"["""", ""Tarik Cohen"", ""9.84"", ""11.90"", ""RB"", ""RB"", ""RB"", ""12.30"", ""9.88"", ""Peyton Barber"", """"]",4,5,95.26,92.24
2018,12,1,4,left,Week 12 Recap (Lost),Dillon Panthers,2018-W12-M04,Carlos Hyde,RB,RB,True,False,False,2.46,3.3,,Carlos Hyde,RB,"["""", ""Carlos Hyde"", ""2.46"", ""3.30"", ""RB"", ""RB"", ""RB"", ""17.00"", ""11.50"", ""Phillip Lindsay"", """"]",4,5,92.24,95.26
2018,12,1,4,right,Dillon Panthers,Week 12 Recap (Lost),2018-W12-M04,Phillip Lindsay,RB,RB,True,False,False,11.5,17.0,,Phillip Lindsay,RB,"["""", ""Carlos Hyde"", ""2.46"", ""3.30"", ""RB"", ""RB"", ""RB"", ""17.00"", ""11.50"", ""Phillip Lindsay"", """"]",4,5,95.26,92.24
2018,12,1,5,left,Week 12 Recap (Lost),Dillon Panthers,2018-W12-M04,Trey Burton,TE,TE,True,False,False,5.93,0.8,,Trey Burton,TE,"["""", ""Trey Burton"", ""5.93"", ""0.80"", ""TE"", ""TE"", ""TE"", ""7.50"", ""6.41"", ""Jordan Reed"", """"]",4,5,92.24,95.26
2018,12,1,5,right,Dillon Panthers,Week 12 Recap (Lost),2018-W12-M04,Jordan Reed,TE,TE,True,False,False,6.41,7.5,,Jordan Reed,TE,"["""", ""Trey Burton"", ""5.93"", ""0.80"", ""TE"", ""TE"", ""TE"", ""7.50"", ""6.41"", ""Jordan Reed"", """"]",4,5,95.26,92.24
2018,12,1,6,left,Week 12 Recap (Lost),Dillon Panthers,2018-W12-M04,Emmanuel Sanders,,W/R/T,True,False,False,9.04,14.6,,Emmanuel Sanders,W/R/T,"["""", ""Emmanuel Sanders"", ""9.04"", ""14.60"", ""W/R/T"", ""W/R/T"", ""W/R/T"", ""9.80"", ""7.83"", ""DJ Moore"", """"]",4,5,92.24,95.26
2018,12,1,6,right,Dillon Panthers,Week 12 Recap (Lost),2018-W12-M04,DJ Moore,,W/R/T,True,False,False,7.83,9.8,,DJ Moore,W/R/T,"["""", ""Emmanuel Sanders"", ""9.04"", ""14.60"", ""W/R/T"", ""W/R/T"", ""W/R/T"", ""9.80"", ""7.83"", ""DJ Moore"", """"]",4,5,95.26,92.24
2018,12,1,7,left,Week 12 Recap (Lost),Dillon Panthers,2018-W12-M04,Mason Crosby,K,K,True,False,False,8.33,5.0,,Mason Crosby,K,"["""", ""Mason Crosby"", ""8.33"", ""5.00"", ""K"", ""K"", ""K"", ""7.00"", ""11.69"", ""Wil Lutz"", """"]",4,5,92.24,95.26
2018,12,1,7,right,Dillon Panthers,Week 12 Recap (Lost),2018-W12-M04,Wil Lutz,K,K,True,False,False,11.69,7.0,,Wil Lutz,K,"["""", ""Mason Crosby"", ""8.33"", ""5.00"", ""K"", ""K"", ""K"", ""7.00"", ""11.69"", ""Wil Lutz"", """"]",4,5,95.26,92.24
2018,12,1,8,left,Week 12 Recap (Lost),Dillon Panthers,2018-W12-M04,Eagles - DEF,DEF,DEF,True,False,False,7.63,4.0,,Eagles - DEF,DEF,"["""", ""Eagles - DEF"", ""7.63"", ""4.00"", ""DEF"", ""DEF"", ""DEF"", ""3.00"", ""7.97"", ""Colts - DEF"", """"]",4,5,92.24,95.26
2018,12,1,8,right,Dillon Panthers,Week 12 Recap (Lost),2018-W12-M04,Colts - DEF,DEF,DEF,True,False,False,7.97,3.0,,Colts - DEF,DEF,"["""", ""Eagles - DEF"", ""7.63"", ""4.00"", ""DEF"", ""DEF"", ""DEF"", ""3.00"", ""7.97"", ""Colts - DEF"", """"]",4,5,95.26,92.24
2018,12,2,0,left,Week 12 Recap (Lost),Dillon Panthers,2018-W12-M04,Alex Collins,,BN,False,True,False,0.0,0.0,,Alex Collins,BN,"["""", ""Alex Collins"", ""0.00"", ""0.00"", ""BN"", ""BN"", ""BN"", ""0.00"", ""6.13"", ""Tyrell Williams"", """"]",4,5,92.24,95.26
2018,12,2,0,right,Dillon Panthers,Week 12 Recap (Lost),2018-W12-M04,Tyrell Williams,,BN,False,True,False,6.13,0.0,,Tyrell Williams,BN,"["""", ""Alex Collins"", ""0.00"", ""0.00"", ""BN"", ""BN"", ""BN"", ""0.00"", ""6.13"", ""Tyrell Williams"", """"]",4,5,95.26,92.24
2018,12,2,1,left,Week 12 Recap (Lost),Dillon Panthers,2018-W12-M04,A.J. Green,,BN,False,True,False,0.0,0.0,,A.J. Green,BN,"["""", ""A.J. Green"", ""0.00"", ""0.00"", ""BN"", ""BN"", ""BN"", ""15.24"", ""24.72"", ""Carson Wentz"", """"]",4,5,92.24,95.26
2018,12,2,1,right,Dillon Panthers,Week 12 Recap (Lost),2018-W12-M04,Carson Wentz,,BN,False,True,False,24.72,15.24,,Carson Wentz,BN,"["""", ""A.J. Green"", ""0.00"", ""0.00"", ""BN"", ""BN"", ""BN"", ""15.24"", ""24.72"", ""Carson Wentz"", """"]",4,5,95.26,92.24
2018,12,2,2,left,Week 12 Recap (Lost),Dillon Panthers,2018-W12-M04,Kerryon Johnson,,BN,False,True,False,0.0,0.0,,Kerryon Johnson,BN,"["""", ""Kerryon Johnson"", ""0.00"", ""0.00"", ""BN"", ""BN"", ""BN"", ""3.30"", ""4.00"", ""T.J. Yeldon"", """"]",4,5,92.24,95.26
2018,12,2,2,right,Dillon Panthers,Week 12 Recap (Lost),2018-W12-M04,T.J. Yeldon,,BN,False,True,False,4.0,3.3,,T.J. Yeldon,BN,"["""", ""Kerryon Johnson"", ""0.00"", ""0.00"", ""BN"", ""BN"", ""BN"", ""3.30"", ""4.00"", ""T.J. Yeldon"", """"]",4,5,95.26,92.24
2018,12,2,3,left,Week 12 Recap (Lost),Dillon Panthers,2018-W12-M04,Austin Hooper,,BN,False,True,False,6.75,3.1,,Austin Hooper,BN,"["""", ""Austin Hooper"", ""6.75"", ""3.10"", ""BN"", ""BN"", ""BN"", ""1.30"", ""6.48"", ""Danny Amendola"", """"]",4,5,92.24,95.26
2018,12,2,3,right,Dillon Panthers,Week 12 Recap (Lost),2018-W12-M04,Danny Amendola,,BN,False,True,False,6.48,1.3,,Danny Amendola,BN,"["""", ""Austin Hooper"", ""6.75"", ""3.10"", ""BN"", ""BN"", ""BN"", ""1.30"", ""6.48"", ""Danny Amendola"", """"]",4,5,95.26,92.24
2018,12,2,4,left,Week 12 Recap (Lost),Dillon Panthers,2018-W12-M04,Mohamed Sanu,,BN,False,True,False,7.27,7.7,,Mohamed Sanu,BN,"["""", ""Mohamed Sanu"", ""7.27"", ""7.70"", ""BN"", ""BN"", ""BN"", ""15.80"", ""6.29"", ""Demaryius Thomas"", """"]",4,5,92.24,95.26
2018,12,2,4,right,Dillon Panthers,Week 12 Recap (Lost),2018-W12-M04,Demaryius Thomas,,BN,False,True,False,6.29,15.8,,Demaryius Thomas,BN,"["""", ""Mohamed Sanu"", ""7.27"", ""7.70"", ""BN"", ""BN"", ""BN"", ""15.80"", ""6.29"", ""Demaryius Thomas"", """"]",4,5,95.26,92.24
2018,12,2,5,left,Week 12 Recap (Lost),Dillon Panthers,2018-W12-M04,Steelers - DEF,,BN,False,True,False,7.2,2.0,,Steelers - DEF,BN,"["""", ""Steelers - DEF"", ""7.20"", ""2.00"", ""BN"", ""BN"", ""BN"", ""3.00"", ""5.60"", ""Commanders - DEF"", """"]",4,5,92.24,95.26
2018,12,2,5,right,Dillon Panthers,Week 12 Recap (Lost),2018-W12-M04,Commanders - DEF,,BN,False,True,False,5.6,3.0,,Commanders - DEF,BN,"["""", ""Steelers - DEF"", ""7.20"", ""2.00"", ""BN"", ""BN"", ""BN"", ""3.00"", ""5.60"", ""Commanders - DEF"", """"]",4,5,95.26,92.24
2018,12,1,0,left,Week 12 Recap (Won),PickUpYourBratsMalle,2018-W12-M05,Matt Ryan,QB,QB,True,False,False,26.22,25.68,,Matt Ryan,QB,"["""", ""Matt Ryan"", ""26.22"", ""25.68"", ""QB"", ""QB"", ""QB"", ""27.54"", ""25.80"", ""Cam Newton"", """"]",5,6,118.88,109.14
2018,12,1,0,right,PickUpYourBratsMalle,Week 12 Recap (Won),2018-W12-M05,Cam Newton,QB,QB,True,False,False,25.8,27.54,,Cam Newton,QB,"["""", ""Matt Ryan"", ""26.22"", ""25.68"", ""QB"", ""QB"", ""QB"", ""27.54"", ""25.80"", ""Cam Newton"", """"]",5,6,109.14,118.88
2018,12,1,1,left,Week 12 Recap (Won),PickUpYourBratsMalle,2018-W12-M05,Josh Gordon,WR,WR,True,False,False,9.03,7.0,,Josh Gordon,WR,"["""", ""Josh Gordon"", ""9.03"", ""7.00"", ""WR"", ""WR"", ""WR"", ""3.80"", ""16.24"", ""Michael Thomas"", """"]",5,6,118.88,109.14
2018,12,1,1,right,PickUpYourBratsMalle,Week 12 Recap (Won),2018-W12-M05,Michael Thomas,WR,WR,True,False,False,16.24,3.8,,Michael Thomas,WR,"["""", ""Josh Gordon"", ""9.03"", ""7.00"", ""WR"", ""WR"", ""WR"", ""3.80"", ""16.24"", ""Michael Thomas"", """"]",5,6,109.14,118.88
2018,12,1,2,left,Week 12 Recap (Won),PickUpYourBratsMalle,2018-W12-M05,Corey Davis,WR,WR,True,False,False,8.17,19.5,,Corey Davis,WR,"["""", ""Corey Davis"", ""8.17"", ""19.50"", ""WR"", ""WR"", ""WR"", ""7.40"", ""13.57"", ""DeAndre Hopkins"", """"]",5,6,118.88,109.14
2018,12,1,2,right,PickUpYourBratsMalle,Week 12 Recap (Won),2018-W12-M05,DeAndre Hopkins,WR,WR,True,False,False,13.57,7.4,,DeAndre Hopkins,WR,"["""", ""Corey Davis"", ""8.17"", ""19.50"", ""WR"", ""WR"", ""WR"", ""7.40"", ""13.57"", ""DeAndre Hopkins"", """"]",5,6,109.14,118.88
2018,12,1,3,left,Week 12 Recap (Won),PickUpYourBratsMalle,2018-W12-M05,Melvin Gordon III,RB,RB,True,False,False,16.11,18.6,,Melvin Gordon III,RB,"["""", ""Melvin Gordon III"", ""16.11"", ""18.60"", ""RB"", ""RB"", ""RB"", ""20.30"", ""18.14"", ""Ezekiel Elliott"", """"]",5,6,118.88,109.14
2018,12,1,3,right,PickUpYourBratsMalle,Week 12 Recap (Won),2018-W12-M05,Ezekiel Elliott,RB,RB,True,False,False,18.14,20.3,,Ezekiel Elliott,RB,"["""", ""Melvin Gordon III"", ""16.11"", ""18.60"", ""RB"", ""RB"", ""RB"", ""20.30"", ""18.14"", ""Ezekiel Elliott"", """"]",5,6,109.14,118.88
2018,12,1,4,left,Week 12 Recap (Won),PickUpYourBratsMalle,2018-W12-M05,James White,RB,RB,True,False,False,12.34,7.8,,James White,RB,"["""", ""James White"", ""12.34"", ""7.80"", ""RB"", ""RB"", ""RB"", ""6.60"", ""13.33"", ""Mark Ingram II"", """"]",5,6,118.88,109.14
2018,12,1,4,right,PickUpYourBratsMalle,Week 12 Recap (Won),2018-W12-M05,Mark Ingram II,RB,RB,True,False,False,13.33,6.6,,Mark Ingram II,RB,"["""", ""James White"", ""12.34"", ""7.80"", ""RB"", ""RB"", ""RB"", ""6.60"", ""13.33"", ""Mark Ingram II"", """"]",5,6,109.14,118.88
2018,12,1,5,left,Week 12 Recap (Won),PickUpYourBratsMalle,2018-W12-M05,C.J. Uzomah,TE,TE,True,False,False,5.27,3.9,,C.J. Uzomah,TE,"["""", ""C.J. Uzomah"", ""5.27"", ""3.90"", ""TE"", ""TE"", ""TE"", ""0.00"", ""6.12"", ""Evan Engram"", """"]",5,6,118.88,109.14
2018,12,1,5,right,PickUpYourBratsMalle,Week 12 Recap (Won),2018-W12-M05,Evan Engram,TE,TE,True,False,False,6.12,0.0,,Evan Engram,TE,"["""", ""C.J. Uzomah"", ""5.27"", ""3.90"", ""TE"", ""TE"", ""TE"", ""0.00"", ""6.12"", ""Evan Engram"", """"]",5,6,109.14,118.88
2018,12,1,6,left,Week 12 Recap (Won),PickUpYourBratsMalle,2018-W12-M05,Josh Adams,,W/R/T,True,False,False,10.63,16.4,,Josh Adams,W/R/T,"["""", ""Josh Adams"", ""10.63"", ""16.40"", ""W/R/T"", ""W/R/T"", ""W/R/T"", ""15.50"", ""13.65"", ""Joe Mixon"", """"]",5,6,118.88,109.14
2018,12,1,6,right,PickUpYourBratsMalle,Week 12 Recap (Won),2018-W12-M05,Joe Mixon,,W/R/T,True,False,False,13.65,15.5,,Joe Mixon,W/R/T,"["""", ""Josh Adams"", ""10.63"", ""16.40"", ""W/R/T"", ""W/R/T"", ""W/R/T"", ""15.50"", ""13.65"", ""Joe Mixon"", """"]",5,6,109.14,118.88
2018,12,1,7,left,Week 12 Recap (Won),PickUpYourBratsMalle,2018-W12-M05,Justin Tucker,K,K,True,False,False,11.59,11.0,,Justin Tucker,K,"["""", ""Justin Tucker"", ""11.59"", ""11.00"", ""K"", ""K"", ""K"", ""10.00"", ""10.78"", ""Adam Vinatieri"", """"]",5,6,118.88,109.14
2018,12,1,7,right,PickUpYourBratsMalle,Week 12 Recap (Won),2018-W12-M05,Adam Vinatieri,K,K,True,False,False,10.78,10.0,,Adam Vinatieri,K,"["""", ""Justin Tucker"", ""11.59"", ""11.00"", ""K"", ""K"", ""K"", ""10.00"", ""10.78"", ""Adam Vinatieri"", """"]",5,6,109.14,118.88
2018,12,1,8,left,Week 12 Recap (Won),PickUpYourBratsMalle,2018-W12-M05,Cowboys - DEF,DEF,DEF,True,False,False,8.75,9.0,,Cowboys - DEF,DEF,"["""", ""Cowboys - DEF"", ""8.75"", ""9.00"", ""DEF"", ""DEF"", ""DEF"", ""18.00"", ""9.45"", ""Ravens - DEF"", """"]",5,6,118.88,109.14
2018,12,1,8,right,PickUpYourBratsMalle,Week 12 Recap (Won),2018-W12-M05,Ravens - DEF,DEF,DEF,True,False,False,9.45,18.0,,Ravens - DEF,DEF,"["""", ""Cowboys - DEF"", ""8.75"", ""9.00"", ""DEF"", ""DEF"", ""DEF"", ""18.00"", ""9.45"", ""Ravens - DEF"", """"]",5,6,109.14,118.88
2018,12,2,0,left,Week 12 Recap (Won),PickUpYourBratsMalle,2018-W12-M05,Keke Coutee,,BN,False,True,False,7.3,1.4,,Keke Coutee,BN,"["""", ""Keke Coutee"", ""7.30"", ""1.40"", ""BN"", ""BN"", ""BN"", ""9.10"", ""3.04"", ""John Ross"", """"]",5,6,118.88,109.14
2018,12,2,0,right,PickUpYourBratsMalle,Week 12 Recap (Won),2018-W12-M05,John Ross,,BN,False,True,False,3.04,9.1,,John Ross,BN,"["""", ""Keke Coutee"", ""7.30"", ""1.40"", ""BN"", ""BN"", ""BN"", ""9.10"", ""3.04"", ""John Ross"", """"]",5,6,109.14,118.88
2018,12,2,1,left,Week 12 Recap (Won),PickUpYourBratsMalle,2018-W12-M05,LeSean McCoy,,BN,False,True,False,10.22,5.3,,LeSean McCoy,BN,"["""", ""LeSean McCoy"", ""10.22"", ""5.30"", ""BN"", ""BN"", ""BN"", ""0.00"", ""0.00"", ""Sammy Watkins"", """"]",5,6,118.88,109.14
2018,12,2,1,right,PickUpYourBratsMalle,Week 12 Recap (Won),2018-W12-M05,Sammy Watkins,,BN,False,True,False,0.0,0.0,,Sammy Watkins,BN,"["""", ""LeSean McCoy"", ""10.22"", ""5.30"", ""BN"", ""BN"", ""BN"", ""0.00"", ""0.00"", ""Sammy Watkins"", """"]",5,6,109.14,118.88
2018,12,2,2,left,Week 12 Recap (Won),PickUpYourBratsMalle,2018-W12-M05,Christian Kirk,,BN,False,True,False,6.56,4.1,,Christian Kirk,BN,"["""", ""Christian Kirk"", ""6.56"", ""4.10"", ""BN"", ""BN"", ""BN"", ""26.88"", ""24.68"", ""Jameis Winston"", """"]",5,6,118.88,109.14
2018,12,2,2,right,PickUpYourBratsMalle,Week 12 Recap (Won),2018-W12-M05,Jameis Winston,,BN,False,True,False,24.68,26.88,,Jameis Winston,BN,"["""", ""Christian Kirk"", ""6.56"", ""4.10"", ""BN"", ""BN"", ""BN"", ""26.88"", ""24.68"", ""Jameis Winston"", """"]",5,6,109.14,118.88
2018,12,2,3,left,Week 12 Recap (Won),PickUpYourBratsMalle,2018-W12-M05,Austin Ekeler,,BN,False,True,False,8.55,16.3,,Austin Ekeler,BN,"["""", ""Austin Ekeler"", ""8.55"", ""16.30"", ""BN"", ""BN"", ""BN"", ""6.30"", ""5.00"", ""Kyle Rudolph"", """"]",5,6,118.88,109.14
2018,12,2,3,right,PickUpYourBratsMalle,Week 12 Recap (Won),2018-W12-M05,Kyle Rudolph,,BN,False,True,False,5.0,6.3,,Kyle Rudolph,BN,"["""", ""Austin Ekeler"", ""8.55"", ""16.30"", ""BN"", ""BN"", ""BN"", ""6.30"", ""5.00"", ""Kyle Rudolph"", """"]",5,6,109.14,118.88
2018,12,2,4,left,Week 12 Recap (Won),PickUpYourBratsMalle,2018-W12-M05,Titans - DEF,,BN,False,True,False,6.31,3.0,,Titans - DEF,BN,"["""", ""Titans - DEF"", ""6.31"", ""3.00"", ""BN"", ""BN"", ""BN"", ""2.20"", ""5.98"", ""Giovani Bernard"", """"]",5,6,118.88,109.14
2018,12,2,4,right,PickUpYourBratsMalle,Week 12 Recap (Won),2018-W12-M05,Giovani Bernard,,BN,False,True,False,5.98,2.2,,Giovani Bernard,BN,"["""", ""Titans - DEF"", ""6.31"", ""3.00"", ""BN"", ""BN"", ""BN"", ""2.20"", ""5.98"", ""Giovani Bernard"", """"]",5,6,109.14,118.88
2018,12,2,5,left,Week 12 Recap (Won),PickUpYourBratsMalle,2018-W12-M05,(Empty),,BN,False,True,False,0.0,,,(Empty),BN,"["""", ""(Empty)"", ""0.00"", ""–"", ""BN"", ""BN"", ""BN"", ""6.00"", ""8.03"", ""Dan Bailey"", """"]",5,6,118.88,109.14
2018,12,2,5,right,PickUpYourBratsMalle,Week 12 Recap (Won),2018-W12-M05,Dan Bailey,,BN,False,True,False,8.03,6.0,,Dan Bailey,BN,"["""", ""(Empty)"", ""0.00"", ""–"", ""BN"", ""BN"", ""BN"", ""6.00"", ""8.03"", ""Dan Bailey"", """"]",5,6,109.14,118.88
2018,12,2,6,left,Week 12 Recap (Won),PickUpYourBratsMalle,2018-W12-M05,Rex Burkhead,,IR,False,False,True,0.0,0.0,,Rex Burkhead,IR,"["""", ""Rex Burkhead"", ""0.00"", ""0.00"", ""IR"", ""IR"", ""IR"", ""0.00"", ""0.00"", ""Devonta Freeman"", """"]",5,6,118.88,109.14
2018,12,2,6,right,PickUpYourBratsMalle,Week 12 Recap (Won),2018-W12-M05,Devonta Freeman,,IR,False,False,True,0.0,0.0,,Devonta Freeman,IR,"["""", ""Rex Burkhead"", ""0.00"", ""0.00"", ""IR"", ""IR"", ""IR"", ""0.00"", ""0.00"", ""Devonta Freeman"", """"]",5,6,109.14,118.88
2018,12,1,0,left,malle_dips_pouches,Pop Lockett Drop it,2018-W12-M06,Kirk Cousins,QB,QB,True,False,False,24.84,33.38,,Kirk Cousins,QB,"["""", ""Kirk Cousins"", ""24.84"", ""33.38"", ""QB"", ""QB"", ""QB"", ""33.92"", ""23.13"", ""Baker Mayfield"", """"]",6,7,107.28,153.22
2018,12,1,0,right,Pop Lockett Drop it,malle_dips_pouches,2018-W12-M06,Baker Mayfield,QB,QB,True,False,False,23.13,33.92,,Baker Mayfield,QB,"["""", ""Kirk Cousins"", ""24.84"", ""33.38"", ""QB"", ""QB"", ""QB"", ""33.92"", ""23.13"", ""Baker Mayfield"", """"]",6,7,153.22,107.28
2018,12,1,1,left,malle_dips_pouches,Pop Lockett Drop it,2018-W12-M06,Odell Beckham Jr.,WR,WR,True,False,False,13.83,8.5,,Odell Beckham Jr.,WR,"["""", ""Odell Beckham Jr."", ""13.83"", ""8.50"", ""WR"", ""WR"", ""WR"", ""12.90"", ""12.18"", ""Davante Adams"", """"]",6,7,107.28,153.22
2018,12,1,1,right,Pop Lockett Drop it,malle_dips_pouches,2018-W12-M06,Davante Adams,WR,WR,True,False,False,12.18,12.9,,Davante Adams,WR,"["""", ""Odell Beckham Jr."", ""13.83"", ""8.50"", ""WR"", ""WR"", ""WR"", ""12.90"", ""12.18"", ""Davante Adams"", """"]",6,7,153.22,107.28
2018,12,1,2,left,malle_dips_pouches,Pop Lockett Drop it,2018-W12-M06,Adam Thielen,WR,WR,True,False,False,13.03,18.5,,Adam Thielen,WR,"["""", ""Adam Thielen"", ""13.03"", ""18.50"", ""WR"", ""WR"", ""WR"", ""12.50"", ""11.33"", ""T.Y. Hilton"", """"]",6,7,107.28,153.22
2018,12,1,2,right,Pop Lockett Drop it,malle_dips_pouches,2018-W12-M06,T.Y. Hilton,WR,WR,True,False,False,11.33,12.5,,T.Y. Hilton,WR,"["""", ""Adam Thielen"", ""13.03"", ""18.50"", ""WR"", ""WR"", ""WR"", ""12.50"", ""11.33"", ""T.Y. Hilton"", """"]",6,7,153.22,107.28
2018,12,1,3,left,malle_dips_pouches,Pop Lockett Drop it,2018-W12-M06,Adrian Peterson,RB,RB,True,False,False,11.02,4.4,,Adrian Peterson,RB,"["""", ""Adrian Peterson"", ""11.02"", ""4.40"", ""RB"", ""RB"", ""RB"", ""22.80"", ""13.81"", ""Leonard Fournette"", """"]",6,7,107.28,153.22
2018,12,1,3,right,Pop Lockett Drop it,malle_dips_pouches,2018-W12-M06,Leonard Fournette,RB,RB,True,False,False,13.81,22.8,,Leonard Fournette,RB,"["""", ""Adrian Peterson"", ""11.02"", ""4.40"", ""RB"", ""RB"", ""RB"", ""22.80"", ""13.81"", ""Leonard Fournette"", """"]",6,7,153.22,107.28
2018,12,1,4,left,malle_dips_pouches,Pop Lockett Drop it,2018-W12-M06,Theo Riddick,RB,RB,True,False,False,9.01,6.0,,Theo Riddick,RB,"["""", ""Theo Riddick"", ""9.01"", ""6.00"", ""RB"", ""RB"", ""RB"", ""24.80"", ""14.10"", ""Nick Chubb"", """"]",6,7,107.28,153.22
2018,12,1,4,right,Pop Lockett Drop it,malle_dips_pouches,2018-W12-M06,Nick Chubb,RB,RB,True,False,False,14.1,24.8,,Nick Chubb,RB,"["""", ""Theo Riddick"", ""9.01"", ""6.00"", ""RB"", ""RB"", ""RB"", ""24.80"", ""14.10"", ""Nick Chubb"", """"]",6,7,153.22,107.28
2018,12,1,5,left,malle_dips_pouches,Pop Lockett Drop it,2018-W12-M06,Zach Ertz,TE,TE,True,False,False,10.28,15.1,,Zach Ertz,TE,"["""", ""Zach Ertz"", ""10.28"", ""15.10"", ""TE"", ""TE"", ""TE"", ""7.60"", ""6.64"", ""Jack Doyle"", """"]",6,7,107.28,153.22
2018,12,1,5,right,Pop Lockett Drop it,malle_dips_pouches,2018-W12-M06,Jack Doyle,TE,TE,True,False,False,6.64,7.6,,Jack Doyle,TE,"["""", ""Zach Ertz"", ""10.28"", ""15.10"", ""TE"", ""TE"", ""TE"", ""7.60"", ""6.64"", ""Jack Doyle"", """"]",6,7,153.22,107.28
2018,12,1,6,left,malle_dips_pouches,Pop Lockett Drop it,2018-W12-M06,Courtland Sutton,,W/R/T,True,False,False,7.48,1.4,,Courtland Sutton,W/R/T,"["""", ""Courtland Sutton"", ""7.48"", ""1.40"", ""W/R/T"", ""W/R/T"", ""W/R/T"", ""22.70"", ""11.10"", ""Lamar Miller"", """"]",6,7,107.28,153.22
2018,12,1,6,right,Pop Lockett Drop it,malle_dips_pouches,2018-W12-M06,Lamar Miller,,W/R/T,True,False,False,11.1,22.7,,Lamar Miller,W/R/T,"["""", ""Courtland Sutton"", ""7.48"", ""1.40"", ""W/R/T"", ""W/R/T"", ""W/R/T"", ""22.70"", ""11.10"", ""Lamar Miller"", """"]",6,7,153.22,107.28
2018,12,1,7,left,malle_dips_pouches,Pop Lockett Drop it,2018-W12-M06,Jake Elliott,K,K,True,False,False,10.1,11.0,,Jake Elliott,K,"["""", ""Jake Elliott"", ""10.10"", ""11.00"", ""K"", ""K"", ""K"", ""9.00"", ""8.97"", ""Graham Gano"", """"]",6,7,107.28,153.22
2018,12,1,7,right,Pop Lockett Drop it,malle_dips_pouches,2018-W12-M06,Graham Gano,K,K,True,False,False,8.97,9.0,,Graham Gano,K,"["""", ""Jake Elliott"", ""10.10"", ""11.00"", ""K"", ""K"", ""K"", ""9.00"", ""8.97"", ""Graham Gano"", """"]",6,7,153.22,107.28
2018,12,1,8,left,malle_dips_pouches,Pop Lockett Drop it,2018-W12-M06,Texans - DEF,DEF,DEF,True,False,False,8.39,9.0,,Texans - DEF,DEF,"["""", ""Texans - DEF"", ""8.39"", ""9.00"", ""DEF"", ""DEF"", ""DEF"", ""7.00"", ""8.28"", ""Bills - DEF"", """"]",6,7,107.28,153.22
2018,12,1,8,right,Pop Lockett Drop it,malle_dips_pouches,2018-W12-M06,Bills - DEF,DEF,DEF,True,False,False,8.28,7.0,,Bills - DEF,DEF,"["""", ""Texans - DEF"", ""8.39"", ""9.00"", ""DEF"", ""DEF"", ""DEF"", ""7.00"", ""8.28"", ""Bills - DEF"", """"]",6,7,153.22,107.28
2018,12,2,0,left,malle_dips_pouches,Pop Lockett Drop it,2018-W12-M06,Marquise Goodwin,,BN,False,True,False,0.0,0.0,,Marquise Goodwin,BN,"["""", ""Marquise Goodwin"", ""0.00"", ""0.00"", ""BN"", ""BN"", ""BN"", ""0.00"", ""0.00"", ""Jared Goff"", """"]",6,7,107.28,153.22
2018,12,2,0,right,Pop Lockett Drop it,malle_dips_pouches,2018-W12-M06,Jared Goff,,BN,False,True,False,0.0,0.0,,Jared Goff,BN,"["""", ""Marquise Goodwin"", ""0.00"", ""0.00"", ""BN"", ""BN"", ""BN"", ""0.00"", ""0.00"", ""Jared Goff"", """"]",6,7,153.22,107.28
2018,12,2,1,left,malle_dips_pouches,Pop Lockett Drop it,2018-W12-M06,Golden Tate,,BN,False,True,False,6.91,3.0,,Golden Tate,BN,"["""", ""Golden Tate"", ""6.91"", ""3.00"", ""BN"", ""BN"", ""BN"", ""4.10"", ""11.20"", ""Dion Lewis"", """"]",6,7,107.28,153.22
2018,12,2,1,right,Pop Lockett Drop it,malle_dips_pouches,2018-W12-M06,Dion Lewis,,BN,False,True,False,11.2,4.1,,Dion Lewis,BN,"["""", ""Golden Tate"", ""6.91"", ""3.00"", ""BN"", ""BN"", ""BN"", ""4.10"", ""11.20"", ""Dion Lewis"", """"]",6,7,153.22,107.28
2018,12,2,2,left,malle_dips_pouches,Pop Lockett Drop it,2018-W12-M06,Kareem Hunt,,BN,False,True,False,0.0,,,Kareem Hunt,BN,"["""", ""Kareem Hunt"", ""0.00"", ""–"", ""BN"", ""BN"", ""BN"", ""30.00"", ""7.80"", ""Amari Cooper"", """"]",6,7,107.28,153.22
2018,12,2,2,right,Pop Lockett Drop it,malle_dips_pouches,2018-W12-M06,Amari Cooper,,BN,False,True,False,7.8,30.0,,Amari Cooper,BN,"["""", ""Kareem Hunt"", ""0.00"", ""–"", ""BN"", ""BN"", ""BN"", ""30.00"", ""7.80"", ""Amari Cooper"", """"]",6,7,153.22,107.28
2018,12,2,3,left,malle_dips_pouches,Pop Lockett Drop it,2018-W12-M06,Jimmy Graham,,BN,False,True,False,5.97,3.4,,Jimmy Graham,BN,"["""", ""Jimmy Graham"", ""5.97"", ""3.40"", ""BN"", ""BN"", ""BN"", ""8.10"", ""6.33"", ""Michael Crabtree"", """"]",6,7,107.28,153.22
2018,12,2,3,right,Pop Lockett Drop it,malle_dips_pouches,2018-W12-M06,Michael Crabtree,,BN,False,True,False,6.33,8.1,,Michael Crabtree,BN,"["""", ""Jimmy Graham"", ""5.97"", ""3.40"", ""BN"", ""BN"", ""BN"", ""8.10"", ""6.33"", ""Michael Crabtree"", """"]",6,7,153.22,107.28
2018,12,2,4,left,malle_dips_pouches,Pop Lockett Drop it,2018-W12-M06,Nelson Agholor,,BN,False,True,False,3.98,1.2,,Nelson Agholor,BN,"["""", ""Nelson Agholor"", ""3.98"", ""1.20"", ""BN"", ""BN"", ""BN"", ""14.70"", ""6.82"", ""Dede Westbrook"", """"]",6,7,107.28,153.22
2018,12,2,4,right,Pop Lockett Drop it,malle_dips_pouches,2018-W12-M06,Dede Westbrook,,BN,False,True,False,6.82,14.7,,Dede Westbrook,BN,"["""", ""Nelson Agholor"", ""3.98"", ""1.20"", ""BN"", ""BN"", ""BN"", ""14.70"", ""6.82"", ""Dede Westbrook"", """"]",6,7,153.22,107.28
2018,12,2,5,left,malle_dips_pouches,Pop Lockett Drop it,2018-W12-M06,Jeff Heuerman,,BN,False,True,False,5.17,4.4,,Jeff Heuerman,BN,"["""", ""Jeff Heuerman"", ""5.17"", ""4.40"", ""BN"", ""BN"", ""BN"", ""–"", ""0.00"", ""Rams - DEF"", """"]",6,7,107.28,153.22
2018,12,2,5,right,Pop Lockett Drop it,malle_dips_pouches,2018-W12-M06,Rams - DEF,,BN,False,True,False,0.0,,,Rams - DEF,BN,"["""", ""Jeff Heuerman"", ""5.17"", ""4.40"", ""BN"", ""BN"", ""BN"", ""–"", ""0.00"", ""Rams - DEF"", """"]",6,7,153.22,107.28
2018,12,2,6,left,malle_dips_pouches,Pop Lockett Drop it,2018-W12-M06,(Empty),,IR,False,False,True,0.0,,,(Empty),IR,"["""", ""(Empty)"", ""0.00"", ""–"", ""IR"", ""IR"", ""IR"", ""0.00"", ""0.00"", ""Cooper Kupp"", """"]",6,7,107.28,153.22
2018,12,2,6,right,Pop Lockett Drop it,malle_dips_pouches,2018-W12-M06,Cooper Kupp,,IR,False,False,True,0.0,0.0,,Cooper Kupp,IR,"["""", ""(Empty)"", ""0.00"", ""–"", ""IR"", ""IR"", ""IR"", ""0.00"", ""0.00"", ""Cooper Kupp"", """"]",6,7,153.22,107.28
2018,12,1,0,left,Week 12 Recap (Lost),Post Mahomes,2018-W12-M07,Cam Newton,QB,QB,True,False,False,25.8,27.54,,Cam Newton,QB,"["""", ""Cam Newton"", ""25.80"", ""27.54"", ""QB"", ""QB"", ""QB"", ""25.68"", ""26.22"", ""Matt Ryan"", """"]",7,8,109.14,118.88
2018,12,1,0,right,Post Mahomes,Week 12 Recap (Lost),2018-W12-M07,Matt Ryan,QB,QB,True,False,False,26.22,25.68,,Matt Ryan,QB,"["""", ""Cam Newton"", ""25.80"", ""27.54"", ""QB"", ""QB"", ""QB"", ""25.68"", ""26.22"", ""Matt Ryan"", """"]",7,8,118.88,109.14
2018,12,1,1,left,Week 12 Recap (Lost),Post Mahomes,2018-W12-M07,Michael Thomas,WR,WR,True,False,False,16.24,3.8,,Michael Thomas,WR,"["""", ""Michael Thomas"", ""16.24"", ""3.80"", ""WR"", ""WR"", ""WR"", ""7.00"", ""9.03"", ""Josh Gordon"", """"]",7,8,109.14,118.88
2018,12,1,1,right,Post Mahomes,Week 12 Recap (Lost),2018-W12-M07,Josh Gordon,WR,WR,True,False,False,9.03,7.0,,Josh Gordon,WR,"["""", ""Michael Thomas"", ""16.24"", ""3.80"", ""WR"", ""WR"", ""WR"", ""7.00"", ""9.03"", ""Josh Gordon"", """"]",7,8,118.88,109.14
2018,12,1,2,left,Week 12 Recap (Lost),Post Mahomes,2018-W12-M07,DeAndre Hopkins,WR,WR,True,False,False,13.57,7.4,,DeAndre Hopkins,WR,"["""", ""DeAndre Hopkins"", ""13.57"", ""7.40"", ""WR"", ""WR"", ""WR"", ""19.50"", ""8.17"", ""Corey Davis"", """"]",7,8,109.14,118.88
2018,12,1,2,right,Post Mahomes,Week 12 Recap (Lost),2018-W12-M07,Corey Davis,WR,WR,True,False,False,8.17,19.5,,Corey Davis,WR,"["""", ""DeAndre Hopkins"", ""13.57"", ""7.40"", ""WR"", ""WR"", ""WR"", ""19.50"", ""8.17"", ""Corey Davis"", """"]",7,8,118.88,109.14
2018,12,1,3,left,Week 12 Recap (Lost),Post Mahomes,2018-W12-M07,Ezekiel Elliott,RB,RB,True,False,False,18.14,20.3,,Ezekiel Elliott,RB,"["""", ""Ezekiel Elliott"", ""18.14"", ""20.30"", ""RB"", ""RB"", ""RB"", ""18.60"", ""16.11"", ""Melvin Gordon III"", """"]",7,8,109.14,118.88
2018,12,1,3,right,Post Mahomes,Week 12 Recap (Lost),2018-W12-M07,Melvin Gordon III,RB,RB,True,False,False,16.11,18.6,,Melvin Gordon III,RB,"["""", ""Ezekiel Elliott"", ""18.14"", ""20.30"", ""RB"", ""RB"", ""RB"", ""18.60"", ""16.11"", ""Melvin Gordon III"", """"]",7,8,118.88,109.14
2018,12,1,4,left,Week 12 Recap (Lost),Post Mahomes,2018-W12-M07,Mark Ingram II,RB,RB,True,False,False,13.33,6.6,,Mark Ingram II,RB,"["""", ""Mark Ingram II"", ""13.33"", ""6.60"", ""RB"", ""RB"", ""RB"", ""7.80"", ""12.34"", ""James White"", """"]",7,8,109.14,118.88
2018,12,1,4,right,Post Mahomes,Week 12 Recap (Lost),2018-W12-M07,James White,RB,RB,True,False,False,12.34,7.8,,James White,RB,"["""", ""Mark Ingram II"", ""13.33"", ""6.60"", ""RB"", ""RB"", ""RB"", ""7.80"", ""12.34"", ""James White"", """"]",7,8,118.88,109.14
2018,12,1,5,left,Week 12 Recap (Lost),Post Mahomes,2018-W12-M07,Evan Engram,TE,TE,True,False,False,6.12,0.0,,Evan Engram,TE,"["""", ""Evan Engram"", ""6.12"", ""0.00"", ""TE"", ""TE"", ""TE"", ""3.90"", ""5.27"", ""C.J. Uzomah"", """"]",7,8,109.14,118.88
2018,12,1,5,right,Post Mahomes,Week 12 Recap (Lost),2018-W12-M07,C.J. Uzomah,TE,TE,True,False,False,5.27,3.9,,C.J. Uzomah,TE,"["""", ""Evan Engram"", ""6.12"", ""0.00"", ""TE"", ""TE"", ""TE"", ""3.90"", ""5.27"", ""C.J. Uzomah"", """"]",7,8,118.88,109.14
2018,12,1,6,left,Week 12 Recap (Lost),Post Mahomes,2018-W12-M07,Joe Mixon,,W/R/T,True,False,False,13.65,15.5,,Joe Mixon,W/R/T,"["""", ""Joe Mixon"", ""13.65"", ""15.50"", ""W/R/T"", ""W/R/T"", ""W/R/T"", ""16.40"", ""10.63"", ""Josh Adams"", """"]",7,8,109.14,118.88
2018,12,1,6,right,Post Mahomes,Week 12 Recap (Lost),2018-W12-M07,Josh Adams,,W/R/T,True,False,False,10.63,16.4,,Josh Adams,W/R/T,"["""", ""Joe Mixon"", ""13.65"", ""15.50"", ""W/R/T"", ""W/R/T"", ""W/R/T"", ""16.40"", ""10.63"", ""Josh Adams"", """"]",7,8,118.88,109.14
2018,12,1,7,left,Week 12 Recap (Lost),Post Mahomes,2018-W12-M07,Adam Vinatieri,K,K,True,False,False,10.78,10.0,,Adam Vinatieri,K,"["""", ""Adam Vinatieri"", ""10.78"", ""10.00"", ""K"", ""K"", ""K"", ""11.00"", ""11.59"", ""Justin Tucker"", """"]",7,8,109.14,118.88
2018,12,1,7,right,Post Mahomes,Week 12 Recap (Lost),2018-W12-M07,Justin Tucker,K,K,True,False,False,11.59,11.0,,Justin Tucker,K,"["""", ""Adam Vinatieri"", ""10.78"", ""10.00"", ""K"", ""K"", ""K"", ""11.00"", ""11.59"", ""Justin Tucker"", """"]",7,8,118.88,109.14
2018,12,1,8,left,Week 12 Recap (Lost),Post Mahomes,2018-W12-M07,Ravens - DEF,DEF,DEF,True,False,False,9.45,18.0,,Ravens - DEF,DEF,"["""", ""Ravens - DEF"", ""9.45"", ""18.00"", ""DEF"", ""DEF"", ""DEF"", ""9.00"", ""8.75"", ""Cowboys - DEF"", """"]",7,8,109.14,118.88
2018,12,1,8,right,Post Mahomes,Week 12 Recap (Lost),2018-W12-M07,Cowboys - DEF,DEF,DEF,True,False,False,8.75,9.0,,Cowboys - DEF,DEF,"["""", ""Ravens - DEF"", ""9.45"", ""18.00"", ""DEF"", ""DEF"", ""DEF"", ""9.00"", ""8.75"", ""Cowboys - DEF"", """"]",7,8,118.88,109.14
2018,12,2,0,left,Week 12 Recap (Lost),Post Mahomes,2018-W12-M07,John Ross,,BN,False,True,False,3.04,9.1,,John Ross,BN,"["""", ""John Ross"", ""3.04"", ""9.10"", ""BN"", ""BN"", ""BN"", ""1.40"", ""7.30"", ""Keke Coutee"", """"]",7,8,109.14,118.88
2018,12,2,0,right,Post Mahomes,Week 12 Recap (Lost),2018-W12-M07,Keke Coutee,,BN,False,True,False,7.3,1.4,,Keke Coutee,BN,"["""", ""John Ross"", ""3.04"", ""9.10"", ""BN"", ""BN"", ""BN"", ""1.40"", ""7.30"", ""Keke Coutee"", """"]",7,8,118.88,109.14
2018,12,2,1,left,Week 12 Recap (Lost),Post Mahomes,2018-W12-M07,Sammy Watkins,,BN,False,True,False,0.0,0.0,,Sammy Watkins,BN,"["""", ""Sammy Watkins"", ""0.00"", ""0.00"", ""BN"", ""BN"", ""BN"", ""5.30"", ""10.22"", ""LeSean McCoy"", """"]",7,8,109.14,118.88
2018,12,2,1,right,Post Mahomes,Week 12 Recap (Lost),2018-W12-M07,LeSean McCoy,,BN,False,True,False,10.22,5.3,,LeSean McCoy,BN,"["""", ""Sammy Watkins"", ""0.00"", ""0.00"", ""BN"", ""BN"", ""BN"", ""5.30"", ""10.22"", ""LeSean McCoy"", """"]",7,8,118.88,109.14
2018,12,2,2,left,Week 12 Recap (Lost),Post Mahomes,2018-W12-M07,Jameis Winston,,BN,False,True,False,24.68,26.88,,Jameis Winston,BN,"["""", ""Jameis Winston"", ""24.68"", ""26.88"", ""BN"", ""BN"", ""BN"", ""4.10"", ""6.56"", ""Christian Kirk"", """"]",7,8,109.14,118.88
2018,12,2,2,right,Post Mahomes,Week 12 Recap (Lost),2018-W12-M07,Christian Kirk,,BN,False,True,False,6.56,4.1,,Christian Kirk,BN,"["""", ""Jameis Winston"", ""24.68"", ""26.88"", ""BN"", ""BN"", ""BN"", ""4.10"", ""6.56"", ""Christian Kirk"", """"]",7,8,118.88,109.14
2018,12,2,3,left,Week 12 Recap (Lost),Post Mahomes,2018-W12-M07,Kyle Rudolph,,BN,False,True,False,5.0,6.3,,Kyle Rudolph,BN,"["""", ""Kyle Rudolph"", ""5.00"", ""6.30"", ""BN"", ""BN"", ""BN"", ""16.30"", ""8.55"", ""Austin Ekeler"", """"]",7,8,109.14,118.88
2018,12,2,3,right,Post Mahomes,Week 12 Recap (Lost),2018-W12-M07,Austin Ekeler,,BN,False,True,False,8.55,16.3,,Austin Ekeler,BN,"["""", ""Kyle Rudolph"", ""5.00"", ""6.30"", ""BN"", ""BN"", ""BN"", ""16.30"", ""8.55"", ""Austin Ekeler"", """"]",7,8,118.88,109.14
2018,12,2,4,left,Week 12 Recap (Lost),Post Mahomes,2018-W12-M07,Giovani Bernard,,BN,False,True,False,5.98,2.2,,Giovani Bernard,BN,"["""", ""Giovani Bernard"", ""5.98"", ""2.20"", ""BN"", ""BN"", ""BN"", ""3.00"", ""6.31"", ""Titans - DEF"", """"]",7,8,109.14,118.88
2018,12,2,4,right,Post Mahomes,Week 12 Recap (Lost),2018-W12-M07,Titans - DEF,,BN,False,True,False,6.31,3.0,,Titans - DEF,BN,"["""", ""Giovani Bernard"", ""5.98"", ""2.20"", ""BN"", ""BN"", ""BN"", ""3.00"", ""6.31"", ""Titans - DEF"", """"]",7,8,118.88,109.14
2018,12,2,5,left,Week 12 Recap (Lost),Post Mahomes,2018-W12-M07,Dan Bailey,,BN,False,True,False,8.03,6.0,,Dan Bailey,BN,"["""", ""Dan Bailey"", ""8.03"", ""6.00"", ""BN"", ""BN"", ""BN"", ""–"", ""0.00"", ""(Empty)"", """"]",7,8,109.14,118.88
2018,12,2,5,right,Post Mahomes,Week 12 Recap (Lost),2018-W12-M07,(Empty),,BN,False,True,False,0.0,,,(Empty),BN,"["""", ""Dan Bailey"", ""8.03"", ""6.00"", ""BN"", ""BN"", ""BN"", ""–"", ""0.00"", ""(Empty)"", """"]",7,8,118.88,109.14
2018,12,2,6,left,Week 12 Recap (Lost),Post Mahomes,2018-W12-M07,Devonta Freeman,,IR,False,False,True,0.0,0.0,,Devonta Freeman,IR,"["""", ""Devonta Freeman"", ""0.00"", ""0.00"", ""IR"", ""IR"", ""IR"", ""0.00"", ""0.00"", ""Rex Burkhead"", """"]",7,8,109.14,118.88
2018,12,2,6,right,Post Mahomes,Week 12 Recap (Lost),2018-W12-M07,Rex Burkhead,,IR,False,False,True,0.0,0.0,,Rex Burkhead,IR,"["""", ""Devonta Freeman"", ""0.00"", ""0.00"", ""IR"", ""IR"", ""IR"", ""0.00"", ""0.00"", ""Rex Burkhead"", """"]",7,8,118.88,109.14
